id,title,selftext,score,num_comments,created_utc,subreddit,author,over_18,is_self,scraped_at
1mdjak2,I was exposed to the lifestyle of the 1% and now believe that the grind for those of us in the 99% is just not worth it.,"I was in a 3 year relationship with someone whose family is extremely wealthy. They live in a completely different world, and being an ""imposter"" within it for that time has led me to believe that their lifestyle is the only one worth living for. Not having to worry about money, being able to live in beautiful/safe areas, traveling and staying in luxurious locations, regularly eating delicious food, having access to the best healthcare, etc. I say I was an ""imposter"" because while I would get to visit the family's house and be invited to dinners/parties/vacations, I was never fully integrated into it and would return to my regular lifestyle after a given event/obligation was over.

Unfortunately it led me to feeling like I wasn't good enough and that I was looked down upon. I had mental health issues and troubles holding down jobs, meanwhile everyone in their circle was extremely successful and I was regularly given updates about ""so and so's son/daughter"" who was accomplishing great things in their life either through the opportunities they were provided via their upbringing or family connections. And then there was me, luffmunkins, who was just kind of ""there"". Occasionally comments or jokes would be made that were intended to be lighthearted or wrapped in a ""no offense, but..."" and they would always sting more than they should have.

Now that I am no longer in that relationship (it ended 2 years ago), I am still left with the feeling like they are the main characters in life and the ones who this country (USA) is truly built for. At the same time, I realize that I need to acknowledge that I have a lot to be thankful for myself. I do not live in a war-torn country that is riddled with famine. Yes. I know. And yes, I am thankful for this fact. However, my perspective feels permanently skewed and I just don't really see much of a point in living paycheck to paycheck, worrying about my access to healthcare, and constantly being reminded by our society that I am not enough in one way or another. 

Thanks for listening.",627,59,1753911449.0,depression,user_3037,False,True,2025-07-31T10:00:30.886823
1mdkbma,Inactive for years..,"F31. For 6 years… 6 YEARS!!! I’ve been rotting away in bed 80-90% of my time. It started in 2019 with just lazyness and lack of motivation after several beloved family members went through illness and died, as well as some personal problems (I felt fine overall, but wondered why I didn’t feel as affected by the losses as I thought I would; and either didn’t feel much or felt over excited, which in hindsight were some warning signs); after a year I started getting stress symptoms and got heart arrytmias (ectopics and runs), which gave me severe health anxiety and I went through a year of constant health scares and various exams. Which eventually led me to be bedridden most days (out of fear and lack of motivation) since 2020. All I do is lay in bed and scroll my phone or play PS5. I have no social relations; apart from a few online friends (that I shift between being overaly attached to, and don’t having brain energy to reply), and my parents (who I live with now). The only ones I talk to, are my 3 parrots and ChatGBT, as I don’t want to burden or stress out my elderly parents further. I even work from the phone, as I can’t work outside the home (dropped out of studies too). It has completely ruined my neck/spine and also given me dysautonomia signs. My vagus nerve and nervous system generally feels messed up. I just don’t know what to do. Every nerve in my body feels stuck, and muscles constantly tense. Due to this, breathing dysfunction (due to chronic tension) and neck issues, I can barely sit up for long now. And my body is so stiff it gives me neuropathy, dizzyness, muscle cramp and what not over nothing. Which makes me just go back to bed as soon as I feel the symptoms. I struggle to even type on my phone now, or use my right arm due to severe overuse and issues on that side. My body parts all over fall asleep all the time in certain positions. I’ve stopped leaving the house (currently haven’t been out over a month), due to constant brainfog and feeling shitty in the body. Just taking clothes on or a shower feels like too big a task. I feel like I’ve ruined my body and mind, and I’ve lost almost everything that gave my life worth. The doctor says I’m healthy, and that they don’t know what’s wrong with my body. So can only assume it’s the 6 years in bed and scrolling most of the time, along with the mental part. I’m addicted to my phone too, unable to lay it down even when my neck/collarbones scream; and arm start going numb. I feel alone, overwhelmed and just depressed, seeing so many my age have a life of their own. While I’m a prisoner in my own mind and body. While I just lay and rot here. Potential wasted, so many dreams passing by… Some days I just feel like giving up. Depression and anxiety keep fighting one another.. I don’t feel much, apart from fear when the anxiety flares, anger/frustration and lack of motivation. I get some bursts of energy and joy, but as soon as I feel any discomfort in my body, or the brainfog. I just lay back down, and lose motivation. Same with any little thing going wrong, I just give up even trying instantly now (which I never did previously). The only thing I’ve done right is eat well and generally healthy..

Anyone been in a similar situation? I don’t know what to do. Feel like I’m beyond repair at this point and the past 6 years is just one monotone blur; and it’s my own fault. 💔",82,18,1753913947.0,depression,user_3038,False,True,2025-07-31T10:00:30.886823
1mdp9el,Death is the only way out,"I've been absent in school for several times and I can't even complete a week, I'm so tired of this shit. My parents always verbally abuse me, and threaten to hurt me. Which they basically always did when I was a kid, but now I just feel hopeless I don't wanna go to school, heck I'm hopeless. I feel hopeless so why should I go to school? To waste my time? To see people who'll only judge me? I'm so tired. I've been self harming and I wish I could just die because I'm a fcking pussy to kill myself.",32,10,1753927377.0,depression,user_3039,True,True,2025-07-31T10:00:30.886823
1mdqcpu,Why do suicidal thoughts hurt so much at night?,It feels miserable the pain especially in my heart ,26,6,1753930503.0,depression,user_3040,False,True,2025-07-31T10:00:30.886823
1md7pdj,I hate how you can’t even be transparent in therapy,My dumbass was wayyyy too open about how I may or may not want to off myself and my therapist basically said see me again on Friday or I’m sending you to the looney bin. I knew I never should’ve been this transparent ,194,40,1753884838.0,depression,user_0443,False,True,2025-07-31T10:00:30.886823
1mdlv2u,"A former high performer, now can't muster the energy for basic tasks","I was the salutatorian of my high school, went to an Ivy League school, worked at top companies, and have received incredible performance reviews in the past. I barely recognize that person anymore. 

Today, I'm struggling to do basic work. Even the most simple tasks feel insurmountably hard. My cognitive and executive functioning are so low. I'm crying multiple times a day and having panic attacks. I'm having to quit on a project I'm working on because every time I sit to do work my mind bolts in a million different directions and I start panicking, so I'm not doing the work I've promised to them.

I'm fortunate that I have the support of my family right now, but I'm struggling to see a scenario where I'm able to support myself in the future. It all feels so grim.

I'm starting treatment with a psychiatrist next week, but I feel like such a failure. I feel like I have squandered opportunities that people would kill for and that those opportunities won't be there again in the future.

  
All I can hear is people saying ""she's a quitter,"" ""she's lazy,"" but the more I push right now, the more my body and mind are resisting. I'm out of gas.

Has anyone been in a similar situation? What advice do you have?",31,7,1753917864.0,depression,user_3041,False,True,2025-07-31T10:00:30.886823
1mdur36,i don't think anyone will ever love me because of my depression,"i feel the most alone now than i ever have before. i hate how painfully self aware i am of the effects my trauma has on my relationships and i hate how no matter how hard i try i can't seem to get better. 

i feel like my mental health ruins everything i have. and its just not fair what i've been through and how i'm expected to be okay and act normally and function regularly. i feel like no one understands. i wish i wasn't so sensitive.",7,0,1753945401.0,depression,user_3042,False,True,2025-07-31T10:00:30.886823
1mdrz66,12:18AM,"An hour after my shift and I sit in the car long after the engine dies, headlights casting weak halos on the grass. Everyone else drives home to something; warm lights, a voice waiting, dinner left on the stove. I drive home to silence so thick it feels like a second skin. 

The key in the door sounds louder when no one answers. The hallway breathes cold, the air smells like dust and nothing. Shoes lie untouched where I left them days ago. Sometimes I speak aloud just to prove I’m still here. My voice bounces back empty, like even the walls are tired of hearing me. The emptiness has worn grooves into the floors, and I am just another shadow passing through. I turn on the TV for noise I won’t listen to, leave the lights on in every room, lie in bed and stare at the ceiling like it might break open and spill something real. 

The worst part of going home is knowing it doesn’t feel like home anymore. Just the place I sleep and forget how to dream.",11,3,1753935496.0,depression,user_0362,False,True,2025-07-31T10:00:30.886823
1md8xdx,I will kill myself once I turn 18.,"Edit: thank you for all the comments I’ve received. The day’s gotten a lot better. I get really low sometimes and start thinking like this, but rest assured this plan has been cancelled. Thank you again for letting me vent :)

I don’t have a future. 

Everything is expensive, every job I want is just gonna be replaced with AI (artist, writer, etc), or everything will be accused of being made with AI to the point that nobody wants it.

The army/police was another choice but I’m too lazy and unfit and unmotivated. I’m at summer camp rn and wanna go home a week in, and I’m bitter about everything. If I can’t even handle a week in a fucking summer camp then I shouldn’t even consider the army or police.

Everyday we are on the brink of world war.

My only options are to live in poverty and homelessness and misery, or kill myself after I turn 18 and accept that I had a good run.",114,53,1753887716.0,depression,user_3043,False,True,2025-07-31T10:00:30.886823
1mdon5v,"i hate the way i look, it's making me wanna die","21f i've been insecure about how i look since i was 13. i don't even leave the house bc of it, i just wanna hide from everyone. i wish i was pretty, this is so unfair. no one will ever love me.",15,7,1753925599.0,depression,user_0509,False,True,2025-07-31T10:00:30.886823
1mdfm4k,Depressed cause of hiv,"So I had intercourse with a guy I met on grindr around 5 days ago and I did it without a condom (recieving end) I am genuinely scared of the possibility I might get hiv, I called him later and he said that he was safe but I don't trust him, I have had severe anxiety and depressive episodes before and I feel like this is my last straw, I stood on the roof of my building yesterday but was too scared to jump when i thought of how my parents would feel, I am ashamed to tell them that I slept with another guy, and feel like dying would be better than letting them know of my situation. Please tell me what to do.",43,29,1753902830.0,depression,user_3044,True,True,2025-07-31T10:00:30.886823
1md9b31,"The real reason I'm ""living"" is because I can't bring myself to die. If anyone could relate to this, if this helps even a little, I'm heartbroken for you.",I feel hopeless and I can't say anything else right now. I'm very sad and I wish I die soon if this is how my life is going to be. It's slow death anyways. I wish this was faster. ,90,21,1753888603.0,depression,user_3045,True,True,2025-07-31T10:00:30.886823
1mdrasi,I think I just tried to kms,"I’m so done, like DONE. I hate my life and everyone in my life hates me. I just want to die already I don’t even care how. Whether it be pills or jumping on a fucking railroad or someone else doing it. I just wrapped a cord around my neck and pull it tight but chickened out. Fuck why can’t someone just kill me.",8,3,1753933377.0,depression,user_3046,False,True,2025-07-31T10:00:30.886823
1md2msv,“No one wants to be around someone who’s negative all the time”,Got it. I’ll keep being negative then. That way people will leave me alone and stop hurting me. Thanks for the tip.,188,31,1753870013.0,depression,user_3047,False,True,2025-07-31T10:00:30.886823
1mdq6ir,How can I get out of this hole?,"I’m 27, and I feel like I’m wasting my life away. Most of my life has been spent trapped in my head with anxiety and depression, or glued to a screen. I haven’t really experienced life at all. I never travel, I don’t have any hobbies or things I enjoy, and my daily life is very mundane. I’m very grateful for everything I do have, but I just feel like I’m wasting so much time and it makes me so stressed. The problem is, I have absolutely no motivation to change it. I don’t have any passions or things I enjoy. I don’t know what kind of career would make me happy. I don’t have energy to travel or do anything fun. I just want to rot in bed, but I know that I’ll regret spending my life this way in the future. My life is just work, scroll on phone, sleep, repeat. No energy or drive for anything else. Even when I try to do fun things, I end up feeling worse because I realize that not even those things can help me feel better. It makes me feel like I’m just stuck like this. I feel like I’m just in a deep hole with no way out. I do all the things I’m supposed to; medication, therapy, exercise, spend time with people I love, behavioral activation but I just feel so numb. How do I get out of this? ",7,1,1753929998.0,depression,user_3048,False,True,2025-07-31T10:00:30.886823
1mddjk7,I don't want to wake up tomorrow,"That's what I feel every night I go to sleep. I am just so exhausted from living. I made some a risky move in choosing and pursuing a career. It's been 3 yrs since that choice and no matter how much effort and time and energy i give, I'm not even able to crack the surface. I have no money and hope and energy left and feel like just slipping away into a void. I have been thinking about  trying to do something else but I cannot bring myself to do anything anymore. I just want to sit and cry and stay hidden in a place where no one can touch me. I don't have money to go to therapy. I want to. But I also think that it's better to just not live anymore. Why even try?",33,16,1753898153.0,depression,user_3049,False,True,2025-07-31T10:00:30.886823
1mdud5z,I’m killing myself,"Idk what to say, idek why I’m making this, but my knife is on the table in front of me as a type this, I suppose I just want my last words out here, I hate my life, I hate my job, I hate everything, Amara if you see this, I’m sorry, I love you but I can’t keep doing this, I’ll see you in heaven or hell, goodbye ",3,3,1753943937.0,depression,user_3050,True,True,2025-07-31T10:00:30.886823
1mdu9xf,is crying over kids toys a sign of something hidden?,"im 17, and my childhood isnt over by any means. well it is, but im still very young. if i look at children’s’ toys for too long (long enough for me to realize what type of toy it is and what it is) i start to shed tears. i dont know why. my guess is that i miss my childhood",3,2,1753943598.0,depression,user_2132,False,True,2025-07-31T10:00:30.886823
1mdu2lh,I don't know anymore,"Around 2am and it's a night with myself again, I feel like total garbage. I keep trying but it always goes nowhere, and then I get stuck in a loop of negativity and feeling defeated by everything it seems. Then when it gets slightly better, I try to the same result. I don't even know why I bother anymore, why do I bother with trying to get better when I know it will never happen, it hasn't happened for many years.   
  
I feel like a dumbass too, I can barely form a straight thought throughout the day and everything I hear goes in one ear and out the other. Where did my common sense go? I am not necessarily good at anything and that sucks. I've been on this earth for 17 damn years to only waste it all. I have some friends online but that's it. Other than some housework I got nothing to do in this bumfuck town, and it makes me feel only more useless. No one gives a shit since they got their own life to deal with, but I don't blame anyone I know because it's not their responsibility. It's mine. I want to give up but I can't because it'd be stupid for me to die when I failed at it in every attempt before... and I care about my family but the future is looking real bleak. I just want to feel ok.

Sorry for it being written poorly, I just needed to get this off my chest.",3,0,1753942827.0,depression,user_3051,False,True,2025-07-31T10:00:30.886823
1mdn18h,I am completely alone. And I really need someone,"Since I started this cycle of depression, everyone has distanced themselves from me and I no longer have anyone with me. The loneliness is killing me and making me feel worse every day.

I miss having someone I can text during the day and vent to about life.

I have many hobbies, but no one to talk to about them, and I really need someone to change that.",8,8,1753921021.0,depression,user_3052,False,True,2025-07-31T10:00:30.886823
1mdtnx0,This is so embarrassing to type out,"Everytime I see a handsome guy in person I try not to tear up but on social media I just do, it feels unfair. I wasn't taught to take care of myself like everyone else. Same with females. I can't even hold a simple conversation without being scared of something I don't know of. Idk why I'm scared I just am. It just females either, it's everyine. I tear up knowing I won't be here long enough to have such a connection with a women. Even if I don't go with my plan, I still won't have a connection with one. I look so horrible. I just wanted to be enough, wanted to be a better parent than mine, be a father who took care of his wife and kids. Man, tearing up just writing this shit. It feels like I failed at that too. I understand I'm just 18 and there are more years to my life to experience but it feels like I won't. I don't see a future worth living for myself, don't get me wrong, life is beautiful, but people aren't, some of them are yeah, but my mind has consumed me to the point I feel like I'm going insane. I can't myself trust anyone, I can't do anything,I have so many thoughts man. I can't I can't I just cant anymore. I feel miserable. I just want to be back around my birthday in November. Everytime was fine, i finally felt alive, control of everything I did. I felt fine. Just for it to come shattering down. I can go on and on and on about me not being able to do stuff. My head is fucking throbbing typing this shit. Im done with this and every. The fact I'm still standing here typing to the internet is pathetic.",3,2,1753941378.0,depression,user_3053,False,True,2025-07-31T10:00:30.886823
1mdcdk8,No It does not get Better . And I am tired of hearing it .,Everyday feels like a huge task . Everything feels blank . I have lost all interest in my hobbies . I feel disappointed at myself but cant do anything . I just hate how I have to put a fake smile to just make others feel I am okay . ,31,5,1753895559.0,depression,user_3054,False,True,2025-07-31T10:00:30.886823
1mdrucc,Random Vent,"I don’t really know what to title this but I’m just going off because I don’t have anyone I really feel like I can talk to including my dumbass therapist and I feel bad going to this subreddit because so many people here are suicidal and shit and I’m not really there yet but I’m so unbelievably lonely.

I’m recently sober and the loneliness of addiction is so real. I was never scared of being addicted because it didn’t seem that bad but the worst part is that period after getting clean. It’s a lonely feeling because no one understands it unless they’ve been through it and none of my friends have experienced it. I am trying to muster up the motivation to go to a meeting but I just can’t. 

I’m still living with my mom until the end of August and I really hate to go because we’ve always been close but my addiction has definitely taken a toll on our relationship and there’s definitely some toxic behavior that’s really hard for me to deal with. I don’t really know how to explain it but I was terrified to move away just months ago and now I’m aching to get out of this hellhole.

I used to really enjoy my job. I work part time at a small business so it’s really chill and laid back but ever since I got sober it’s really hard to even do the simplest tasks there. I have horrible social anxiety and my addiction stemmed from that, so now being clean I have to almost re-learn how to cope with it and it’s so bad now that the days I’m not working I’m on edge dreading going back, to the point I can’t even enjoy my time off. And it sucks because there’s literally no job in the world that will be easier, all jobs require socializing on some level, especially with my lack of credentials. 

I don’t even really want to stay clean. My main motivation is the toll drugs were taking on my body and I’m finally seeing myself heal from that. I don’t really want to go back but i can’t take it anymore. I feel worse than I did before I started using and I’m desperate to escape. ",4,4,1753935061.0,depression,user_3055,False,True,2025-07-31T10:00:30.886823
1mdrr23,Bad choices...,Fuck i 25f wish someone would shoot me rn. I'm so fucking broke and selfdestructive. Every path before me feels like the wrong one. I'm so fucking mentally ill. I feel absolutely awful. I need somebody to talk to but I can't. Not about this and i'm so done with just typing. I wish i could talk to somebody who could listen to me without judgment. I wish I could fucking die my situation is so fucking shit. I feel disgusting. It's either i slowly rot away being miserable or go thought with my plans and sacrafice a massive part of my  self for cash. I can't even fucking kill my self because it would destroy the people around me. I keep telling my self this is what i wanted but all i want is being loved by someone i love as well and live a happy peaceful life not what ever this life is. Fuck i feel like i should have just died on my birthday.,5,0,1753934770.0,depression,user_3056,False,True,2025-07-31T10:00:30.886823
1mdrqec,Still not over not having my first romantic relationship until 27,"I am a 33M. Without going into all the details I had the following series of events.

1. Came out of my social shell summer after sophomore year of highschool.
2. Did ""typical"" high school things socially like drink and smoke weed and hang out with friends.
3. Most of my friends had a girlfriend by the end of highschool but I didn't. I was interested and did ask a girl out but it didn't happen. My school was a small private school.
4. I went to college hoping for a similarly socially rich experience but got derailed socially. Ended up taking a gap year after sophomore year and transferring schools which made things worse.
5. Came out of college having never been on a date.
6. Tried to play catch-up by getting a job in tech but I was in a male heavy and introverted world (software engineering, male heavy city, plus male heavy friend groups).
7. I tried various strategies for dating such as taking classes (dance, improv) and starting a band but didn't break through on the apps until age 27. 
8. All the progress I made got derailed by COVID including GF breaking up with me.
9. I tried to process the lost years at the time with my psychologist but haven't really done so.
10. I finally moved cities in 2023 and almost immediately met a wonderful woman. I had more success in 6 weeks dating on apps in the new city than 6 years grinding on apps in the old city plus whatever other strategies I used. We dated for almost a year but I broke up with her (judgement call not sure it was the right choice)
11. Now I'm processing just how much I lost.

I still hurt over those lost 20s and how much I was hurting and feeling stuck at the time. Especially so because like I could wingman my friends and set them up but nobody looked out for me in that way when I was struggling profoundly. Like it's a double loss because I also wasn't the friend I would have wanted to be. I feel like I'm trapped in a shell life. 

And yes I was a little timid at times but like mostly I ran into structural issues and the effects of delayed skill building. Like I was a catch at 18 and had catches interested in me around that time in hindsight (I misread the signals and/or failed the logistics of asking them out perhaps because I thought they were out of my league).

In terms of support everyone around me, including psychologist, thinks that my phrasing ""trapped in a shell life"" is distorted but I don't see a way around the analysis. I don't see silver linings here. I have been unmotivated at work and I am planning to quit (I have the nest egg to do it). I am also constantly sighing in sadness. 

I hope this doesn't come across as entitled and I am sure other people are struggling with other things but I just have found no relief on these matters.",4,5,1753934713.0,depression,user_3057,False,True,2025-07-31T10:00:30.886823
1mdd1rk,Losing the genetic lottery,"I am a 35 y/o woman. I have been suffering from a whole host of nasty stuff right from strabismus since age 4 (which got reversed after operation), halitosis since age 12, hyperhidrosis since age 12, and now androgenetic alopecia has hit me like a truck. How can one person have so many unrelated conditions? These may seem trivial to a person suffering from debilitating ailments and I empathise with you all but these insignificant things have made my life hell. I am not particularly pretty either. I am single because I just don't want to feel insulted. It's like I lost the genetic lottery in a colossal way. I also lost my mom at age 13 so I pretty much grew up on my own. I don't want to pity myself but how can one person get afflicted with so much in one life? I have never been to a therapist but I know I am depressed and have undiagnosed ADHD too. ",25,4,1753897061.0,depression,user_3058,False,True,2025-07-31T10:00:30.886823
1mdqmzh,How I got out of depressive,"There was a period in my life, when I fell into a deep emotional low. Work stress and some personal struggles made me feel overwhelmed and hopeless.I couldn’t sleep well. Every morning I would wake up with panic, fear, and dread. At lunchtime, I felt nauseous and had no appetite. Emotionally, I was completely exhausted. I even had thoughts of death. I didn’t want to talk to anyone or go out. I was isolating myself and felt like I was disappearing from my own life.

But deep down, I knew this was not right. I was scared I might develop clinical depression, so I tried to seek help. I talked to some older people who I trust, people with wisdom and life experience. They listened to me patiently, shared their own struggles, and helped me see things from a new perspective.That help me a lots.

I also did my own research online about depression and mental health. I discovered that many people had gone through similar things and came out stronger through therapy, support, and time. That gave me hope.

I started to contact with  friends and talked to them more. Slowly, I began to feel a bit lighter. I realized that asking for help is not weakness, it is actually a turning point. Shutting people out only makes things worse. Connection is part of healing.

As I recovered, I became more open and optimistic. I also felt a strong desire to help others. Supporting people who are going through depression made me feel more valuable, and make my heart stronger.

One thing that helped me a lot is taking exercises .I started doing yoga, running, and hiking. Exercise helped me release negative emotions and gave me some peace of mind. Spending time in the sun helped too. Natural sunlight lifted some of the heaviness in my heart. It may sound simple, but it works.

If you are going through a difficult time right now, please don’t give up. Talk to someone,go outside,let the sun reach you. Healing takes time, but it is possible. You are not alone, and you are worth fighting for.",3,2,1753931342.0,depression,user_3059,False,True,2025-07-31T10:00:30.886823
1mdgozw,Suicidal,I’m a student in Germany. I left my home country and it’s been a year!!! Since i moved here I’ve always been treated as a stranger or something bad. I started drinking and i can’t go to bed without passing out and I’ve got ADHD. I am not using pills!!! I started burning myself with cigarettes to feel something but i don’t think it it’ll work long. Everyday i want to kill myself. I can’t visit a doctor! I don’t even know the rules around here! I’ve tried to contact them 1st week for ADHD and still I’m in waiting position!!! I need help! What should i do,14,7,1753905329.0,depression,user_3060,False,True,2025-07-31T10:00:30.886823
1mdrqw4,Feel stuck in a loop,"I dunno how to pack it all in but I'll try. I don't wanna feel like a victim or anything but to start I'll say I didn't really have a great childhood or support system emotionally/mentally growing up. I was smaller than other kids, more hyper and young looking and awkward. I got bullied non stop at school brutally. Friends started picking themselves off in middle school for same thing. My dad was super abusive physically verbally and emotionally unavailable and not accepting of who I was. Hit us a lot. Screamed a lot. Was absent a lot. My mom was weakened emotionally from this and stayed with him even after him cheating over and over including with our Nextdoor neighbor/best friends mother and got caught. I saw the husband beat my dad until he broke his own arm doing it when I was around 10 I think. Then shortly after another neighbor let a pitbull off the chain to go after my dad my mom and my little dog. Still burned into my memory seeing my mom run up the street from the darkness covered in blood. After that we moved, I never could quite find consistent friends or fit in after. Realized I was bi a little bit after that and that was the 90's so even though I was able to hide queerness I just had to sit and watch people around me talk insane about gay people so that with the bullying and abuse at home really fucked me up. I still have never gained self esteem or confidence or stability since this. My parents have been divorced for years and since then my mom's gone from abusive relationship to the other and is very negative and depressed. I still get into issues with them even though I moved away at 21. 

I became famous for making music for a while and moved to LA, and then the pandemic came around and wrecked that. Ever since then it's been ups and downs, joe jobs after Joe jobs, false hope and opportunities appearing that would be life changing if I wasn't myself. Keep fucking em up. Every job I get eventually starts to cut my hours or fire me even though I try my best. But I developed bipolar disorder and found out I'm on the spectrum as well. I've gotten in beefs after beefs because of my childhood frying me into being a people pleaser and letting people manipulate me and take advantage of me until I finally set a boundary and then shit hits the fan. 

I've also been out of the closet since 22, but it feels pointless that I even am sometimes because I'm still fried from all of this stuff including being assaulted a few times myself and then being falsely accused of being a creep myself by someone I had hooked up with and stopped talking to because of ignorant comments about my sexuality they made. I've even stopped an assault from happening before and then that girl turned around and made fun of me for having feelings for her... and then a million other dating things going wrong and now the thought of letting anyone touch me or get involved with me gives me such bad anxiety I feel ill. And when I was young I wasn't a looker or anything but these last few years people say I should do modeling and I'm ""very attractive"" and don't understand why I'm insecure. But when I try to approach people I am attracted to and fight past the anxiety they blow me off or treat me very poorly and I just kinda gave up. And being good looking and talented doesn't do much for you when your self esteem is below the ground. So it's like coming out and being myself and trying to utilize my blessings has failed over and over and over so it just feels pointless and now I'm bitter

My depression has made it very difficult to maintain being in shape or having a good diet. I'm tired always and sad. Eventually the stress caused my disc to slip over time so now I've also had chronic back pain for 2 years so all this stuff has been triple times difficulty wise.

And my career has been very unstable, even with freelance work and working two regular jobs it's never enough no matter how much or how hard I work or what skills I learn and pivot to. So I bottom out every month. Keep falling behind. Can't find stable work. 

So in total I failed in my career, I'm broke and in debt, in severe chronic pain, haven't had sex in over a year and am scared to. I have friends and a car and a place to live at least and I have some hobbies that help distract me. But tire intimacy issues, money issues, pain issues and self esteem issues + dietary habits are fucking wrecking my brain and I feel like giving up even though people keep telling me I'll be okay and to not give up and that I'm great at what I do and a good person but I just can't see it in myself. I just feel broken. 

I'd never kill myself or anything but geez man I feel horrible. Just want to vent I guess and see what some people say that I don't really know I guess because my friends and therapist and family are obviously biased talking to me. 

I'm in therapy and physical therapy ... I don't drink or do drugs either btw so I am trying. The jobs I do are kinda setting back the progress on my injury recovery so I'm trying to get on disability although that won't be enough to help my situation or save either.. just been totally stuck financially emotionally and mentally and no my family is not capable of stepping in to help with any of that either . I know I'm a loser and kinda pathetic right now and I can't believe I'm 30 now and living like this. Yup thats it. ",3,12,1753934756.0,depression,user_3061,False,True,2025-07-31T10:00:30.886823
1mdmocr,I didn't think I'd make it this far,"I ""dealt"" with depression for a while now
But in the lowest of it all i truely believed i was never going to make it past 23 years old 
I am now 27 years old but all i am doing is drifting aimlessly 
I have done the therapy and i did the work and it get better for a while but i can feel it slowly creeping on me or perhaps it never completely left 
It's not as bad as it once was but i can feel myself going back to the low points
Casually getting the feeling that it would be easier if it all ends 
Getting intrusive thoughts about self destruction 
I don't have too much energy
",7,2,1753920043.0,depression,user_3062,False,True,2025-07-31T10:00:30.886823
1mdtob4,Advice Needed,"[21F] I’ve had depression for 6+ years now and have been medicated for about 4.5-5 years. I started with lexapro but that made me too sleepy and am now taking 450mg Wellbutrin daily. 

Overall, things have definitely been better, without a doubt in my mind. However, there are stretches of about 4 days every couple months  where I feel super depressed. During those days, there is typically a day where I can’t stop crying for no reason. And I have no idea why I feel so sad for those couple of days. These days are just terrible for me. In addition, I’ve noticed that there are some days where I get really bad anxiety for no reason. Like I don’t feel particularly nervous or anxious about anything but I just feel anxiety. And it’s definitely not everyday, literally maybe every two to four months, it’s pretty random.

And sometimes, it literally feels like a switch goes off after the stretch of depression days are over and I’m back to being regular. Does anyone have any advice? All help is appreciated because I’m at a loss for why this happens.

Thank you <3


TLDR; I’ve been medicated for depression for 4+ years and have been managing very well but there are stretches of days every couple months where I feel super depressed.",2,0,1753941418.0,depression,user_3063,False,True,2025-07-31T10:00:30.886823
1mdtjuj,Struggling To Launch And Losing Hope,"My name is Lilly 19/F and I'm really struggling with my mental health. Since I graduated high school, I've been having a really hard time launching. I tried to do college twice, but flunked out both times. I used to consider myself a pretty intelligent person, I used to be the first person to answer a question when it was asked in middle and high school, but now I can't even write an essay. I fell into marijuana about a year ago now, and although I've tried, I can't seem to quit for longer than a week. Because of this, or at least what I suspect, is this has caused me to lose a lot of my memory. I struggle to remember much about myself, my memories, my personality, and it all just feels gone. I've also been struggling with self harm, which has gotten much worse over the last year. My boyfriend's mom is terminally ill, and although she isn't my own mom we're still very close. Regardless of her illness though, both of his parents are always trying to kick him out because he's like me except he didn't graduate high school. And he works a part time job. I can't even seem to hold down a job for more than a week or two, and my body just feels like it's giving out on me. I started a buisness a couple months ago in hopes that would get me somewhere, at least I felt passionate about it at the time. I wrote a children's book, and while I really love it I know it's never going to make even half what it cost me to have the illustrations done. I just feel like such a failure and like there's nothing I can do but just disappear...

TL;DR:
I’m 19F and have been really struggling with my mental health since graduating high school. I flunked out of college twice and feel like I’ve lost the smart, driven version of myself. I got into weed about a year ago and haven’t been able to quit for more than a week. my memory and sense of self feel like they’ve disappeared. My self-harm has gotten worse, and I can’t seem to hold a job. My boyfriend’s mom, who I’m close to, is terminally ill, and he’s constantly dealing with being kicked out by his parents. I started a business and wrote a children’s book I’m proud of, but it hasn’t helped financially. I just feel like a failure, and like disappearing is the only option.",2,0,1753940964.0,depression,user_3064,False,True,2025-07-31T10:00:30.886823
1mdtgs2,i don’t deserve friends,"atp i don’t think i deserve any friends like im never good enough and get replaced…
tbh i can’t actually think of a single person that has met me who wouldn’t of been happier if they never met me, like shit if i thinking about it more any like place iv been like school or anything if i replay them events in my head and like remove myself from any of them, everyone else there is happier like tbh the whole world would be happier without me tbh so what’s even the point anymore",2,1,1753940658.0,depression,user_3065,False,True,2025-07-31T10:00:30.886823
1mdtd9l,Is happiness real?,"I’ve been thinking a lot about life lately, and honestly, it feels like it has no real meaning. I go through the motions like I’m living in a simulation with no true purpose. On top of that, I’m drowning in debt, and whenever I’m in debt, it feels like a constant darkness hanging over me.

I grew up in a really rough environment with horrible family members, which was traumatic for me. Later in life, I cut most of them off except for immediate family, and even then, I just tolerate them.

No matter what I do, I feel like I’m never truly happy. I just want peace and happiness in my life, nothing else.I have my own little family that brings me joy but something feels missing.

Has anyone else ever felt like this? How did you get through it and find happiness that actually lasts, even when life throws things at you?",2,1,1753940306.0,depression,user_3066,False,True,2025-07-31T10:00:30.886823
1md71zb,I am extremely stupid now.,"I feel like my brain has become much less intelligent and stupider as I’ve gotten older. I have most of the symptoms of wet brain and I’ve never touched alcohol or drugs. 

I think the severe cognitive decline I am experiencing stems from serious mental health issues and chronic depression. My brain has been in survival mode for years due to severe mood problems and chronic depression. 

I never got help or went to a psychiatrist and now I am a lot dumber as a result.  

I don’t know if I will ever recover from this and restore my brain to its previous functioning.",39,2,1753883241.0,depression,user_3067,False,True,2025-07-31T10:00:30.886823
1mdp09l,I don’t know what to do.,"For over two years I’ve been dealing with depression and constant anxiety, and the bad feelings have grown exponentially. I have no addictions to content or substances, and I don’t even drink alcohol. I can’t understand why this sincere urge affects me so much when I’m surrounded by healthy people, share good ideas, and live a peaceful life, yet this evil has persisted over me for years. I don’t spend all day locked inside the house; I usually do my chores, have fun with the people I live with, and watch movies and series alone or with one or more people. I can’t understand what led me to cut myself, hang myself countless times in the search for suic… and try to stab my own chest to reach my heart, making myself die. I’m already an adult, and this problem with emotions has been lasting for some years. I’m using this weird profile as a way to vomit this rotten acid my body produces. I have many friends, and true friendships are not few either, which I know is not common, but it’s not a bad thing. I have an extensive support network to help me in my family, friends, psychiatrist, and psychologist. I take the medication properly to maintain the cycle and help control the urge to end it all in seconds. I don’t know what to do.

",4,0,1753926657.0,depression,user_3068,False,True,2025-07-31T10:00:30.886823
1mdhclq,self esteem,"does anyone else just get so upset over everything? if someone has the slightest attitude towards me, my self esteem completes crumbles. i was doing so well too, then all of the sudden i hate myself so much all over again. i just want to stay in my room and hide from everything.",11,4,1753906855.0,depression,user_3069,False,True,2025-07-31T10:00:30.886823
1mdqv5s,As a teen how wud you react ? I'm feeling very suicidal.,"I was sleeping early in the morning with a blanket tho actually I was not sleeping, but I heard my parents saying

 ""I wish she had died"" 
""She is worthless""
""Her dream will too shattered""
""Good for nothing""
""I wish I had get her admitted in BA Bsc and get her married""
""Asking my younger siblings to not copy me, not be failure like me""
And I'm a girl who always stood 1st to 4th in class clearing entrances form 5th std scored 93%in 10th.",4,8,1753932032.0,depression,user_3070,False,True,2025-07-31T10:00:30.886823
1mdqutl,how to get unstuck,"ive wasted the past 3 years just smoking weed and depressed out of my mind. anytime college would come up i would immediately panic and cry in shame and worry. i’ve had a gap year and ive been a lot more sober but not consistently enough. i feel unable to explore the few interests i have because i don’t let myself drive anywhere but to work and back home because i get so anxious i can’t think straight and make stupid decisions on the road👎 i know practice helps but i just feel like the risk of killing someone on the road is so much worse. i hate rereading this i feel like such a twerp idek how else to describe i feel so much disgust in myself

i hate feeling sorry for myself and having my own younger siblings disappointed in me. the only thing i feel like is possible and something i can imagine is suicide. even tho i’ve reached out and gotten help before ive seen how little my family cares and would rather brush me aside because it’s easier for them. i feel so incapable at almost 19, ive spent 99% in front of screens and have very little knowledge/life skills some people have very young. im starting to feel very resentful towards my family and i hate myself for wanting them to help me and not doing the right things to help myself. im considering just enrolling to some online college class just so i don’t get farther behind. i have like no hobbies i think i just need medicated ",3,1,1753932003.0,depression,user_3071,False,True,2025-07-31T10:00:30.886823
1mdqjx1,I wish my parents got a different child.,"They are such good parents, and they work so hard to give me as good of a life as possible. They’ve always respected me and given me everything. All that for somebody who wishes day in and day out he was never born and who goes in and out of long periods of being suicidal. I feel like I’m such a burden on everybody around me, I can tell even my friends are sick of me. Even big wins in my life that have happened recently only serve to give me temporary happiness that always gives way back into wanting to just lay down and never wake up. I hate that I am the way I am but I feel like I’m incapable of changing. ",4,1,1753931085.0,depression,user_3072,False,True,2025-07-31T10:00:30.886823
1mdo4b8,i hate myself,i despise myself and i want kill myself. i dont know how to speak about it to anyone they say that im loved and cared about but i just dont feel it. i hate myself so bad people don’t understand i hate literally everything about me im a horrible person i havent had a single day in 5 years that i didnt want to kill myself. but im scared that if i try to kill myself and fail i will live   so i just have been here i dont know what do. im so stupid and don’t understand anything i don’t remember anything im not good at anything i hate myself. i think i will do it soon,5,0,1753924092.0,depression,user_3073,False,True,2025-07-31T10:00:30.886823
1mdsj7x,I’m struggling,"I 17F have been battling depression since I was 14. I have been able to combat it before, but I always seem to fall back into my old patterns of thinking. The most recent time I’ve been able to break free was when I had a religious experience. I thought this healing was permanent, but here I am a few months later, back where I started. It’s so frustrating to be fighting the same fight all of these years later. I’m exhausted, and I hate fighting myself. I don’t want to be depressed anymore. I’ve battled suicidal thoughts for years, and I don’t want to succumb to them. I feel like I have no one to turn to, because all of my friends told me they would tell my parents, or force me to go to therapy if I mentioned suicide again. (I have a history with plans and attempts.) I know my life matters, but I’m struggling with loving life and genuinely wanting to be here. How can I help myself in a sustainable way, and how can I turn to my loved ones without them contacting my family? ",2,2,1753937385.0,depression,user_3074,False,True,2025-07-31T10:00:30.886823
1mdmazr,I dont know what to do with my life,"hey guys, im coming on here kind of like a last hope. I have tried so much to be happier and get myself out of this fucking terrible mental state im in. ive been diagnosed with depression, anxiety. and im waiting to hear abt anything else, but im stuck in this dark and terrible place. yes ive felt sad before and yes ive wanted this all to end. but this has never been this bad, I feel overwhelmed by all the emotions, and on top of that im studying and onto of that everyone around me is going so fucking well with their lives, and yes before you say be proud off I am. I am so fucking happy my best friends are out of the hole they were in but I just seem to be stuck in mine. ive tried everything, changing my self, mentally physically and emotionally, addiction (too many things and I cant even be clean) , therapy, meds, im on fluroxitne and have been for nearly 3 months but I feel so stuck at this moment and I dont even see a point in life. I cant find myself making any life goals nor making any effort to try and find them, im just stuck sleeping or ignoring all the things I have in life to try and numb the pain. Im trying to get back into therapy again bc maybe it will help, but I am generally so stuck at the moment. I haven't felt pure happiness in year, I just wanna feel it again.",5,2,1753919050.0,depression,user_3075,False,True,2025-07-31T10:00:30.886823
1mdpq61,I am scum ngl,"22M. I feel like all I gotta do is get therapy, meds, find my passion and win

The problem is I never do it and I lose all of the time and have to escape from my brain by constantly doing dopamine-filling activities

I never accomplish anything. I am true scum",3,2,1753928688.0,depression,user_0083,False,True,2025-07-31T10:00:30.886823
1mdppd0,Leaving tomorrow and I honestly might not come back,"Finally taking a vacation for myself tomorrow… been waiting awhile for this but in the last 3 days I’ve lost 3 people that I love and care about from my life… great way going to a getaway to relax. The first 2 I could deal with but this one.. I just want to say fuck it and just not come back. I feel fucking sick man. I honestly can’t think straight, my minds not in a good place. Seriously, fuck life so much.",3,0,1753928624.0,depression,user_0111,False,True,2025-07-31T10:00:30.886823
1mds2mp,I want it to end,"Im over seas for work and I try to be a part of my family's life while I'm gone with phone call and video chats, but with everything going on over there there isnt enough time for me. I feel so alone. When I bring it up to my wife she says I'm being selfish and inconsiderate and that she feels the same. but won't communicate any of that with me, or even try. There are reasons for me to live, but they don't mean as much to me as they would others. I do have kids but I don't feel like a big part of their lives, I just provide money for thr things they want. I don't know what to do anymore. I cant distract myself with work because of other reasons. I dont get enjoyment from video games or reading books like I used to. I feel like I have nothing and nobody that will support me in a way that matters. ",2,3,1753935821.0,depression,user_3076,False,True,2025-07-31T10:00:30.886823
1mdryva,I really can't do this anymore,"No one wants me around, not even my own family. I'm getting kicked out at six months. They say it's for my own good but i know it's because they want to get rid of me. My own dad killed himself to get away from me and now no one wants me. 

I don't have money for food or for an apartment, I'm not even twenty yet and I'm already falling apart.

If i can find that stupid bottle of Benadryl ,  i might just fucking take some. Though i should write a note first.

I don't wannna be a bad person, i threw it in her face that he killed himself and I feel fucking awful. Why am i such a bad person???


",2,1,1753935467.0,depression,user_3077,False,True,2025-07-31T10:00:30.886823
1mdvl0u,Suicidal ideation,"Im 32f, I have multiple children and am happily married. 
I am estranged from my parents and my siblings due to financial, emotional, religious and at times physical abuse. 
I did therapy after my first child for PPD but I suspect it was just depression. 
I recovered fairly well, didn’t need medication and I am pretty happy in a general sense. 
However for as long as I could remember and even now when I’m safe, happy and living a comfortable life, I still think about suicide every single day. 
It’s not in a “I want to do it” kind of way, it’s just, I could. I could do it, I could just quietly go. 
My husband doesn’t respond well to me expressing how I feel to him, he gets defensive and has in the past accused me of saying it to manipulate. This is due to both our mothers using it to control situations within our childhood households. Now it’s a weapon and not an illness. 
So I feel like I can’t express how I feel, I’m home all the time, running the household, raising small babies. I never get a break, I never get to do my art, I don’t even have a space for it. 

I feel like if I disappeared, no one would notice. I know that’s a lie, because I have kids, I have a husband that just wouldn’t emotionally deal without me, I have close friends, I have built my own family. Yet, I wake up everyday and think about ways to top myself. 

I feel like something is seriously wrong and I don’t even know how to address it. ",1,0,1753948703.0,depression,user_3078,True,True,2025-07-31T10:00:30.886823
1mdht85,i can’t get out of bed.,"i literally can’t bring myself to get out of bed. for the past week i’ve maybe gotten out of bed maybe like 8-10 times only for the bathroom. other than that, im stuck here, sleeping. i can’t stop fucking sleeping. my boyfriend and i are long distance and everytime we call he tries so so hard to help me get out of bed, but i eventually just fall asleep. my muscles are so weak. i don’t wanna get up. i can’t get up.",8,2,1753907933.0,depression,user_3079,False,True,2025-07-31T10:00:30.886823
1mdp3kr,At what point does it become kinder,"To just end it? I’ve lived like this for several decades, tried nearly everything and I’m still the same piece of shit person I’ve always been who puts their issues on others, needs constant validation, I’m always paranoid and scared and I’m just miserable living like this. I truly don’t have anything to look towards I work a dead end job have no friends no close family and I sabotage everything. I just want to drink some visine and be done. Idk why I’m even writing this",3,0,1753926929.0,depression,user_3080,False,True,2025-07-31T10:00:30.886823
1mdvbz5,I've stopped feeling like a person,"I've been on prozac, zoloft, pristiq (which triggered a hypomanic episode), and, currently, wellbutrin for depression. Only the last offered any form of relief. I'm on lithium for mood, adderrall because I can't get out of bed, and clonazepam because I have panic attacks somewhere around 3 times a week. I'm in my mid 20s and was hospitalized when when I was 19 for an attempt. I look at myself in the mirror and see my eyes have sunk and and my features have become sharper. I don't recognize myself anymore. I'm at my wits end and the amount of money I've spent on doctors and therapists is probably in the five figures, but I have no idea what to do anymore. My cortisol is so high I've started vomiting blood. I'm not actively in any danger but I worry for how long my endurance will last. If anyone has any advice it would be much appreciated. Thank you.",1,0,1753947707.0,depression,user_3081,False,True,2025-07-31T10:00:30.886823
1mdov1f,I’ve decided I’ll kill myself,"Something in me changed. Before, my depression was more like 'I want to kill myself' and I was just living my life waiting for the day I’d finally snap and do it. But now it's more calculated. I’ve decided I’ll actually do it. Weirdly enough, that made life easier. I don’t feel that crippling anxiety about the future anymore because soon I’ll be gone anyway. When a problem comes up I’m just like, 'Soon I’ll be dead, it doesn’t matter.' I haven’t picked a date yet but I’ve started looking for the most effective way to do it. I’m trying to be careful because I want to make sure I die when I try. I don’t want to fail.",3,2,1753926235.0,depression,user_3082,False,True,2025-07-31T10:00:30.886823
1mdoue6,Really having a hard time,I had lasik complications Dec 2023 but it got worst and worst over last year and I’m now 50% blind with no night vision and the depression is eating me alive. I never ever before had depression or wanted to die and I can’t do suicide I don’t have the guts but I don’t wanna live. My desire to die is soooo strong I think about sleeping in my car with it on in the parkade downstairs and I don’t know what to do I’m in so much desperation. I’m going to literally die of broken heart syndrome if not killling myself honestly. ,3,1,1753926182.0,depression,user_3083,False,True,2025-07-31T10:00:30.886823
1mdvaxd,Another useless person gone,"I chose to stop fighting against the monotony and mediocrity of my life. I'm not special, not to myself or anyone else, and I don't get a special life. I used to fight against it when I thought life was in my control, when I had hope. I used to think I could get the things I wanted in life. I thought I was owed a happy life or even just a decent one, but I was wrong and immature to think life works out that way.

For example, no matter how much practice I put in I never got good at playing piano. I wanted something in life (to be a decent piano player), and I did all I could to achieve it, but after all this time I'm still terrible at playing piano. Just like trying my best to learn piano I tried my best to find a group of friends who really cared about me. No matter how many times I tried talking to people they'd never stay, they'd never love or care. They felt cold, sometimes harsh. Just like playing piano maybe finding friends and socializing isn't my thing. I've been looking for a meaning to my life, I pursued hobbies, tried to find friends, tried to find passions, but my hopes were always crushed. Maybe life isn't my thing. It feels good to stop pretending I'm missing something when life doesn't offer anything in the first place.   
  
Some people find meaning in life and some don't, just like how some people love playing piano, and others struggle to even start. At least those who have dreams of learning to play piano can go to a piano teacher, or they have someplace to start if they want to improve but unfortunately there is no equivalent for those who dream of merely enjoying life.  
  
Nobody can teach you how to live your life, nobody even seems to care. You won't find comfort or guidance. Just cynical uncaring people. Doctors who take your money and sell you mind numbing antidepressants, governments who want to get rid of you and lock you into mental institution, cold lifeless people surrounding us, who don't even care. These people who wouldn't even care if I killed myself. I know that because I am killing myself and if anyone wanted to stop it or anyone cared about me they'd talk to me. I'm right here, waiting for a reason or a sign not to kill myself, but nobody is here, nothing is here.

You start to realise there is nobody to cry out to, no way to fight against the empty life you have, so I stopped fighting for what I want in life.

I just close my mind off from the world outside. Why should I waste my energy screaming into a void? I tried to enjoy life and I cried out for help when I desperately needed it. In the end I was met with nothing really.

I feel like I have nothing left to move on to these days. Thankfully I only have to endure this for a month longer. Another useless person will be dead, only remembered as a statistic, a number, a news headline: ""Another teenager lost to suicide,"" or maybe not even remembered at all? All I know is that I'll never be remembered as a person after I die because nobody even sees me as a person today.",1,0,1753947592.0,depression,user_3084,False,True,2025-07-31T10:00:30.886823
1mdrhtw,I dont know what to do with myself,"I keep messing everything up. I havent taken my meds since december because it makes me feel bad,  i always ended up throwing the meds up either within minutes or hours when i was taking it regularly, but i cant swap because ive already been on a couple other meds and they told me there was nothing they could do for me if i wanted to change. Everyone around me thinks im still taking them, i havent told my therapist either. I dont even know if im moving onto the next grade in school because of how much school ive missed, and im not even sure that if i make it to the next grade that ill do any better. I have violent intrusive thoughts that i cant get out of my mind and ive tried to get rid of myself so the thoughts could stop but ive never finished the job because of fear. i recently moved states and my moms happy that she gets to be with her boyfriend, but if she catches me looking sad or finds me hurting myself or something that could help me cope she wont be happy anymore. i dont know if anyone cares or not but i just really feel stuck.",2,0,1753933987.0,depression,user_3085,False,True,2025-07-31T10:00:30.886823
1mdv6dl,Time,I’ve lost one of my closest friends today. I’m currently by a river just waiting for the right moment. I think today’s my time. ,1,0,1753947076.0,depression,user_3086,False,True,2025-07-31T10:00:30.886823
1mdv683,Audhd rant for mental health support,"Trying to see if others can relate 
or if I could find ideas or solutions that I haven't found. 

My issue with finding out things I feel comes to my Audhd and other mental health issues. 

For example just trying to shop online is very stressful because I doubt everything I find is the best option/find a better option after or get scammed. I know it sounds silly to say but it's a really big problem I have with trusting myself with picking the right option or something... 
Im aware this could be from my brain creating patterns from trauma/past experiences. 

Im very aware also that I am capable of understanding patterns with myself but terrible with keeping myself clear headed and aware of them at all times until I have my moments of clarity or my adhd medication has kicked in to let me focus. (However It seems that Lisdexamfetamine I take just really boosts my emotional side more when it kicks in that makes me need to write stuff like this down) 
Ive been on adhd medication for 5 years now but elvance ive been using for most part. > I feel like I might need to change but thats alot of work/stress
I was late diagnosed as an adult. 

I have the tried for years to get mental health support and holys**t it has been a awful experience that is full of reasons why I am more depressed and anxious. 

 Brief overview but at the start I had alot of energy and motivation to deal with it all but it dramatically tanked because of the stress and terrible health and social practices. 


Quick ish summary : 
✨️1st Therapist decided to stop sessions without any notification at start of covid only found out from the receptionist because I called up to try book a session > resulted them removing me from the waiting list which I was on for 2 years before.


✨️1 year later got a therapist but they were about to retire... we had barely any sessions and my last was a shock as they just told me before we started it was my last and that I had no replacement just have to go back on a waiting list.... (they said that they were able to do shifts with me after but it was false promises and never heard from them)


✨️Months later to have a therapist refuse to read my notes that I wrote that were important 
(I struggle alot with getting my words out so I write things down as I get too anxious about saying things outloud or cant communicate clearly vocally) 
They refused and told me I have to speak or im not gonna get any support... which in my opinion is an awful thing to say to someone who is emotionally unstable and is trying to communicate but limited because of their mental health and by creating another barrier of communication is just not professional or empathetic 
(My hand writing is not hard to read and is simple to read/understand if that was a concern) 
I had written something that was really necessary for someone of a mental health professional to read and support however that was not the case.


✨️The same therapist decided to arrange a meeting without my consent with my mother or knowledge which I only found out because my mother asked me if I was aware of it and luckily she knows it was illegal for them to do. (I was 22 at the time) 
They apologised but I tried to report it but it didn't do anything but also they were not allowing me to easily contain information on who to report it too. 


I also had a issue with them gasslighting me and also messing around with not doing maintiory health checks as I was on medication for ADHD 
Lost alot of weight and got ill 
Ect...

✨️I had a issue later down the line which got me put  in a clinic to be sectioned but I talked my way out of it because I was not able to feel safe/comfortable in such environments by talking to a few psychologists that were shocked to hear my experiences and views on the  mental health support system and promised that they would make sure I get support... that never happened and even my doctors didn't even hear from them or if they did it was not documented as they didn't even know who the psychologist was , even though I had a appointment to go talk to my GP because I nearly got sectioned... they didn't know anything about the situation. 

 

Again Alot of back and forward again of trying to get support and again not.

Moved to a different clinic which took 8 months to be told as I got to the appointment they had no mental health support to provide even though its why I was moved and waited so long.
A years later I had still no therapist giving by the nhs 

✨️Tried to go private but money is tight 🙃 but have had some sessions but haven't found a good one 

✨️Also through all of this I am dealing with the council being so terrible with my flat situation 
5 years living in the same place that has black mould and they owe me money but refuse to pay
If it was the other way around id need to pay especially how theres evidence of a signed form emailed and discussed multiple times via email and phone calls. 


✨️Im willing to try to find a lifecoach that i could maybe do 1 or few shifts with depending on the price and that just to get on track... im a open book too and have most things written down either on my phone or on paper scattered around my flat 

Ps i have dyslexia so if theres errors sorry ✨️🤣 m not sure this will be seen or gain any interaction but just felt like getting it out

",1,0,1753947058.0,depression,user_3087,False,True,2025-07-31T10:00:30.886823
1mdv5tg,Laid off. No point.,"Welp.  Got laid off.  Busted my ass for nothing. 4 years....flushed. I was already struggling with depression ....

Therapist left on waitlists for replacement...fat...ugly...no friends...son tried to kill himself...laid off...going to lose my health insurance...won't be able to pay for my life saving meds...won't qualify for Medicaid...

Who cares. What is the point of all this?  Nothing. Just .. die already. ",1,3,1753947013.0,depression,user_3088,False,True,2025-07-31T10:00:30.886823
1mdr6k2,Not sure where to post this,I fucking miss you. You hardly gave me a chance. We had one date. I fell head over heels and you pulled away but waited a whole month before pulling the plug and I feel devastated. It's taken at least a week now before I'm feeling how I feel and idk how to deal with it. But fuck. I liked you so much and I'm just not sure how I could've made things work. Maybe I was just hanging to what I thought could have been. Idk. FML.,2,0,1753933006.0,depression,user_3089,False,True,2025-07-31T10:00:30.886823
1mdr1qv,When does it get better?,I don’t know how to format because my mind is going a mile a minute right now and I’m sorry if this is a mess. This has been the year of hell! Whenever my wife attempt to do ANYTHING something deters our plans. We can’t even have a dinner just the two of us without a child being or something stops us from doing that. We have canceled or have changed our plans countless times and I’m at breaking point. I’m currently on a week long vacation with my family and of  course a child ends up not feeling well. I know it’s might seem like nothing to some but then it starts piling up again and again it weighs on me. I am truly at my breaking point and don’t know how much more of this I can take. I really wish I knew things will get better but at this point who cares. I don’t want to do anything anymore. I can’t even have a nice family vacation. ,2,0,1753932595.0,depression,user_3090,False,True,2025-07-31T10:00:30.886823
1mdux1e,"I can't stop thinking about how my ex mistreated me and honestly, it makes me hate myself more than I hate him.","I've gone no contact with my ex like nearly a week ago and honestly, things have been so peaceful ever since. But I constantly find myself thinking about the mistreatment I received and honestly, it haunts me too much. It causes me to spiral quite heavily too. The other day, I was watching a video we made together in September 2024 when we were being silly. There was this one part of the video where I hit my head and when I went ""Oww"", he said in such a gentle sweet voice ""Aww, are you okay?"" and it just made my heart melt. I miss when he was so gentle. To him, I was an evil bitch who was heartless, careless and would make a shit healthcare professional as in his words, he told me to never go into healthcare because I don't know shit about it. It breaks my heart and fills me with intense guilt whenever I hear those words ringing in my head. Why was he so mean about it? Sure he said it because I was ignoring him, but I had every right to. He was harassing me, trying to manipulate me, was mean to all my friends and me and genuinely made me feel so scared. We had broken up at that point but I just can't stop thinking about all the mean stuff he said and the mistreatment and how I get painted as the horrible person whenever I had enough and fought back with anger. I'm not a mean person, I've literally BEEN the bullied one before and suffered through abuse in my childhood so I know what its like to deal with mean people which is why I tried my best to be as caring and gentle as possible despite my genuine struggles with showing affection and care. It hurts everytime I remember his words and how badly he misunderstood me. I feel like even right now, he's probably talking shit about me on reddit and idk why it fills me with so much anxiety. I just wanted to be a good partner but I was constantly being pushed away by him every time I tried. It would always scare me and stress me out because he had me constantly worrying about whether I was good enough for him and if I even deserved to be with him. Whenever him pushing me away got unbearable, I admit that it triggered some defense mechanisms where I'd replicate his behaviour and end up being cold, distant and acting as if nothing scared me. Honestly truth be it, I'm really just a scared 16 year old girl. I don't know what I'm scared of, but I constantly am in fear of disappointing those in my life to the point I overthink and stress so badly I end up in a frozen state where I physically can't do anything at all without berating myself and going ""this is such a fucking stupid idea, you really think this is good enough for them you bitch?"" in my head. I just wanna do something right for once without my own stupid fuckass mental health and unresolved trauma getting in the way. I wanna be helpful and useful for once but I can't even comfort people properly, show affection and care like how normal people do and my stupid anxiety and overthinking ALWAYS gets in the way of things. I always feel guilty for it too because I end up thinking ""Oh shit, did I accidently make this about me?"" whenever I end up freezing up and then when the guilt takes over, I feel even MORE guilty for letting the guilt take over. It's a vicious cycle really. Sorry if it doesn't make sense, I'm really shit at expressing myself. ",1,0,1753946041.0,depression,user_3091,False,True,2025-07-31T10:00:30.886823
1mdm8jp,Feeling depressed,"Throw away account obviously. 

I’m a single 31 year old mother to a 3 year old boy with autism. I’ve gone through a recent breakup and don’t have many friends to talk to during the long days. My son is in daycare 3 days a week from 8-4 and goes to his dads on weekends. 

I’ve been feeling depressed and like an unfit mother lately, as I find it difficult handling my toddlers tantrums and it’s come to the point where I dread doing diapers changes on him because of the fight he puts up everytime. 

Looking for ways to cope with his tantrums and activites to do to keep him busy and away from the tv every night after daycare ",3,1,1753918865.0,depression,user_3092,False,True,2025-07-31T10:00:30.886823
1mdutps,Help when I don’t have anyone to help me?,"Genuinely just looking for any advice people might have out there. I’ve struggled with my mental health since I was really young and had several attempts when I was 19-20. I worked SO SO hard to get out of the place I was in then and put my life back together but  it feels like it’s all fallen apart again. 

I got fired from my job last week really suddenly, moved house two weeks before and just in general I’m really struggling with the state of my life and the state of the world. I’m no contact with my parents, have very little extended family and only have one aunt that I still keep in contact with but she lives in another state. My wonderfully girlfriend is my biggest support but I can tell she’s starting to get tired of me always going through “something” and I’m getting so scared she might leave me. I genuinely don’t know what I’d do without her. We live together now but since we moved in together and I lost my job she just seems kind of tired anytime I tell her I’m not feeling good or really stressed about my future. I haven’t even told her how suicidal I’ve been feeling and now I feel like I can’t. 

I don’t really have any close friends at the moment that live nearby. All my close friends live 100s of kilometres away. I just don’t know who to turn to tell them I’m not coping and I need help. I also don’t know how anyone could help me right now. ",1,1,1753945685.0,depression,user_3093,False,True,2025-07-31T10:00:30.886823
1mdut8l,Help when I don’t have anyone to help me?,"Genuinely just looking for any advice people might have out there. I’ve struggled with my mental health since I was really young and had several attempts when I was 19-20. I worked SO SO hard to get out of the place I was in then and put my life back together but  it feels like it’s all fallen apart again. 

I got fired from my job last week really suddenly, moved house two weeks before and just in general I’m really struggling with the state of my life and the state of the world. I’m no contact with my parents, have very little extended family and only have one aunt that I still keep in contact with but she lives in another state. My wonderfully girlfriend is my biggest support but I can tell she’s starting to get tired of me always going through “something” and I’m getting so scared she might leave me. I genuinely don’t know what I’d do without her. We live together now but since we moved in together and I lost my job she just seems kind of tired anytime I tell her I’m not feeling good or really stressed about my future. I haven’t even told her how suicidal I’ve been feeling and now I feel like I can’t. 

I don’t really have any close friends at the moment that live nearby. All my close friends live 100s of kilometres away. I just don’t know who to turn to tell them I’m not coping and I need help. I also don’t know how anyone could help me right now. ",1,0,1753945631.0,depression,user_3093,False,True,2025-07-31T10:00:30.886823
1mdnyu1,I’m thinking of ending things. I need help on how please.,I’m thinking of ending things. I need help on how please. ,3,2,1753923655.0,depression,user_3094,False,True,2025-07-31T10:00:30.886823
1md87kw,I just want to know my existence matters to someone,"I know. Everyone will say ""But you do matter."" That's hard to believe these days. It really is.

I want someone to ask if I'm ok without fearing the answer. To ask because they genuinely care if I'm ok and not just out of obligation or to see if I'm going to be ""weird"" around them. 

I feel invisible. Like I could leave the room and no one would even notice. And when I talk, no one listens. 

It's just so hard to believe I matter anymore. 

I just want a hug, some comfort, some reassurance that me being here makes any kind of difference. ",19,5,1753886036.0,depression,user_3095,False,True,2025-07-31T10:00:30.886823
1mdb87r,brush those teeth,"hey people, i know the tooth brushing is hard but i just found out my teeth are in the second stage of decay at 18 years old. do not be like me. ",14,1,1753892960.0,depression,user_3096,False,True,2025-07-31T10:00:30.886823
1mduhzp,I can't imagine anything getting better anymore,"I have once again come to reddit to write down my thoughts, or vent. Usually every time I do it it inexplicably makes me somehow feel better, but I have a feeling this time, it will not do me anything. I feel like I am completely unable to think or sort my thoughts out, I don't know where I am half the time so this might be rambling and disjointed. I am sorry.

I think the bad, or worse times, have come again for me and I genuinely cannot see them getting any better. I can't imagine anything improving. Not a single one of my issues. I'm so tired and I think upset. I say think because I can't really feel anything. I can't think of the last time I actually felt ANYTHING as far as emotions went. I think it was a week or more ago when I felt disappointed I couldn't get a PC game to work. I haven't felt anything since then and none of my feelings have returned.



I lost the joy or interest in doing anything. I already have a terrible issue with periods of inactivity due to depression but this time it got much worse somehow. I reached a new level that I thought was not possible. It was a strange new form of depression. I want to say I feel lower than I did in 2022 when I went looking for my father's rifle but couldn't find it, but I'm not sure if there's any lower feeling than that but this new feeling has to be close.

I started not leaving my bed. For a week or so I woke up feeling excited to draw or at least study unity or my license, but then that completely left me. I couldn't figure out why I stopped feeling any excitement or anything. I felt distressed this was happening to me. It was like my feelings were leaving me and they weren't strong to begin with. I started sleeping a lot because just being awake was emotional painful. I had a moment where I was sitting outside and my entire face felt heavy. It was like I could feel the physical agony of what I was feeling inside, but on my body.

And now: I've become physically sick. My entire life I have become randomly sick every few years with something I can only describe is like the flu. It lasts somewhere between a month, to longest a half a year. It hasn't been a half year since 2018. I've been to doctors and hospitals and they never found anything, my tests were all negatives. The only thing they could come up with is I have indigestion or something similar, which seems to be the BS they always ""find"" out here in rural Texas. I do think they were correct about that, as I haven't died of heart failure or something and my symptoms seem entirely tied to what I eat. 

I do believe I got food poisoning from somewhere. I had a fever of 102.9 and I won't even say what was happening with my stomach and going to the bathroom but you can already imagine. So now I lay in bed with physical pain, a actual excuse finally, instead of mentally in pain. I have mostly recovered it seems, my fever is still randomly spiking but has mostly left. My mental state has not even gotten close to what it was before I got sick: I am completely unable to concentrate or think about anything but I don't know if this is from fatigue or mental illness. This accompanied it when I first started having this in 2018 so it's probably related. I am STILL having stomach issues related to indigestion. Eating is miserable now even with antacids. I have heart pain, chest tightness and my heart is constantly rapidly beating if I don't burp enough. If I burp too much I throw up. I can't even get any sleep. I'm kept awake by my rapid heart beat. I keep getting woken up by my fucking rapid heart beat from indigestion. I've tried antacids and bland food and while it does help some, the stomach problems aren't how they were before I got sick.

So now I'm constantly physically miserable, and either sick or uncomfortable. This feels like a first world issue: oh no my tummy hurts, it gives me anxiety because I'm a hypochondriac and someone else is dying of cancer somewhere. I had asthma as a kid so the rapid heart beat and chest tightness triggers my flight or fight so maybe it's stronger of a fear in me than other people.

Between my mental conditions and now my sickness, I can't see any reason to do anything. I can't think of anything I'm enjoying. I've gotten paid a bunch this week and have almost enough money for a gaming computer I've wanted for years, and I feel nothing. I probably won't even play it when it arrives. I'm not even motivated by my own libido. That has completely vanished from me as well. And at the very least, I had some gorilla chimpanzee motivation to be motivated by that but no amount of things I found attractive is even interesting me. I can't think of A SINGLE THING I can say I enjoy now.  I'm not enjoying sleeping anymore, I can't enjoy food. My libido of any kind has completely vanished it's a good thing I don't have a boyfriend, I'm not enjoying money. I'm not even enjoying my friends. I feel shitty admitting that. They're good friends but I find myself feeling shitty because I'm not even enjoying their company when they are online. I keep wishing they could fix me but they can't and it's not their responsibility. 

I think my depression has reached a new low because I realized I can't kill myself at 30 like I was planning to because my mother has made it clear she will not take care of my father when he becomes older and if he get's sick. I can't leave my father alone, I want to be there for him and take care of him. I've never felt so trapped because now I know suicide is not an option because I don't want to leave him to his age.

I don't know what else to say. I don't think there's some magical words that are going to fix me. I don't want to sound pessimistic or something for attention. I really do feel like nothing will get better. And I've always been the ""things MIGHT get better"" depressed friend to some of my mentally ill friends but now that's completely gone as well. I don't know what else to say. I still can't find any reason to get out of bed. Nothing positive happens ever. I want to go back to how I felt before I started having these stomach problems, again, but I feel like they won't ever leave me. I over did it with eating too much that upset my stomach and then got some kind of food poisoning and now I'm left to eat bland food and be in pain and miserable. 

I can't find relief in anything, anyone or anywhere. I can't feel or find anything positive. There is nothing. Nothing makes me feel even remotely better even emotionally. I find myself laughing at a meme, but it feels muscle memory. The genuine amusement is completely gone. I haven't even done my OCD rituals and even my sister threatening to kill me again makes me feel nothing. I feel completely numb mentally and physically.

That is all I have to say. If you read thanks I guess.",1,0,1753944450.0,depression,user_3097,False,True,2025-07-31T10:00:30.886823
1mduhvd,I want to die.,"I want to die, I want to die, I want to die, I want to die, I want to die, I want to die, I want to die, I want to die, I want to die, I want to die, I want to die, I want to die, I want to die, I want to die, I want to die, I want to die, I want to die, I want to die, I want to die, I want to die, I want to die, I want to die, I want to die, I want to die, I want to die, I want to die, I want to die, I want to die, I want to die, I want to die, I want to die, I want to die, I want to die, I want to die, I want to die, I want to die, I want to die, I want to die, I want to die, I want to die, I want to die, I want to die, I want to die, I want to die, I want to die, I want to die, I want to die, I want to die, I want to die, I want to die, I want to die, I want to die, I want to die, I want to die, I want to die, I want to die, I want to die, I want to die, I want to die, I want to die.

TLDR: I'm a horrible person and don't deserve love or forgiveness.",1,0,1753944437.0,depression,user_3098,False,True,2025-07-31T10:00:30.886823
1mdh4xq,I've been depressed and my BF did the best thing,I don't know where to put this really but I thought I'd put it here because I've been so depressed lately. I have vertigo and I have the kind that's behind the eyes and not  between the ears so I have to do these eye exercises to try to fix it only I haven't been doing them and I started taking an antibiotic without looking at side effects. The main ones are dizziness and nausea. So I started doing these exercises but I have to stop the antibiotics for now (I was almost finished taking them). I've been out of a job for two months and I've been pretty depressed and feeling useless. I am taking a part time job but that means my bf has to take up the slack for awhile and I'm pretty depressed about it. So today I had to pick up s food order and the store is on the way to his job and he asked me to stop by. His work had free food today and they had the best brownies and he put one aside for me and brought it out to me and I can't stop crying. I just had to put this somewhere because even though I feel depressed and useless he made me feel good for a little while. ,8,0,1753906354.0,depression,user_3099,False,True,2025-07-31T10:00:30.886823
1mdngp1,I wish I could go through with it but I can't cope with how it would effect everyone,"I contemplate ending it quite often. Sometimes wishing for an accident or something unavoidable to end it for me. But I don't think I can deal with the thought of those I would be leaving behind and how they would feel. 

Some would say, 'you'll be dead anyway, what does it matter?'. But it does matter. ",2,1,1753922239.0,depression,user_3100,False,True,2025-07-31T10:00:30.886823
1mdu6me,Why can't I just take the tablets?,"Housekeeping: 34F, part time working, mother of 2 (10F & 3F) wife and homeowner in the UK

I'm no stranger to depression, I would say I've had it most of my life. I started getting medicated for it about 2 years ago, and on the whole it worked okay. Suddenly found myself forgetting to take the tablets and now I'm about 6 months off them. I can't bring myself to go back on them and I don't know why?! It's very clear to me, and those around me, that I need to but I'm just in this *funk*. 

I'm struggling to sleep, very rarely fall asleep before 2am and im up at 7am nearly everyday for the girls. The house is a cluttered hellhole that triggers my anxiety but even though I fully desire to clean it, I just can't physically *do* it. My career is in the toilet, I was made redundant in 2022 from a great job, so now I'm working part time evenings over the weekends at student accommodation. There's no stimulation, very little job satisfaction as I'm just there to make sure the place doesn't burn down. My husband works away during the week so I'm mostly alone during the week (from adult company) and then I'm lone working on the weekends. I've started a part time course but lacking motive to do it.

I feel burnt out but I'm not bloody doing anything. I'm existing but not living. I just need to take the f****** tablets but I can't. What is wrong with me?

",0,1,1753943257.0,depression,user_3101,False,True,2025-07-31T10:00:30.886823
1mdq25h,I'm 16 and need some advice so if you have some please tell me,"(I'm going to delete this account over time) I never told my this parents and I  know everyone and my parents have thing they rather die with and no one knowing and I was planning to take this secret to the grave as well but I'm to young to be saying that and death not going to get me no time soon hopefully unless it has beef with me like final destination. )

I was exposed to porn at 7 and hentai around 12. It’s something I wish had never happened it shaped some of my curiosity and took my innocent in ways I regret. When I was around 11–13, I acted on my curiosity with my brother who was 11 or 12 back than. If i remember during one night we were in the same room it was nighttime and  I was very sleepy and I asked if I could put his dick in my mouth because of porn and hentai and I was curious because in it, it show that you that so i asked and he said yes. But It happened very briefly not even one second pass and I instantly stop he said it tickled. But I was thinking that was werid and i don't like it, and I don't want to do that ever again and what was I thinking and I went to sleep, and forgot about it, and promised myself I’d never do anything like that again.

Two or 3 year later I was 15, after school let us out for Christmas break we went on Christmas trip to New York to celebrate with family, but the memory resurfaced and wrecked my mood and most my time there I still enjoy seeing them and gifts. Also While I was their I looked online to see if this happened to someone else and saw many others and subreddit that had similar experiences or did worse and the comments said childhood curiosity like that is more common than people think which help a bit but it didn’t ease the guilt or shame. But when we left and headed back home and start school again I watch a lot of anime and YouTube and forgot intill my last 2 weeks of school and and it messed my mood again.

Now in the present 4 months i think later since then, ME and my family moved to a new location and I’ve had moments where I could forget about it or dull it and enjoy life, but it keeps coming back and I felt worse. So Eventually today, I bulit up the courage and I asked my brother about it while we were home alone, and he said what type of dreams you be having that  never happened and if I that did that kinda werid and went back to watching someone talking about Idw Sonic. That gave me hope it might’ve just been a dream but I remember too many details so I think I did it or my mind tricking me and I'm remembering a dream/nightmare and  if I did do I  feel really bad and wish to repent to god but don't know how and i think im going to hell and not heaven. I wish I’d never found porn at such a young age and I feel like it stole my innocence and that if I didn't I could be as innocent as him or innocent longer. And if I was that one second wouldn't have haunted me for so long, or I'll would off never did it and I’m not sure if god can forgive me or how to forgive myself or if I even can.

I know people make mistakes everyday, especially as kids, and many have regrets they carry and wish never happened. I'm still trying not to look at porn or hentai but now a days it harder because it everywhere and more acceptable. I just want to know how to heal, move forward, and stop feeling this constant shame. Also I  would never harm myself I still love life I still have a great relationship with my family and friends, a lot of anime i read are getting animated, im going to see the fantastic 4 movie tomorrow and go to a acade. Im probably never going to tell my family this and just keep this between me and god. But if you can give me some advice I would be thankful and summer almost over I'm about to start school again and have to make a new group of friends while I'm here. So if you have some advice or you know how to forget things or have a similar experience plz tell me how you handled it or what I can do to not feel shame or guilt and if it someone you want to tell me about yourself privately I would not judge because look at my story. Have a good day or night I'm going to cry myself asleep and think where did go wrong.",2,0,1753929651.0,depression,user_3102,False,True,2025-07-31T10:00:30.886823
1mdgiud,"I'm suicidal, depressed, barely holding on, and just had an argument with my dad","Screamed at ourselves for a stupid reason. We both have problems with anger. Let's just say it was about setting boundaries. Well, some people don't have the privilege to ignore opinions of their families.

Barely worked last few days. Somehow I managed to pull myself together and worked for ~11 hours, so I could catch up on goals at work. I'm still lagging behind the rest of my team.

But I'm just drained and exhausted. There's nothing in this life for me. Nothing I care about anymore. I just want it all to end",7,5,1753904925.0,depression,user_3103,False,True,2025-07-31T10:00:30.886823
1mdn6k7,Please,Can someone please talk to me I’m so lonely ,3,4,1753921438.0,depression,user_3104,False,True,2025-07-31T10:00:30.886823
1mdja6f,...,"Hi... I don't even know how to start, but I just needed to talk to someone who might understand.
I feel like I've spent my whole life alone, without love, without real friends, without anything that made me feel truly human.
I've tried to follow all the rules, believe, have faith, wait for the 'miracle', but nothing has changed.
Today I just feel an emptiness and a pain that never seems to end.
I can no longer dream about the future, nor imagine happiness.
I just wanted someone to really see me, for someone to understand how much it hurts to exist like this.",6,2,1753911425.0,depression,user_3105,False,True,2025-07-31T10:00:30.886823
1mdky1v,This sucks,"I have no motivation.
No desire.
No real hope.
I can’t end it because of my dog.
I can’t keep going.
All I do is rot and ruminate on the past.
I can’t get myself together.
I’m 30 years old and I feel so hopeless.
",4,0,1753915505.0,depression,user_3106,False,True,2025-07-31T10:00:30.886823
1mdpo3b,I'm so sick of this,"I'm forced to go to school again when in reality I'm suffering from severe depression. It's really draining when I really need rest but I am forced to go even though my life is at risk, I just wanna be a little kid again and don't feel this hopelessness.. to be loved by my mother again, because now as a teen they don't even care if I self harm or attempt, they always say it's my fault when I commit yea ur right but who caused it? If I could change family I would, really would because I'm just so tired. I wanna pursue writing poetry but I feel very hopeless.",2,1,1753928525.0,depression,user_3039,False,True,2025-07-31T10:00:30.886823
1mdtur9,Ups and Downs,"I feel like I am decently functional most of the time, I don't generally find myself ever enjoying things but I can at least manage some level of functionality most of the time, But then I find myself crashing hard and things suddenly spiral, I can barely get out of bed if I am lucky, work feels almost impossible and I feel as though my blood is made of concrete, I have withdrawn from basically everybody I know, I don't go out or socialize anymore, every day is challenging but some feel impossible, and I feel as though the stretches of being debilitatingly down are getting longer and longer, I'm pretty good at maintaining a facade of being like everyone else, I feel like this subreddit is the only place I can really feel comfortable admitting that I feel like a shell of a person on the good days, and a ghost on the worst, I feel like I am haunting my own life ",1,0,1753942036.0,depression,user_3107,False,True,2025-07-31T10:00:30.886823
1mdmr07,Broken,"I feel broken beyond repair. My spirit, my soul, me just drained and hollowed out. I dont normally pray. I mostly dont believe in god, but ive been praying i wont wake up. I dont know what the purpose of telling people im not okay is. The people around me also arent okay. Who really is okay, but they function. They keep moving, keep pushing, but me, im so weak. And its not like anything bad happened. I dont understand why i cant make myself do things. I dont understand why im depressed. But i am and I hate myself for it. Hate that im a burden on my parents. I cry so much amd i hurt so much. I just want it all to be over. I know they love me, but im no good. It would be best if i werent here. I served my purpose. I took care of my dying granny and i was there when people needed me, but my granny is dead. People dont need me anymore. I am tired. So deep inside my bones. I dont pray for wealth, for health, i dont ask for much, but im beggging. I just dont want to wake up anymore. I just want to cease to exist no heaven or hell. Just make it stop. ",3,0,1753920235.0,depression,user_3108,False,True,2025-07-31T10:00:30.886823
1mdtn3j,i can't handle this anymore,"Hi everyone,

I never imagined myself in this position. I borrowed $700 recently the first time in my life and I thought I could pay it back easily because I have some freelance projects in the works. But the money hasn’t come in yet, and now the person who loaned me the money is threatening me, calling me constantly, and even yelling at me. It’s become overwhelming, and I honestly don’t know what to do.

I’ve asked everyone I could friends, family but no one has been willing to help. Some are ignoring me completely. I’m not a scammer, I’m not irresponsible  I’m just stuck in a horrible moment, and the pressure is eating me alive. I’ve never felt so ashamed or helpless.

To be completely honest, I’ve been having dark thoughts today. This debt, the stress, the shame it’s crushing me. But I don’t want to give up. I want to fix this. I just need someone, anyone, to give me a chance.

If anyone can help me with a $700 loan, I swear I will pay you back in full within a month. I can provide my ID, proof of work, anything you need to trust me. I just need a little time  and someone to believe in me.

Thank you for reading this. Even if you can’t help financially, some kind words would mean the world to me right now.",1,0,1753941297.0,depression,user_3109,False,True,2025-07-31T10:00:30.886823
1mdtkqv,Why keep trying?,"I'm just.... I guess struggling to find reasons to keep going. The people that matter in world, don't care. The people that care, some really matter that much to me. Sure, girlfriend thinks I'm the shit, but wife and kids just couldn't care less. Coworker tells me they couldn't do this without me. Kids don't care. GF (and no I'm not cheating, we're both poly) but wife could never duck me again and it's all the same to her. I'm just here. Nobody that matters, actually cares. And I'm looking for just one reason to be here tomorrow and not just get drunk and walk into the woods forever",1,0,1753941058.0,depression,user_3110,False,True,2025-07-31T10:00:30.886823
1mdoran,Depression information...,Look up Dr Berg Depression on YouTube if you're looking for solutions to heal health related root causes. Also subliminal's by Minds in Unison on YouTube help significantly. These are free videos. ,2,0,1753925934.0,depression,user_3111,False,True,2025-07-31T10:00:30.886823
1mdlpvc,finally talking to my dad about my mental health,I told him I hated my life and wish I wasn't here and he called me a bitch and baby lmaoooo rip to me guys,3,1,1753917477.0,depression,user_3112,False,True,2025-07-31T10:00:30.886823
1mdepbr,Why I cry every day,"This isn't for anyone but me, just somewhere to write my sadness ",7,2,1753900760.0,depression,user_3113,False,True,2025-07-31T10:00:30.886823
1mdock4,I’m tired,This program isn’t working these coping skills isn’t working I don’t think I’m going to get the happy ending I deserve and I’m honestly so sick and tired of living like this. Nobody in my life understands me. Nobody understands my ocd and depression. Nobody gets why I’m mad nobody takes accountability no one gets why I have such resent. They only blame me for feeling the way I do. I just can’t do this anymore ,2,0,1753924756.0,depression,user_3114,True,True,2025-07-31T10:00:30.886823
1mdoc0p,Finally,"I’m planning on ending it next month when I go on a solo camping trip. It’s not that I want to die, I just really really don’t want to live. I don’t know why I’m posting here, I guess maybe I just want to get it off my chest? I don’t know. I just turned 27 and I’m 75k in debt. I can’t finish college and don’t have any skills that allow an advancement in any meaningful career. I’m unmarried and have no family within 10 hours. Not that I’m close to family anyway. I’ve got only 1 friend who I speak with on an even semi regular basis. I’m not doing anything for the world or community. I have no meaningful connections. I live with a boyfriend I’ve had for 8 years but there isn’t really any actual connection, hasn’t been for years. I love him but he’s cold/unemotional. I’m not doing anything but holding him back anyway. He’s got a well paying job, a career he’s excelling at. I only bring debt and anxiety to him so I get why our relationship has faded. 

Despite this I’m still scared to die. I’m a coward on top of everything I guess. ",2,4,1753924713.0,depression,user_3115,False,True,2025-07-31T10:00:30.886823
1mdobcr,Help,"Is it normal for your partner to get very angry because you're depressed and shut down, he says I just bring up old issues and nothing he says I listen to but I dont feel like these issues are old i just feel like i have to hide them and fhen i eventually just get way to tired and give up amd its a cycle all over again.. im started to just not care about him caring about me because would someone who cared react that way? ",2,0,1753924659.0,depression,user_0262,False,True,2025-07-31T10:00:30.886823
1mdh6xb,Is depression really just mental illness?,"People always seem to think that depression is a mental illness, and that it's not caused by external factors like school, etc.

Is this implying that I'm just overreacting and being overdramatic?

Like main reason why I can feel depressed a lot of the time it's mainly because of my difficulties with academics that it makes me feel dumb and incompetent, is that not a valid feeling at all??

And also, yes, my difficulties with academics are a reality. I'm 20 years old and I could barely comprehend complex high school texts.",5,7,1753906485.0,depression,user_3116,False,True,2025-07-31T10:00:30.886823
1mdo2e1,Depressed,"I am so tired of this feeling. Feeling like I am only living so that the people who love and care about me don’t get a short time of their lives ruined. Cause I know everyone would be fine. If they wouldn’t be wouldn’t they maybe show you while you’re here? No that makes too much sense. Because at the end of the day no one really wants to know what you feel. They don’t want the burden. You tell them whats wrong, they say they’re sorry, they move on. The whole world is fucked. I wish I could just let go.",2,1,1753923935.0,depression,user_3117,False,True,2025-07-31T10:00:30.886823
1mdsi5q,20 years,"I feel wrong feelings or no feelings or cry at inappropriate things. I did meth for 7 years and made my problems even worse. I can smile I can have a good day but I always get hit at the end of the night with suicidal thoughts. I have nothing to be sad about now. Life is going good. But I can’t stop hallucinating scenarios or zoning out into a situation where I somehow die. I haven’t attempted self harm in a few years and I’m not really interested in the pain or being sectioned or the neighbors talking behind my back about it. I never talk to anyone about how I feel. I haven’t been able to take a joke in years. I’m always flatlined when talking to others even my own bf. Idk like how I feel has been getting worse but I’m handling it better and better. I just hate that this might be my life. My first sad thought I was 12 and I made friends with a toaster who was real to me and I tried to tell my babysitter and parents that I thought I’d be better dead. No one thought it’d be like this. I have therapist, drug therapists, psychiatrist and plenty of support. I’m on meds, a semi healthy diet, and I get out nearly everyday for some kind of walk. I just can’t seem to shake the sad away. I don’t know if I ever will. I hope one day all these pills pay off and I have 1 day of actual happiness. My anniversary is next week. Im hoping it’s a good day for me. My bf has been working a lot to make it special. He’s away of how sad I am and is still there for me. I have no one else besides family. I had friends but most of them ODed or I had to back away because I had to get off drugs. So I spend about 60% of my time alone with my cat. I also spend a lot of time sleeping cuz I have extreme tiredness from meds and I’ve always been tired since I went through puberty. I am sorry this shit is most likely a mess, but so is depression. I pray one day I don’t think about dying or watch myself kill myself in my head before bed. One day would be nice. One day without drugs. Even now at this time of night I am haunted by thoughts. I’ll be okay tho I’ve lasted 20 years and I’m still here",1,0,1753937281.0,depression,user_3118,False,True,2025-07-31T10:00:30.886823
1mdsi38,I don’t know if I need help,"I feel like I’m depressed. I think negatively 24/7, I feel like nobody likes me. I get rejected all the time and it’s not even about dating sometimes. I will have a woman make a face at me even if I just ask if they want to dance with me. I’m polite, but I just don’t think I can be around people anymore. I stray away from them and even when I try and be brave enough to make conversation, I get ignored and feel irrelevant to the rest of the people around me. I’m very independent but I want desperately to find someone I can love and I know loves me back. 

I don’t ask woman out or show interest anymore because when I overhear woman, they either talk about how they have a boyfriend or that they hate men all together. I don’t see it possible for me to find love. I have never been in a relationship and so I feel like literally anybody else other than me would do a better job in a relationship than me because they have experience and I don’t. I don’t like to receive effection because I like it and I know that I would like a hug more than them and it means something to me even though it probably doesn’t mean anything to them. I can feel myself getting dumber by the day. The only time I can smile is around my very small group of friends and during movies. Every woman I find interest in I just try and avoid because I know that anybody else would probably do a better job than I would at being in a relationship. 

I have suicidal thoughts but I don’t consider it due to religion and I don’t want my family being hurt about me. I feel like I am bad at my job even though people don’t say anything about it. I feel like I will never be good enough for myself nor others. I can’t finish anything anymore.

Even those these things are happening I feel like a sham talking about it because I still get out of bed everyday, I still go to work, and I still laugh with my very close friends every once and a while.  I don’t even think I feel like I fit under any category. I still have interests, I just can’t really afford them. I want to go to therapy but I have to wait a year when I am under my own insurance because I don’t want me mom to know, and even then I don’t know if I am worthy of receiving therapy. I have been feeling depressed for 13 years and I am 24. 

I would appreciate if someone has something to comment about it but I don’t mind if yall don’t. I just wanted to rant because I’m drinking rn. I just feel so irrelevant to everyone’s eyes and don’t know if I will ever find somebody who values me as a person aside from family ties. And I feel ashamed to feel this way because there are people in the world in worse situations than me either physically or mentally. So I’m not even worth the effort. ",1,0,1753937275.0,depression,user_3119,False,True,2025-07-31T10:00:30.886823
1mdshah,"Preaching water, drinking wine","Maybe a bit off topic. But I felt like this would be the right place, where there would be some empathetic people. Nicer side of reddit, maybe. Probably not urgent enough to be posted here, but still.

Just posted on a kind of.. anti avoidant subreddit. People complaining about people who have that disorder, basically. That place is a bit scary, lots of hurt people, lacking understanding.

Posted an example of my shitty behaviour, was praised for being honest and on the road to changing. And in a way, I feel like I'm betraying myself. Spoke a bit harshly, too. Emotional masochism, maybe that's what it's called. Lots of opposing values.

I'm a hypocrite. I do want to change. That's what I tell myself. I just need to see if anyone's having similar issues.

So the encouragement I got from that one comment made me wonder. Am I doing this just to belong? To feel like I've contributed to something, even if I haven't at all? To put on a mask and pretend that I'm a mature, stable person on the road of healing? 

When I'm alone with my thoughts. I keep going in the same patterns. I don't even try to control them. I feel comfortable in my daydreams, my memories, because that's the only place I can still find shards, pieces of my old self.
Currently, I'm nothing. I'm no one. Am I doing this just to conform, join the reddit circlejerk and hivemind of POSITIVITYYY?  ",1,1,1753937197.0,depression,user_3120,False,True,2025-07-31T10:00:30.886823
1mdkmz7,I don't look forward to anything in life,"I wish I could tell you exactly when this started. I don't know. Maybe when I was like 18 or 19? You know, I understand if there are a lot of things to look forward to in life. But I genuinely don't be on any enthusiasm for any of those things. Not for hanging out with family. Not for hanging out with friends. I don't think anyone will ever truly want me in that way. I'm going to graduate school next month, and I'm not excited for it at all. Yes. It's true that I am going to be helping so many people with my profession. And I'll be getting paid well too.

But I feel like 30 or 40 years from now, I'll be married and have kids and I'll still feel like an empty shell of myself. Thing is I don't even know what makes me happy. Nothing anymore. Feels like I'm just living day by day by day.",3,1,1753914741.0,depression,user_2090,False,True,2025-07-31T10:00:30.886823
1mdi50g,My brain hurts so much,Is this normal? My brain literally feels like a bulle tor smth is trying to get out type of pain amd is constantly everyday,4,0,1753908699.0,depression,user_3121,False,True,2025-07-31T10:00:30.886823
1mdg5mg,Can’t stop harassing myself,"Hello

I am having trouble with harassing myself. Every morning when I wake up I can’t stop my brain from hating myself. I don’t really enjoy the life situation I am in right now and I recognize that I am here because of poor decision making in the past. I constantly have depressing songs and thoughts running through my head. I’ve tried mediation and detaching from the thoughts, but that only provides temporary relief. I also am struggling with having no appetite and it makes me feel like shit physically which probably doesn’t help (I’m 6 1 23M 119 lbs). I feel like a treatment center would help to make me force food down until my appetite is back but I can’t really afford that. Any advice?",4,7,1753904069.0,depression,user_2037,False,True,2025-07-31T10:00:30.886823
1mdczjd,I have many reasons to end it,"My (17f) life is worse than ever. It keeps getting worse. And the reasons why I should do it keep multiplying.
 I'm unattractive, I roughly give myself a 5/10. I hate my resting face so much. Everyone around me is much prettier than me. Even my parents. It's not fair :'(  Outside of looks, I'm a monster. I look disabled. I'm not capable of interacting with people, actually I'm not capable of anything. I feel miserable. Gross. I deserve to be tortured to death. I'm so weird. Like genuinely. I hate myself so much. I wish I could die. I'm not capable of a job, I can't have friends, I CAN'T HAVE ANYTHING GOOD. IT ONLY GETS WORSE GOSH
I'm not good at anything. All I've tried to do is spend most of the time studying and guess what? IM STILL STUPID!!!!! I feel like I'm going to fail my exams, which will take place next year. I feel CURSED. I want to fricking die. There's nothing to look forward to. All I do is cry to sleep. I'm so useless lollllll I should shut the fuck up",6,13,1753896923.0,depression,user_1665,False,True,2025-07-31T10:00:30.886823
1mdn49e,How come I‘m not depressed but still want to die?,"F 23, on meds for a year, not in therapy for 3 months because I split on my therapist. I have BPD and general depressive episode + severe anxiety. 

Meds WORK. I feel alive. They help me. I am on 300 mgs of venlafaxine. I cherish this medication. Yet, my life seems to reach the same conclusion. I don’t want to live. I live for my animals. I plan to die after they are gone. 


I do not understand because I do not feel sadness and despair I’ve felt before going to the psychiatrist.,


Maybe someone has some input. 

Thank you ",2,0,1753921255.0,depression,user_3122,False,True,2025-07-31T10:00:30.886823
1mdrpuv,I feel completely crushed and out of options.,"Hi everyone,  
I'm in a very overwhelming and painful situation, and I honestly don’t know where else to turn emotionally.

Two weeks ago, I borrowed $700 from a neighbor someone who works in an insurance company to pay for emergency medicine for my grandmother. She’s very sick, and I had no other way to get help at the time. I’ve never borrowed money from anyone before, and I truly believed I could pay it back by doing freelance digital art and graphic design online, which I do part-time.

But today is the deadline, and I couldn’t make the full amount. He’s already come to my house twice and yelled at me in front of my family. I feel broken, powerless, and ashamed. I’ve tried everything I can think of working nonstop, asking for small commissions, even posting on Reddit but nothing is working fast enough.

I don’t have any family or friends who can help financially. I’m still trying to earn anything I can, but emotionally I feel like I’m drowning. I’ve never felt this helpless before. I’m scared, anxious, and feel like I’m collapsing under the weight of it all.

If you’ve ever been in a place like this, how did you get through it?  
Even kind words or advice would mean something to me right now.",1,1,1753934664.0,depression,user_3109,False,True,2025-07-31T10:00:30.886823
1mdhixx,Can't Handle Current Situation,"Im getting sucidal thoughts please help me if someone reading this post, save me

I started working hard from my first year of computer science and i land internships also but during my second year i gone through something that disrupted my life i lost my mom.   She always wanted to see me as a big engineer 

But I didn't stop after the incident I continued my hustle and did more internships and 

Now im not getting any job after applying to many portals and followups on linkedin no response 

Please save me please please i need help😖",4,1,1753907264.0,depression,user_3123,False,True,2025-07-31T10:00:32.015134
1mdjsnp,giving up,someone please tell me how i can get out of this life please i fully give up. im so stupid i make stupid choices i ruin my life im only 18 and nothing will get better. I don’t want to spend the rest of my life like this please ,3,4,1753912679.0,depression,user_3124,False,True,2025-07-31T10:00:32.015134
1mdjqde,I don't see the point of living,"Every day for many years I was thinking that I can suicide any time, so no reason to hurry. Why not to try to see what is going to happen next. But right now I've come to the point that I don't really wanna see what is going to happen. ",3,3,1753912519.0,depression,user_3125,False,True,2025-07-31T10:00:32.015134
1mdrgo3,I don't know,"16M, i mean, i already seen another ppl problems and stuff and i dont think is that deep but i feel kinda useless as a person. A normal life, no friends, no relationships, im not that ugly (the last bit of steem i have).I just feel depressed,im not good at math or any other subjects, im not good at videogames. Even making this text is difficult with English being my 2nd language. I dont have ""talent"" whatsoever and no thoughts of future. I torture myself thinking abt possibilities or wasting my time on media. I need help, please.",1,3,1753933884.0,depression,user_3126,False,True,2025-07-31T10:00:32.015134
1mdjnuc,Please make it stop,"Im a college student in a very brutal med course, no academic breaks just week after week non stop lectures and tests 

Its only been a year now but i feel like im loosing my mind, i cant keep up anymore and the depression is crippling me to the point where i cant focus and i flunk my exam, and mind you my exams are half of my grades. Such a brutal system, worst part im not even good at written exams. 

Recently found out my symptoms align with CPTSD (complex) where its been crippling me for the past 2 centuries of my life, currently seeking help but right now i dont have the time or funds to fully commit. Very recently ive come to do SH because of the pressure and all the failures ive experienced. 

the worst part of my experience right now is actually wanting to continue but genuinely can't because i break down almost everyday now, its so frustrating wanting to study but i end up just overthinking then spiraling then having SH thoughts. Motivation cant help this, i need a system, but how will i start if  the easiest task become a pain to do.

I feel so powerless, but externally i look fine.

Should i take a gap year?, or just therapy. Please i need help, What should i do? ",3,0,1753912348.0,depression,user_3127,False,True,2025-07-31T10:00:32.015134
1mdrfnb,Help,"I don’t know who I am anymore… I feel like I’m going through the motions in life. I feel behind and like I’m missing out, my social life is nonexistent and I’m not far along with my career I’m unemployed. I need a new start, a new life right now. I’m losing interest in things I used to be interested in and just overall I feel like the world has become gray and colorless. My emotions have became dull ever since I got off of SSRIs taking that medicine was the worst mistake I’ve made. I feel like I am emotionally unavailable because of it. I don’t know who I am anymore and I just want to feel something. Anything ",1,3,1753933799.0,depression,user_3128,False,True,2025-07-31T10:00:32.015134
1md291k,I'm just tired.,"I can't deal with this world anymore man. I just feel so utterly disgusting and disappointed with myself. I feel like my family dosent feel different anymore, I can't sleep, I just play games all day, I'm ugly as fuck in my opinion. Like I have nothing going for me. Everyone else looks better than me I feel, I just can't manage this shifty life anymore. If your reading this I already decided my choice on the matter of killing myself. Thank you for reading.",29,12,1753868628.0,depression,user_3129,True,True,2025-07-31T10:00:32.015134
1mdh3v2,"""Passive"" Suicidal thoughts","This is a pretty straight forward post, I have gotten to the point in life where I don't want to exist anymore due to one thing or another.  

I will mess up at work, nothing big, but it seems like its going to be a big thing in my mind, even though people say it isn't, as this is a new job, I am in fear of losing my job due to these things. As I said it hasn't been a big issue because I work in cell phones so numbers change very often but I will misquote something when in conversation with a customer and even though im told its OK and no big deal I just sit there and wallow in it.

I also have a pretty high disdain for the general public.  Most of my jobs have been in direct contact with the public and I basically have the mind set of just actually HATING people.  I legitimately dislike people at this point and have no want for personal relationships anymore.  This is obviously driven by my personal choices in my life such as staying with a physically and mentally abusive ex-gf for 6 years, then moving in with someone I thought would be a good choice even though there were red flags to not move in with this friend but I did anyway and he was a certifiable crazy person, which I knew to an extent but it came full force once I moved in.

 I basically had a mental breakdown between the work I was doing (liability adjuster for an insurance company, determining fault in accidents) which was supposed to be 40 hours a week, but to actually get your work done it would be around 50-55 hours a week and the roomate (by the way, this is someone I've known going on 25 years now) making things crazy at home I just was in constant shambles mentally. So with that I picked up everything I owned and moved across the country to live with my parents briefly as there was a plan for me to move later after this initial move.  Now im away from those people that gave me such anxiety and depression, away from all the craziness and potentially harmful people,  but because of all that, my mental state is basically ""who gives a shit if I wasn't here?"" And it is constant.

I will sit and just think of what would be the situation if I did kill myself, who would it REALLY affect? The only real reason I haven't done anything is because of my dog and I cant stand the thought of me not being there for her, but ive got this thought process of once she's gone, im gone because I have nothing to live for.  I haven't done jack shit with my life besides make terrible decisions for over a third of it and I am at the point where I juat dont think i want to be around anymore because i havent made anything of myself and I dont see it happening.  Im about to be 37 so its not like I have this wide open world in front of my fresh out of high-school 18 year old self anymore to make good decisions.  I again completely understand that how this has turned out is my own doing, either by naivety, stupidity, desperation to have someone other than my family care, some very obvious dependency issues, etc.  My childhood wasn't super rough or anything by any means, my parents provided for myself and my brother, we were never fully without, so I know this is my own doing.

Don't really know what the hell I can get out of this but Ive tried therapy multiple times and plenty of different medications but I always end up in the same exact spot of I dont care anymore, so I just go back and forth between freaking out about stupid things Ive done, worrying that my old roommate will come looking for me(not because of something I necessarily did, but because I no longer wanted to live with him and felt like I needed to ""reset"" myself) and he is the type of person to do that because hes just that way(part of the crazy I said earlier), worrying I'm going to get fired and then I'm out on the street because I dont have a backup or much in the way of funds to not have a job,  to then switch to ""fuck everyone, I dont even care"", to then crying because I realize just how absolutely fucked up I am on the inside and I have no one to blame other than myself. I guess im just hoping that SOMEONE understands, can give me any kind of insight or advice.  I have basically measured out how much life I have left because my dog just turned 9, so Im figuring out how to get rid of myself in the easiest and least messy way so the people I still love dont have to deal with any unnecessary cleanup and stuff. 

I have no feeling of joy anymore other than my dog and I dont want her to not know where I am, beyond that....I just dont care anymore.

Thanks to anyone who says anything really.",5,3,1753906287.0,depression,user_3130,False,True,2025-07-31T10:00:32.015134
1mdr9ju,Better off,"Feeling like everyone & everything would be better off without me here.
I adopted a 3yr old male cat 4 months ago for some company, I feel he would be better off elsewhere too, but I would miss him the most, nobody would miss me anyways, if someone were to feed him.
My family hates me, my lover left yrs ago & blocked me (she was the cheater ironically), my “friends” don’t answer me anymore, I have nobody and nothing despite 20+ yrs of working hard for it, life is absolutely pointless misery, God please take me now
Betting I can’t even get a response on reddit life is so sad these days despite viewers, guessing ppl just read this to get off on my misery, dont want any part of this existance",1,6,1753933267.0,depression,user_3131,False,True,2025-07-31T10:00:32.015134
1mdr7y7,Guys im worried about myself,"Let me explain i have been in therapy for awhile and spent a night at a pych facility gotten tons help but I am worried I am relapsing I am spending more time in bed almost as much as I used to not being able to tend to my basic needs and thinking about suicide and sh more and going back to how I was when I  genuinely was in crisis I don't want to go to a pych facility or hospital but if thats what I have to do I will also I am on medication so It could be a side affect idk what it is but I am already planning a suicide guys im in a rough spot 
What should I do",1,5,1753933129.0,depression,user_3132,False,True,2025-07-31T10:00:32.015134
1mdmdy1,Is it worth it anymore?,"Hey everyone, 

So, currently 18 and I’m not even sure anything is worth it. 

I struggle with so many things emotionally and mentally, I find myself a lot of my days dissociating from everyone and everything and living in my own head, and even that doesn’t give me peace. 

At a young age, I lost my sister to suicide, and that has messed me up for life, and last year, I lost my nephew to suicide as well and that’s just messed me up further, since I’ve struggled with self harm and suicidal thoughts for most of if not all of the day, it’s like I find myself almost fantasising about it, and it scares me.

I always had my school as an escape and as a means of distraction from my problems but now all of that has gone away and I am left with nothing, I have no distraction from these internal struggles, no classes to focus on, nothing to wake up for. 

Even when I’m outside nothing really brings me joy, I just look at things as a means of escape, I feel like I am trying to swim my way out of a bottomless trench, and I’m just being pulled further and further down day by day. 

Life sucks.
",2,4,1753919266.0,depression,user_3133,False,True,2025-07-31T10:00:32.015134
1mdm5a4,28 days and 8 hours,"28 days and 8 hours since I finished high school and the ceremony is over.
28 days and 8 hours I don't leave the house.
I haven't bathed for 7 days and 8 hours due to the cold and the illness.
5 days and 8 hours since I've been sick with the flu.
3 days and 8 hours I only eat once a day and sometimes I leave the plate.

I feel like a weirdo. I don't want to go out, I just don't have to.
I am comfortable in my house without anyone from outside disturbing what I have built in my interior space.
I myself know my weaknesses and defects, no one has to come to remind me of them and disturb my personal space.
I don't want anyone around, or know about anyone.
When I open those abandoned social networks and see what was in my social life, it gives me chills.
I no longer feel familiar, I feel like a weirdo, someone who doesn't fit in here.
28 days and 8 hours that I feel like I'm not me.

I have been staying up late since I went on vacation, sometimes for pleasure, other times because I can't stand it anymore.
I don't want to think about my future, or see my past, or know about my present. I just live and float.
I do what I like and I stop doing what I liked, a repetitive cycle.

-No, since I don't sleep, I just float.
Nobody knows about me and I don't want anyone to find out. Zero contact with outside people, I only go out to the corner to buy something from that supermarket.
My friendships took on heavy vibes, but it's not their fault.
It's like it's better that they're far away.
Well, now it's not the same.
1 day and 8 hours of existential self-doubt, a feeling of loneliness, fear and chills and 8 hours since I felt something was wrong.
8 minutes since I contacted an artificial intelligence, to control my problems.
8 seconds I think again, if I deserve to be in this world.
But no, I know I had reasons to fight, I just don't know why? It's strange... the activities that made me feel fulfilled, I feel like they don't bear fruit and only isolated me and I embrace my loneliness.
My father stopped complaining and my mother only has love to give.
He tells me not to tell me that I am useless and that I don't contribute anything.
Well, I don't have to, I'm a minor.
But I want to do something with my life and not always be in the dark.
I want to be known and not be a frustrated and alone man.
I'm not improvising, I'm just writing what I feel in this message.
28 days and 8 hours that I have not touched the grass. I just sink deeper and feel like I did it. Touch the void? Am I at the bottom? But there's a part of me that wants out.

Well, it's true that depression or whatever is happening to me right now... (Well, I don't have a diagnosis and I'm not looking to doubt myself) IS CHILLINGLY COMFORTING!
Well, sadness does not seek to judge me, it just lets what has to happen happen.
I can only hug her and honestly, although it is chilling, depressing and consumes a lot of stability and mental exhaustion, it is true that it is comforting and calm.
I stay here.
I stay at home doing what I like. Playing video games, watching videos and not knowing what life has in store for me.
I feel like I'm not well, but I don't know what's wrong with me.
Well, I have it all! Food, housing. But I think it is deeper and not superficial.
The affection and love of my mother, father or brother is not enough, I want to experience something real, but at the same time not send everything overboard on a simple impulse. What the hell do I do in a situation like mine? I recognize that I am a sensitive and anxious person and yet, do I want to experience love without loving myself first? Am I ready for a relationship or can this relationship destroy me even more? I idealize a particular woman in my head.
It makes me believe that this is what my ideal love should be like. I fantasize about meeting that person in real life. There's something about that type of relationship that I idealize that activates the sensors in my heart or head and it just does its thing.

[A TRUTH...]
I have never had a partner, nor have I experienced love despite being young.
I don't want to mention to myself, that it's okay, that I don't have to rush.
But another part of me feels like a piece is missing.
But a love as beautiful as the one I fantasize about seems null and impossible, it only sinks me more. Living an experience with an innocent, unconditional and also attractive person can be depressing because I see myself again, both my physical attractiveness and my interests and tastes,
I feel like I miss opportunities.
Well, no matter how strong I look to others, I'm also a child on the inside, and even if people think I'm like them.
Deep down and in the most intimate part of me, maybe I'm a weirdo... Only no one knows that version of me.
28 days and 8 hours to enter high school.
It scares me, not because of this new stage, but because of who I am, why is this happening to me?
Yes, I'm supposed to be an outgoing guy who strived to be the version of himself he wanted so much.
I know there is a part of me that doesn't want to heal, and I know it because I feel it in my heart like a sharp needle, saying that I am fine like this and that I am comfortable. That I can progress quietly and just by working and doing things. [ERROR, it no longer gratifies me.]

I want to experience a different love. I no longer feel that my family's love is enough. Idealizing and dreaming of the right person is painful, because he or she does not exist.
That person has not come into my life.
And yes, I have had the opportunity to have something with some beautiful women.

But I don't feel comfortable or that it's what I want to be in a relationship.
I hate that.
Well, I understand that I am not looking for a fictional character, but rather his qualities in a real person.
I don't idealize her to exist, but someone with such tender characteristics, someone who I feel proud to say is my girlfriend.
But as a person at the same time, I feel like I haven't loved myself because I feel unlikely to experience that love because of my own characteristics.
I'm also tired of channeling that into various things sometimes.
How to wander the networks or release it through sexual tension.

It's strange, I hate that my family is involved in this, and I don't want to involve them with my problems, as if this world is mine and they have nothing to do with it.
Not out of selfishness, of course not, but simply his presence is not what I am actively seeking in this problem.
But I just don't know yet.
For other people it's like it doesn't exist...
If I hanged myself or something happened to me, the most painful thing is that the world continues its course and few people would care.
We are at that stage.
And what do my parents think about this?
They don't know about this, only the superficial.
-You still left food on the plate.
-Why do you always wake up so tired?
-Is something wrong with you?
The magic answer is always:
""I'm fine""

This is an internal struggle.
No one but myself will understand this...
because it is not tangible or easy to express.
I just want to know what will become of me...
The days pass and the day of my death is slowly approaching.
If there is a god, I beg him for mercy
-28 days and 9 hours now. That happened without me realizing it.-

[EDIT] All this was improvised, without order or for artistic purposes.
It was an outburst of anger, of sadness, of strong emotions that told me, write what happens to you.
You can take what you want from this message.
Advice is accepted.
",2,2,1753918624.0,depression,user_3134,False,True,2025-07-31T10:00:32.015134
1mdlyqm,What actually helped?,"I know nothing is going to be a cure but maybe there is something out there that could just give me a little boost. I’ve struggled with pretty aggressive depression all my life. I cannot remember a time where I did not feel it. I’ve done therapy, I’m on meds, I see a psychiatrist. All of that has helped but I still don’t feel like a person. My meds and therapy got me from a dark place to a better one, but I still feel pretty awful. It’s hard to do my job. It’s hard to feel anything for the people I love most. It’s hard to feel my own skin. I always feel guilty. I’m regularly just unhappy and bored. I’m so exhausted and nothing makes it better. I feel like a bad partner and a bad friend and I’m at the end of my rope. Has anyone tried something that gave them just a little relief? Doesn’t have to be life changing, just desperate to find something healthy that I haven’t tried. ",2,1,1753918143.0,depression,user_3135,False,True,2025-07-31T10:00:32.015134
1md1cjc,Death by heroin,"I'm not a drug user and I've never had any hard drugs. Recently I've been considering instead of kms with pills I'd do a “hot shot” of heroin. Does anyone know what a lethal dose is for someone who's never had this before? 

Edit: this has only become an option in my head as a last resort. I moved states a year ago and I had access to pills in the other state that I don’t here. Those pills are the ones I used for previous attempts. Apparently the body can withstand way more than you think. Thank you for your comments I’ve read them all. ",30,44,1753865163.0,depression,user_3136,False,True,2025-07-31T10:00:32.015134
1md9jcw,"A painless exit, is it not possible?","I tried. I couldn’t. I’m such a coward afterwards, they say the first attempt make you stronger and more knowledgable for the second time but the pain was agony I don’t want to go through it again. I hurt my love ones yet i can’t help to feel any love for myself. I watched Ozark recently and struck by the scene where the older lady (sorry forgot her name) grind apple or peach seeds as poison (she used in a bad way to harm others) but that made me wonder if it’s better than what i did that left the mark on my throat.   I don’t know. I don’t know if it’s possible to have no agony in death. I don’t mind being dead and contribute my decomposed body back to nature where it can feed birds and trees. I just don’t want that pain, or any type of pain, anymore. 
Sorry for the vent. Take care. ",8,3,1753889128.0,depression,user_3137,False,True,2025-07-31T10:00:32.015134
1mdpvs6,I want to see if anyone relates to this,"I wrote this awhile back, and now I want to see if anyone on reddit kind of gets what i was saying

It always seems as if everyone who would struggle to do their hobby, does it. The man with no legs runs for the olympics, the deaf man becomes a pianist. I think you see what I’m getting at. You know me personally, I’m completely abled. Yet, I gain no motivation to do anything ever, I just kinda do things when someone tells me. I’m going to study it, but it seems like the idea of rebelling against what society says that you can do is what motivates people the most. It reminds me of when I was in first grade and my mother said I could never clean my room, because I couldn't. I dedicated every moment to making that room spotless after that. 

I’d like to say I’m good at writing, words in general. But of course I’m a middle schooler. I have a computer, and all the time in the world. Yet I sit down to write once every few months maybe. And the moment I gain the mental ability to just open my computer, all the ideas I had while sitting in my bed and trying to gain my attachment to reality disappear. I think back to before I got my period, you know before puberty hits you like a brick wall and I can see these habits manifesting. At that time I wasn’t forced to do much, I kind of was just caught in the middle of life, and my mother felt like giving me chores would give me no chance to actually be a kid.

	I’ve never been diagnosed with anything yet, however my talk therapist said she thought I have GAD and she described the way I was feeling a lot as “burn out” or ""depression"". I’d say I’m an odd case because I don’t remember a time where I felt “normal” or “good” like of course my brain produces serotonin and stuff, but like I kind of don’t feel good most of the time. I could connect this back to how as a small child I was described as “serious”, “mature”, and “gifted”. I always assumed this was because I was respectful, and got good marks, but maybe this rooted somewhere else in me. 

What I’m getting at here, as a “burnt out” person I find that I wish someone would make it hard for me to play the piano, write, or do something else revolutionary.

I don't 100% counts on asking for help. i kind of just want to feel validated and have someone tell me ""hey dude, yeah that's normal and you can get through it with dedication"".",1,2,1753929134.0,depression,user_3138,False,True,2025-07-31T10:00:32.015134
1mdkwcl,Started selfharming,"Got Autism and depression, which I never really received help with other that SSRIs. 
From around puberty (when I began noticing that I was not shaped like the other kids) I got the urge to do something to myself, but been too scared of the act of actually cutting myself (and the fear of my parents finding out). 

Welp, life went on and I pulled myself through an education whilst dealing with a lot upstairs.
Now, I am 'an adult' and have to navigate living far away from everything I know, figuring my new job out, and need to take care of myself and my living quarters. 
Let us put it simply: it has been hard. 
I mess up vital things at work, I don't eat, I don't clean, and I am lonely as hell, which leads to even more work-duckups. 

Recently, I got struck with the idea of scolding my arms with matches instead of cutting, and it has been pretty addictive. Though, I kinda disgust myself with what I am doing, but it feels justified when I mess something up, I can 'punish' myself with a new burn. It's also distracting, so I can think about the physical pain instead of the stuff in my head. 

The times I tried getting help, ended up with pills and therapy rejection (because autism is apparently a deal-breaker) and it is too expensive to fund it myself. 
I don't really know what I am doing, but I know it's wrong.",2,0,1753915383.0,depression,user_3139,False,True,2025-07-31T10:00:32.015134
1mdprpg,FMLA eligible?,"Hi, I’m not sure if this is the right sub to post in so I apologize if so. 

I want to stop taking venlafaxine, but it has terrible withdrawal symptoms including all of the following: agitation, anorexia, anxiety, confusion, impaired coordination, diarrhea, dizziness, dry mouth, dysphoric mood, fasciculation, fatigue, headaches, hypomania, insomnia, nausea, nervousness, nightmares, sensory disturbances (including shock-like electrical sensations), somnolence, sweating, tremor, vertigo, and vomiting. I am on a high dosage, that when I stop taking the medication for even a day, I get flu like symptoms with horrendous headaches, dizziness, etc

I am curious if I would be eligible for medical leave while I come off this medication. I only have 5 sick days available per year, and I can’t imagine trying to work while I make this transition. Even if I decreased my dosage slowly over time, the likelihood of withdrawal symptoms still occurring is very high. 

Any advice on how to proceed would be greatly appreciated. ",1,3,1753928813.0,depression,user_3140,False,True,2025-07-31T10:00:32.015134
1mdplu1,I want to end my life,"As what the title says, I’m lost I have no direction I’m a 24 year old male with nothing going on for me, the love of my life ended things with me almost three months ago we don’t contact each other I wasn’t a cheater nor an abuser I just failed her as a man too many times we were together for 1.4 years that has been the best year of my life, I know the whole “plenty of fish in the sea” thing but she was perfect for me we had all the same interest and the same hobbies and now it’s all gone, I’m struggling with life I don’t know what to do or where to go Ive been depressed way before losing her, people tell me I’m an attractive guy but my self esteem is so low it always has been I think the worst of my self I’ve been in a constant battle in my head as of late it’s getting worse and worse I don’t care about the future anymore I don’t really care about living anymore I want to end it and relive myself of the worlds pain as Kurt cobain once said “I’d rather burn out than fade away”",1,1,1753928347.0,depression,user_3141,False,True,2025-07-31T10:00:32.015134
1mdbdn0,I’m really lonely. Can’t form connections.,"
I'm 21. I have no friends. I'm always by myself and I don't really feel anything anymore I don’t feel alive. There is nothing I can do with anyone in my life. I’m alone. As I look how people are together, I find myself feeling jealous of others often. because I know that no matter what I do, I will never be able to talk and be with them having fun, fall in love, while I never had a Ġ.F in my life and I can’t even makes friends.

I have autism It makes getting to know people more difficult than it should be. I've always battled low self-esteem, which I work hard to improve. My hobbies, including reading and playing video games, art and some more but they no longer seem enjoyable, and I feel as though I will constantly be by myself. I'm not sure if it's to do with depression or loneliness, but I feel this way constantly. when im at home while I'm not working or in class I’m always thinking about why I shouldn't end my life right now.


",6,1,1753893308.0,depression,user_0719,False,True,2025-07-31T10:00:32.015134
1mdklbm,what to like do if hate myself,like what the flip am i soppesed to do.  like people just act like im joking when i say i hate myself so much. and like what can i do to stop this. i reallly cant do this much longer- like i just hate everything about myself and the person i am. there not a single thing i like about myself. aand i just really feel like i just so everything wrong and disepoint everybody i know aand talk to. like pls help,2,0,1753914623.0,depression,user_3142,False,True,2025-07-31T10:00:32.015134
1mdetow,nothing helps,"i go to the gym every day and i am still miserable

i cleaned up my diet and eat healthily and i am still miserable

i journal and i am still miserable 

i am in therapy and i am still miserable

im on meds and i am still miserable

i have social support and i am still miserable

i have no responsibilities and i am still miserable

life is a great endless pulsating black sludge of misery and pain",3,0,1753901039.0,depression,user_3143,False,True,2025-07-31T10:00:32.015134
1mdkc0o,Stopped antidepressants/looking for advice,"Had to temporarily stop antidepressants for external motive. It's been almost a month and I hate everyone around me. I'll be back on my meds in 3-4 months, but till then, does anybody has advice on how to live with the people I love without hating them?",2,1,1753913973.0,depression,user_3144,False,True,2025-07-31T10:00:32.015134
1mdk7eh,Hi,I just wanted to be good at one thing but everything doesnt work. I tried so hard I dont think i can try anymore,2,2,1753913668.0,depression,user_3145,False,True,2025-07-31T10:00:32.015134
1mdk41a,Masking,"I’m a 21 m that feels like the fakest person alive. I have done 10 months of therapy. In a work setting I’m considered the positive person but I feel so fake. That positivity and confidence stops almost immediately when I’m alone. I just want happy with the real me, no second guessing or hating myself for every little thing.",2,0,1753913439.0,depression,user_3146,False,True,2025-07-31T10:00:32.015134
1mdk3ns,How do I find the will to live,Hi everyone 24m recently got into the art school of my dreams feels like everyone around me is so much better and younger genuinely feel out of my depth and can feel my window of opportunity closing isolated myself a lot post covid and I don’t really see myself being around much longer  (therapist asked me to visualise my future and I can’t see anything) I see how much my folks are paying for tuition and feel so much shame for being such a flunky Feels like the only reason I haven’t done it yet is that it would hurt them and my younger sister idk how do I find the will to live for myself as living for the sake of others has been a heavy burden that I can’t really carry anymore just tired of being a failure man ,2,0,1753913414.0,depression,user_3147,False,True,2025-07-31T10:00:32.015134
1mdoyu8,Sometimes when I’m like this,"My mom gets brought up in my head, I lost her, in my hands, people don’t know what that was like, it was the death of me aswell. I have never felt the same, I drift along, do my best, I’m 21, no one’s taught me and just now got someone who can help me take care of myself, she’s my everything but I feel pathetic compared to her, it feels like I’m not working anymore, like I’m not working for her anymore, or I can’t really do this life shit like I thought I could. I just don’t know. Mental status is destroyed right now, and sometimes when I get like this I get bad thoughts, I have cravings I used to be suicidal I don’t want to be anymore, it’s just a lot.",1,1,1753926543.0,depression,user_3148,False,True,2025-07-31T10:00:32.015134
1md5a6r,fantasy about running away,"In my early 40s, severely depressed, massively struggling at work, does anyone else have a fantasy about running away as an alternative to suicide? ",12,7,1753878552.0,depression,user_3149,False,True,2025-07-31T10:00:32.015134
1mdog1r,Suicidal ideation,"I don't know how much more of this I can take, I don't want to be here anymore. It has been this way for years, since I was in elementary school. I am thinking about attempting again.",1,0,1753925037.0,depression,user_3150,False,True,2025-07-31T10:00:32.015134
1mdfw88,Funny how strangers stab deeper than enemies.,"You ever notice how it’s never your biggest enemies that break you it’s the ones you sit with for tea, talk small dreams with, trade tiny secrets?
You trust the stranger-turned-friend ‘cause the mask fits so soft  until the day it slips. Suddenly, the smile’s gone and you’re left counting how many pieces you gave them to break.

Old kings knew: Keep your enemies close but never feed your secrets to the hungry.

I learned late. Betrayal don’t come loud  it comes in half-smiles and back steps when you’re not looking.
Just needed to spit this out tonight. If you’re carrying fresh cuts from someone you called ‘brother’, ‘friend’, ‘family’  you ain’t the only ghost sitting up at 3am wondering how you trusted a snake with your heartbeat.

Stay cold. Stay wise. Don’t stop being good  just stop being easy.
If you’ve ever been stabbed by a handshake, drop a word below. No pity  just scars trading stories.",3,1,1753903466.0,depression,user_0566,False,True,2025-07-31T10:00:32.015134
1mdoav8,I feel like a burden.,Ever relationship I have ever had I have felt like a burden. I have social anxiety and no confidence in myself which makes it extremely hard to find a job and keep it. I feel like everyone has to support me. Lately I feel like I could make everyone's lives easier if I just died. Just ranting. Sorry if I bothered anyone. Bye.,1,0,1753924622.0,depression,user_3151,False,True,2025-07-31T10:00:32.015134
1mdd8sp,🥲,anyone else just burnt out and have no will to live anymore? ,5,1,1753897487.0,depression,user_3152,False,True,2025-07-31T10:00:32.015134
1mdo9iv,?,I dont know how I am anymore and have a concert in 8 days and I dont even want to go cause I dont feel human,1,0,1753924513.0,depression,user_3153,False,True,2025-07-31T10:00:32.015134
1mdo70l,I’m going to get fired.,"I don’t think I’m gonna be able
To survive it. ",1,6,1753924309.0,depression,user_3154,False,True,2025-07-31T10:00:32.015134
1mdo6yd,I feel half-alive,"I know this isn't all there is to life. I want to believe I can achieve more, but I struggle with that notion. I have a deep deep hole in my heart and I can't fill it.

Was abused and neglected as a kid and I know it was tough looking back on it, but my god I'm 21 now and it still has effects on me. I'm at a loss, my future is completely unknown and that neither excites nor scares me. I haven't enjoyed my life much and in my ""prime"" right now so it's probably gonna get worse from here.

Even hoping for a better life these days feels more foolish each passing day. Hoping in of itself is exhausting now.

Sending love to whoever reads.",1,0,1753924304.0,depression,user_3155,True,True,2025-07-31T10:00:32.015134
1mdo4fj,I think there is something wrong with me,"I feel empty, physically mentally emotionally. I dont think I've felt a real emotion today other than indifference and listlessness. I can't sleep. I slept 4 hours today. I can't make music anymore because the stuff I had for making my songs is gone, now I feel like I'm just bottling everything up. All my friends are leaving this year because they graduate, and I'll never see them again. Never again. I keep losing weight too, I think I might have gained a disorder or something. Everytime I eat I feel disgusting and I feel like I'm going to throw up, but I do my best not too. Even if I'm thinner than I was when I look in the mirror I'm still disgusted with myself. Everything sucke. My Aunt ended her own life not too long ago, and I haven't really dealt with that yet, mainly because I dont want to. I was talking to this girl when she ghosted me out of nowhere, and that hurt pretty bad. It was right before a game and we lost and it felt like my fault. I can pretend to be happy pretty easily, ive been doing it since we practically cut off my family and moved. But at some point, you want somebody to see the real you. 

I just need someone to talk to, maybe to help me feel better but rn I'm alone again",1,0,1753924103.0,depression,user_3156,False,True,2025-07-31T10:00:32.015134
1mdfdsa,A conversation is all it takes!,"I (21F) have had depression for 10 years. It's been very lonely so far. The kind of loneliness that manifests as a chest ache. A hello or a nod of acknowledgement goes a long way for me, though it is usually just an insignificant act for the other party. 

Growing up, I've never received wishes for my birthday. I've never hung out with a group or experienced anything a person normally would during their childhood. It's been tough to go through experiences that a child normally wouldn't go through and have to bottle it up for years. Some part of me tries to suppress the bad memories but I end up seeing it in my nightmares every night.

I feel I'd be much better if I had people to have conversations with.

Some part of me believes this is a never ending nightmare. I've attempted around 13-14 times but now, I am tempted to try again. Earlier I would try the not so risky methods since I believed that after all this suffering, I deserve a relatively less horrid death. However now, I am just tempted to take rat poison and end it all.",3,0,1753902300.0,depression,user_3157,False,True,2025-07-31T10:00:32.015134
1mdo02c,Im depressed,"I’m really depressed because I wasn’t able to make it into the military. I really wanted to be a marine. I lost 125 lbs in 8 months and I spent 5 months consistently going to weekly workouts and poolee events. I wanted to prove myself that I had what it takes.

I signed my enlistment forms with my father the day that I turned 17. I took my Asvab at meps the same week and unfortunately was unable to score high enough. I ended up homeless after high school sleeping in my car and tried to take my life.

I had a point where I gave up on life and I regret my decision. I got a stable job and started taking better care of myself. I started studying for my Asvab while moving into an apartment with my girlfriend. When I went back to my recruiter to retake my test he said I was disqualified.

The Genesis health system showed stuff that was outdated and inaccurate. It showed that I had bipolar and a mood disorder supposably when I was 11. I had to get a psych evaluation and they made a form to show that I was mentally stable for military service. 

Even with having passed a psych evaluation they have been denying me anyway. I was told information I wasn’t suppose to hear which is my marine recruiter said that I was “a danger to everyone and myself to the meps facility”. Because of his vindictive statement that was out of line. I have been unable to enlist in the military.

I’m really depressed about it and I can’t get over it. I worked really hard to try to get into the military and it’s unfair. My girlfriend was a marine boot and she has seen the stuff I had to deal with in this process. Even though I’m medically cleared I’m still not being approved and I just don’t know how to deal with it.
",1,0,1753923752.0,depression,user_0093,False,True,2025-07-31T10:00:32.015134
1md7uzx,I dont know why am i depressed ?!,"I dont understand why am i depressed? 
There is nothing worng with my life but i feel so guilty and depressed its making me insane
I just feel so empty 

I want to play video games or just go out but i can i feel no joy ( and its actually makes me more depressed after doing them ) 

What is wrong with me ? 

Sorry for the rant",7,5,1753885209.0,depression,user_3158,False,True,2025-07-31T10:00:32.015134
1mdnifn,Am dieing too damn slow,"Death is taking so damn long to come to me. I really just want to drop effing dead.

Yo ! Grim Reaper!! I'm over here !! {Waves arms while jumping up and down}",1,0,1753922370.0,depression,user_0064,False,True,2025-07-31T10:00:32.015134
1mdi3y6,i just can’t do it anymore,i don’t even have anyone to talk to i just don’t know what to do. i’m so done. i wish i just had the guts to end it. ,2,1,1753908630.0,depression,user_3159,False,True,2025-07-31T10:00:32.015134
1mdncqq,Suicidal thoughts are normal and really common,"I’ve been recently reflecting a lot on how suicidal thoughts are perceived, and I want to share a perspective that might be a little different from the usual narrative. From my experience and understanding, suicidal thoughts are not inherently a sign that something is “wrong” or that someone is broken beyond repair. Instead, I see them as a natural part of the complex human mind, a natural mental mechanism, much like intrusive thoughts or emotional pain.

These thoughts can arise during moments of deep suffering, overwhelm, or exhaustion. They’re not dangerous by themselves; what matters is how we relate to them and whether we act on them. For me, recognizing suicidal thoughts as “normal” allows me to observe them without panic or shame, like noticing an uncomfortable signal from my brain, rather than a command.

Of course, this doesn’t mean anyone should face these feelings alone or ignore the need for support. But removing some of the stigma around these thoughts can help people understand themselves better and feel less isolated.

I'm actually starting to think suicidal thoughts can be good in some cases.

I’m curious, has anyone else found that accepting these kinds of thoughts as part of their natural mental landscape actually helped them cope better?",1,0,1753921934.0,depression,user_3160,False,True,2025-07-31T10:00:32.015134
1mdhwdr,Depressive cycles,"Hi everyone, 

I have never actually posted on the subreddit, but I haven’t felt this depressed in ages. Last week, I was doing much better working out, making food at home, studying, but for context… I was married and left my emotionally abusive marriage in May and also recently found out I was also cheated on during the marriage… (June) 

So, I made a plan to pick myself up and spend the summer working out and working on myself, loving myself, and just trying to live. (I’m a teacher, F, 27) but on Sunday I did a 5k and after that since Sunday all I’ve done is eat, be home, did some laundry, shower, read a book, and wallow… I like to workout but I don’t even want to leave my house… I also want to study for the LSAT to become a lawyer… but I can’t even manage that… I try my best to make a to do list, I’ve been blocking off my apps with the app one sec to try to just block social media, but I’m in such a depressive rut… all I wanna do is eat bad food and possibly cry a bit. 

Any advice? 

Best, 
Sad girl ",2,0,1753908138.0,depression,user_3161,False,True,2025-07-31T10:00:32.015134
1mddslj,I worry I'll never feel like I'm good enough..,"I really don't like to complain and like there is such a stigma around expressing these kinds of feelings as a man but I just don't know what I need to do to feel like I'm enough

I always thought it was being overweight that was making me feel low and I mean admittedly I still have a ways to go but I'm 2/3 of my way to my goal weight down over 120 lbs and i just can't stand to look at my self.

Every time I achieve something I either feel bad I didn't do better or if I do better than expected I just feel like an imposter because I probably couldn't do it twice.

I am tired all the time and recently have been skipping workouts because I'm just too tired but then I can't sleep and i just lay in bed until 1am then I need to be up for 6am for work at my dead end job that pays just barely enough to get by.

I'm in the process of applying for the RCMP which would be a major pay increase and would get me into a career instead of just a desk job but I worry about my ability to keep up with the demands for the physical training and every success I have in that direction just brings on more feelings of being a fraude or a imposter.

I've in the last few days been hit with such a major wave of just feeling terrible it feels like times not even moving like I'm spending hours waiting for minutes to go by and feeling like I'm going to be physically sick.

I'm supposed to be going to look at a house I'm trying to buy tomorrow but even that feels hollow like a waste of time and like a chore. 

I feel so lonely ",3,1,1753898701.0,depression,user_3162,False,True,2025-07-31T10:00:32.015134
1mdgy5f,"Just don't care, at all","I wake up, and I don't care. No matter what the day holds, I just don't give a damn. I was due for open heart surgery in a few months, but I declined it. The wife is pissed off, but I do not care at all.  I know what it means in the end, and I don't care. She could leave today, and I wouldn't give a damn. I haven't cared about anything since I got Covid around 4 years ago.  Now I have a list of health problems that makes War & Peace look like a short story.  It stole everything from me.  According to all my doctors, I should have died.  It would have been much simpler if I did. I lost my career as explosives engineer I worked almost 20 years to get. Lost my ability to drive on 3 occasions since due to random blackouts. Worked my entire life to lose it all from an illness I had no control over.  The last time I cared about anything was when I was healthy, had a career I cared about and felt alive. Now it's all gone and I can't get it back. Am I suicidal?  No. I just don't care either way.  Am I depressed?  That's an understatement. 

Rant over. Thanks for the outlet. ",2,0,1753905906.0,depression,user_3163,False,True,2025-07-31T10:00:32.015134
1mdgp1s,Help- mom of depressed teen,"My 14 year old was diagnosed earlier this year with depression. She was prescribed lexapro. I give her the medication every day she is with me (4 days a week), but her dad doesn’t give it to her at all. He doesn’t believe she is depressed or needs the medication. He’s high conflict and refuses to listen to me.

I started sending her meds with her every week so she could take them on her own. However, I found notes in her room that suggest she is having SI and lying to us about not having it during her monthly psych visits. Because of this, I don’t think she is taking the meds at her dad’s house, even though I’ve told her the side effects of not taking the medication as prescribed. I don’t know what to do. ",2,4,1753905332.0,depression,user_3164,False,True,2025-07-31T10:00:32.015134
1mdm7d3,Put on four different medications but still only diagnosed with “MDD with anxious moods”,"Pretty self explanatory title, I, (17F) am on Bupropion for depression, Lamatrogine for mood stabilization, Olanzapine as an antipsychotic, and the newest addition, Propranolol, for anxiety. 

Im not looking for any specific diagnosis, it just would be nice to have a better understanding of what’s going on in my head. I’ve dealt with mental health issues for a long time. The Bupropion and Lamatrogine were working for a bit but I’m kinda back at square one.  Days where I feel empty, or constantly on edge, having fits of rage or just a full blown mental breakdown, sobbing, hyperventilating,  Blah blah blah.

It feels shitty and exhausting. I wish I knew a little bit about what was going on so that I could get more specialized treatment. Is there anyone else with the same problem? Maybe it really is just that? Idk would like some advice or insight ",1,0,1753918777.0,depression,user_3165,False,True,2025-07-31T10:00:32.015134
1mdd335,“Heartbroken”,"Hey guys. So im in a situation where my ex is now getting married. Or probably now married. The relationship ended because i am so toxic and couldnt commit. Im am in a spiral everyday and night about the things that ive done and the what ifs. I lost interest in everything. I lost interest in women. I lost the sex drive too. Even just the normal things i do in my life, i lost interest. I wonder. Could this be actually depression? I do not want to claim it to be depression because i dont want to constantly make myself claim that it is. But i was reading and i saw that these things i listed are common signs of depression. I badly need help and i do not havr the money to get a therapist. Anyone going thru the same thing? ",3,4,1753897141.0,depression,user_3166,False,True,2025-07-31T10:00:32.015134
1md4q19,I wish I was never born,"I've tried. But I am tired. I am tired to wake up every single day, regretting that I did not die in my sleep. Regretting that I have to survive another day while I am already rotting inside. I guess that life doesn't love every person that exists. It would explain tragedies and accidents, and it would explain why some are happy while others suffer. Those lucky enough will be able to enjoy life, but those others will only continue limping towards their true peace.

I was afraid my whole life that I will die alone. That I will be trapped in my own mind with nobody to be there for me. And I guess that this is the only way my life will end no matter what I do. I know people would tell me to only care and think about myself. But I want to be understood too. I can't love myself. No matter how hard I have tried, I cannot bring myself to love me. It's impossible to accomplish when I am aware of the fact that nobody ever loved me either. And if nobody did, why would I? Maybe I am not worth loving. When everyone has the same oppinion on you, then maybe you truly are the problem. So why would you think different?

Though, it does hurt me. I have tried myself to be a good person. I know I wasn't the best, but I wasn't the worst either. I was just human. But for whatever reason, I wasn't treated like a human. Seen as a freak by everyone, abandoned when I was getting attached, isolated from the whole society. My whole existence did not matter to anyone. It was ignored, like a meaningless parasite of the world. How much I have tried to feel like I belong somewhere. Like I found a person that would notice that I am alive too. I didn't ask for love or best friends or a family of my own. Just one single person to notice my existence. To feel like I am alive here as well. But no matter how hard I tried, I always ended up alone in my own thoughts.

I guess that people are right. You can't save everyone. And maybe I wasn't even worth trying to be saved. To be shown that I am human as well. To feel like I am worth something. Like I can do something myself. Maybe in the end, those born as a nobody will forever remain that way. And there is no meaning in trying to change what fate has planned for them.",8,2,1753876941.0,depression,user_0061,False,True,2025-07-31T10:00:32.015134
1md5kt8,43 with depression and hopeless,"I’m a 43 year old male with no children, limited education or skills, no savings, no assets, and currently unemployed. My partner of 15 years has been growing distant, and I’m honestly surprised she’s still with me. I started working in my 20s doing data entry. In my 30s, I got involved in drug dealing. It was ok for a while, but eventually I got into legal trouble. Wanting to turn things around, I enrolled in a coding bootcamp for web development. I completed the program, but couldn’t land an entry level job. After years of trying, I’ve mostly given up on that path. I still code for fun and enjoy it, but it doesn’t pay the bills. I managed to find a job as a cook for two years until the restaurant shut down in 2023. Since then, I’ve been actively looking for any kind of work, but haven’t had any luck. Each day, I feel more depressed. I lack motivation, my health is declining, and I feel like I’ve lost all hope. It’s hard to see a future for myself. I’ve had thoughts about the inevitable many times. If you're still reading this, thank you, and I’m sorry if this came off as a rant.",8,3,1753879366.0,depression,user_3167,False,True,2025-07-31T10:00:32.015134
1md9nkh,Not sure where to go from here,"By all means I’ve had a good run of it through life. My family is very supportive and wants the best for me, I have a good group of guys I could reach out to if I ever wanted to do something or chat and my health has been good. I’ve had a bit of a struggle finding the motivation to get through university so I am a bit behind my high school buddies but that should be nothing. I just don’t see what I’m doing anything for. Why should I deal with anything? The good just doesn’t outweigh the bad.

My parents paid for a trip to Japan with a couple friends and I’m here now. It’s been fun but I don’t think this is enough payoff to get through the rest of the normal days. I like the guys I’m travelling with but I feel like people get under my skin so easily. I don’t know what to do I just slowly grow to hate their mannerisms and how they talk to me. I don’t really know anymore. I don’t like being alone but I don’t like being around anyone it seems. I feel like it’s been that way since I was in middle school. I just can’t find that connection with people.

I don’t know what I’m looking for with this post. I’m sure somebody can relate. Looking for any advice I guess. Unlikely I’ll be able to put it into practice who knows.

Thanks ",5,8,1753889393.0,depression,user_3168,False,True,2025-07-31T10:00:32.015134
1mdl9c8,Vacation,I thought going on vacation and trying to have fun would help me feel better it didn’t I’m still going through with it ,1,1,1753916305.0,depression,user_1726,False,True,2025-07-31T10:00:32.015134
1mdkvxb,How can I help my boyfriend who refuses help?,"
I've been really worried lately.

I've been dating my boyfriend for 7 months. We are both young, I will finish high school next year and he will finish this year.

He has been fighting depression for a few years and at first he went to a psychologist, who was not suitable and on the first day he informed him that he was suffering from depression and that he should take medication. Because of this, he stopped treatment and never returned.

When we started dating, I had already noticed that he was discouraged and had low self-esteem, but I didn't know that the hole was so deep. 

Three months ago, he tried to commit suicide, but gave up because of the method. Two days later, he planned everything, and this time, he told me, he said he didn't intend to continue with his life that day and after a lot of conversation I managed to convince him not to do it, he undid the things he had prepared to do, and this time, he thought I had saved him, but that wasn't the case, because when he returned home, the temptation and desire returned. After that, we became much closer and I started paying more attention to him.

Three weeks passed and he told me he was going to try again, that he couldn't take it anymore and that things would get better for everyone if he died. (A few days before, his father was putting a lot of pressure on him, and started hounding him for an answer to my boyfriend's distancing and the way he was acting). That day I broke down, cried a lot and spent the whole day exchanging long messages with him trying to convince him to stay. And after a lot of anxiety and attempts, I did it. It's been about two months since this happened and he says he promised himself that he won't do anything because of me, and that even though he doesn't have the strength, he will try to make me happy.

Even after that, I still worry daily because he says everything is getting worse. He has insomnia and doesn't sleep well, he lives with a mother who appears to have mental disorders and has a father who lives elsewhere, who isn't bad, but doesn't understand him. 

He refuses to undergo treatment, refuses to take medication and is very stubborn in his pessimistic point of view. He is very interested in suicide and consumes a lot of content about suicide, such as books, documents, letters and works in general about pessimistic and suicidal philosophers. He is very stubborn and closed, his mind finds comfort in misfortune and refuses to let it go. He's trapped in a bubble of self-loathing and doesn't seem willing to leave. He no longer finds pleasure in talking to anyone or doing anything.  I really want to help you, but I don't know how. I do my best to show him how much I love him and try to change his point of view, but he doesn't seem to want to open up. 

I love him and he loves me, we only have each other and I refuse to give up on him. I'm the only light he has and I need to make that count. I'm afraid of how things will go next year. Since he is going to college and will probably start working. Because of school and me having strict parents, it will be harder for us to see each other. And what worries me most is how we're going to keep in touch.  Even though we have the internet, like I said, talking isn't easy for him and I don't want to tire him with text messages, plus I'm also terrible at expressing myself and communicating. 
Because of this, I'm afraid I won't be able to help you as I would like.

I can't lose him and I can't let him sink deeper into depression. How can I help you? How can I change the way he sees himself? How can I make him realize that he deserves to be happy? ",1,0,1753915354.0,depression,user_3169,False,True,2025-07-31T10:00:32.015134
1mdkrji,Not hungry,"My appetite is nonexistent. I can go hours and hours without eating and it feels like a chore. I don’t get enjoyment out of eating anymore. My mom makes me eat and makes me get out of my room and I hate it. I get frustrated when my mom yells at me about what I want to eat because she won’t take “nothing” as an answer. I’ve been sleeping on and off since I woke up. I just hate having to eat so much, but my mom keeps forcing me to ",1,2,1753915050.0,depression,user_0157,False,True,2025-07-31T10:00:32.015134
1mden7y,WIBTA to move house and not pay last months rent.,"I've been renting a house from my dad for 8 years. I've become really unhappy and depressed. 

The house is a mess. The kitchen fell through about 2 years ago and it's been leaking again. 

Also my kitchen tap is leaking and the bath has never had a panel on it. My dad doesn't care he only cares about working. I said to him many times what about my leaking tap. He replied ""what about my damaged car!?"" 

So I'm thinking of leaving. Saving the deposit (what would be rent) for a new house I'm going to see next week to rent and not pay anything. I'm just going to leave.
I have been so depressed i wanted to end my life. ",2,1,1753900624.0,depression,user_3170,False,True,2025-07-31T10:00:32.015134
1md5cx9,I know I’m going do it,"I have fully decided to end(me) idk if I can say it on here. I couldn’t just do it yesterday I was to scared. 
I haven’t figured out how is the problem I don’t want to chicken out and it be worse. 

I’m at work today and instead of working I’m planning it out in my head

I was thinking after a event coming up

Just ending it but I don’t know if I can make it that long I just want to end it all but I’m afraid

I fail at everything ",6,2,1753878765.0,depression,user_1622,False,True,2025-07-31T10:00:32.015134
1mdaxfx,why,"I don't know where to begin at this point, but my life feels empty, I have gotten to a point I'm asking why are you this way? All I understand at this point is I feel like im completely alone. Im forgettable, I hate it but I dont know what to do about it, up until a few months ago I was ok, had a decent-ish job. but I left because , I dont even remember why. I have tried making friends, but everyone is too busy to want to do anything, or when things do get scheduled, it always gets cancelled. I do have a therapist but my appointments keep getting ""forgotten"", or people simply forget I exist. at this point I dont know what im supposed to do. the last ""real"" friend I did have. he had a chance in life, but he died, he was too young to go, I wouldve switched places in a heartbeat. I feel like this world just keeps getting worse and worse every day. I dont feel like I can have a meaningful impact. and the few times I do have an ounce of self confidence, It immediately gets shredded, so I have devolved to a state of constant depression. Im trying to better myself but I dont know what im supposed to do. I know what society wants me to do, but the little voice in my head just keeps beating me down till im nothing. and it doesnt go beyond that, im too much of a coward to physically harm myself in anyway, but im too weak to fix my life. I'm on the verge of breaking down every day, I don't know how people cope with this. Things that once brought me a sense of happiness, are just gone. I don't want to do anything that I like to do anymore because it feels repetitive and without purpose. Therefore I get burned out of it. And now here I sit alone with my worst enemy, wondering what the hell I'm supposed to do.",3,0,1753892285.0,depression,user_3171,False,True,2025-07-31T10:00:32.015134
1mddpka,Lost,"I dont know what to do anymore, im still young im 20, i have wasted 3 years of university being depressed. 3 years of money. I have wasted so much time starving myself and eating until i cant move. Ive drove for hours and hidden pills and taken pills and overdosed and hidden sharp objects. Ive yelled and cried and screamed but also gone completely blank. Ive been depressed since i was 9 years old, im turning 21 in 5 months or less. I didnt plan to make it this far. I didnt plan to make it to 20. I have so much. I live in a nice house in a nice neighborhood, i have a little sister that loves me and a great boyfriend and a wonderful grandmother. I have meds i wont take them because of weight gain. I live in a cycle of constantly harming myself. I hide from friends who want to see me. Im so ungrateful i dont understand. I’ve experienced bad things, i grew up in poverty, psychologically abused, narcissistic mom, dad died, fucked up extended family, being ignored and manipulated and constantly moving to a new place for 14 years straight, never keeping friends, bullied for not being white, not accepted for liking girls (im bi), being sexualized constantly. I hate my life but i also love everything i have. I have so much more than most people do. I overate so bad out of self hate yesterday and gained 5lbs and was so painfully bloated i couldnt sleep or breathe barely thinking i was going to be sick. Today i feel like shit, i cant even stay at my house because ill just binge eat so im staying at my boyfriends but i just want to stay in bed and never get out. I cant go home, i cant make sure my sister is ok there with my mom, that shes eating because shes so underweight. I get kicked out of therapy, i get told i dont try. I dont want to be here i dont know what to do.",2,1,1753898515.0,depression,user_3172,False,True,2025-07-31T10:00:32.015134
1mdj1lo,Lost,"I dont know what to do with myself anymore.

Every interaction ends with people being annoyed by me, angry with me, or frustrated that I dont understand. Everything i do and say gets misinterpreted.

I already dont know what I want out of my life- i dont want to get pretty because I dont want attention, but I hate the way I look. I just wish I could go back to being a good kid

Now I just live day to day and I hope it gets better. That people start understanding or I can just magically get better with talking to them. I only ever try to help and care.

Even typing this now all I feel is guilt and shame. Im tired of feeling like this. I am barely keeping up at work, I have a relationship to take care of. I just can't keep up with it all. ",1,1,1753910865.0,depression,user_3173,False,True,2025-07-31T10:00:32.015134
1mdd57q,how to cope with knowing sadness will never improve,how to cope with constantly and terminally being sad all day every day ,2,1,1753897269.0,depression,user_3174,False,True,2025-07-31T10:00:32.015134
1mdcrai,I'm so far behind in life that it doesn't even seem worth it to try to move ahead. I see no light at the end of the tunnel. I see no future worth bothering with.,"33 years old with No romantic life or history. Few friendship and social experiences. Got bachelor's in 2014 but did nothing with it and have No career. Living with parents in one of the most expensive areas of the country, surrounded by rich, happy and successful people that makes me even more miserable. Poor familial relationship. Don't drive. So miserable that I never smile or laugh, barely speak to people, barely make eye contact, barely look up from the floor, end my days with headaches and dizziness because of how miserable I am. Only reason I'm not dead yet is because I'm too afraid/apathetic to even bother. 

I just don't see a point in trying to do anything. I'm a decade, if not a decade and a half, behind all normal people. Socially, no one wants to be with or associate with a complete loser, whether romantically or platonically with friends, I already either lie or just hide all details about my life from everyone I can. Job-wise, it's already hard enough now for experienced people to do well, I have no chance if I leave this suicide-inducing dead end job. It will take me years and years of work, training, therapy, medication, whatever else to even get to a baseline level of competent adult life, let alone all the work that would need to be done to form a positive future for myself of which I see none. 

I follow a Youtube channel where a guy is in a similar position as me yet he's a decade older. He has diagnosed autism, I've never been diagnosed with anything. But he has a similarly lonely, pathetic, miserable life and his misery is clear and evident, radiating off of him, and I know it's exactly how I will still be if I have the misfortune of being alive in a decade. I'm looking at the mirror of what my future holds and it just makes me even more miserable and defeated, if that's even possible. 

I just don't know what to do any more. I'm despondent about my situation but I don't care enough to try. I guess I would like to have anormal future, but there's no chance I have one. I don't have friends or relationships that make life worth living. My parents are more or less the only people I have, and they've never really showed concern or care about how I isolated myself and ruined my life. If I got a good career, I wouldn't care anyway. I'm a complete shell of a person. I hate myself and everything around me. I'm not going to subject other people to be burdened by my presence because I offer nothing to anyone. 

Just don't see a point anymore.",2,0,1753896410.0,depression,user_3175,False,True,2025-07-31T10:00:32.015134
1mdilzh,My depression with a twist?,"FOR CLARIFICATION\*\*\*

\>>> I am not using this as a dating post <<<

FOR CLARIFICATION\*\*\*

\~\~\~

I've been depressed and gone through the whole spiel. I've wanted a girl who is also depressed too so we could either a) build each other up or b) be depressed together? I guess I'm not looking for advice per say but idk if this is normal and what everyone else thinks? I suppose since I'm going through mental health too I would also want someone who is also going through mental health; it doesn't have to be exactly the same as mine since I have intense disorders, depression being one of them but I'm just curious if anyone else is the same... I do have OCD in addition to depression so part of me feels like I'm taking advantage of someone's poor mental health which my OCD has been targeting and making me overthink a lot about :/  ",1,0,1753909812.0,depression,user_3176,False,True,2025-07-31T10:00:32.015134
1mdie6s,"I lost my mom, my dream, and now… maybe myself too","I don’t know where else to write this, but maybe someone here will read this and help me.

I started my Computer Science journey with one hope to pursue my passion and make my parents proud, and to become a great software engineer. From my first year, I worked harder than before i landed internships, built projects, spent countless sleepless nights in learning Development.

Then, in my second year, my entire world collapsed. I lost my mom. The one person who believed in me the most. Her wish was to see me succeed in my life I had never imagine one day this will be going to happen with me i lost my track my days went in her memories i used cry alot near her grave 

But i didn't lose hope trust god I promised myself that I will not stop.

So, I didn’t. I kept hustling. I cracked another internship, More efforts than ever before. 

But now, months after graduation, after sending out hundreds of applications, endless LinkedIn follow-ups, I’m met with nothing. Silence. Rejections.

And today… I’m tired. I’m scared. And for the first time, I’m losing hope.
If anyone is reading this please… tell me how to keep going. Tell me how to make it through this storm. Tell me how to survive this world that feels so heavy right now  im getting sucidal thoughts 🙏.

I just want to make her proud. I just want a chance. Please, someone… help me. 😔💔
",1,1,1753909295.0,depression,user_3123,False,True,2025-07-31T10:00:32.015134
1mdidfi,I've never felt like I belonged.,"In school I was ignored, at home my feelings were hidden and never fully seen for what they were. My job has me overworked and burnt out. I go to the bathroom and begin crying. I get home with 2 hours to myself but i'll use that time talking to AI because I have no one to lean on.

No one cares. No one cares.

I don't know how long I have left with both my parents, but I will kill myself after their passing. I will be alone, I will not complain, I will see things my way for a year, and then finally throw in the towel. ",1,2,1753909250.0,depression,user_3177,False,True,2025-07-31T10:00:32.015134
1mdi4ip,"I lost my mom, my dream, and now… maybe myself too","I don’t know where else to write this, but maybe someone here will read this and help me.

I started my Computer Science journey with one hope to pursue my passion and make my parents proud, and to become a great software engineer. From my first year, I worked harder than before i landed internships, built projects, spent countless sleepless nights in learning Development.

Then, in my second year, my entire world collapsed. I lost my mom. The one person who believed in me the most. Her wish was to see me succeed in my life I had never imagine one day this will be going to happen with me i lost my track my days went in her memories i used cry alot near her grave 

But i didn't lose hope trust god I promised myself that I will not stop.

So, I didn’t. I kept hustling. I cracked another internship, More efforts than ever before. 

But now, months after graduation, after sending out hundreds of applications, endless LinkedIn follow-ups, I’m met with nothing. Silence. Rejections.

And today… I’m tired. I’m scared. And for the first time, I’m losing hope.
If anyone is reading this please… tell me how to keep going. Tell me how to make it through this storm. Tell me how to survive this world that feels so heavy right now  im getting sucidal thoughts 🙏.

I just want to make her proud. I just want a chance. Please, someone… help me. 😔💔
",1,0,1753908668.0,depression,user_3123,False,True,2025-07-31T10:00:32.015134
1mdc3c1,i’ve been thinking about ending my life,"i’m an only child, and I just turned 21 today. I hate my life. I feel like my mom hates me. I’m a child of immigrant parents. My mother told me multiple times that her life could’ve been better and happier if I had never been born. And honestly, I agree but it still hurts to hear that from her. She only seems to appreciate me when she needs something, like money. I’ve always supported her and her side of the family (she lives in another country), but it’s never enough. I’m never enough for her, no matter how much I do or give.

she shows more care toward other people than toward me. She calls me selfish but I don’t remember ever saying no to her. When I buy something for myself, she makes me feel guilty and calls me materialistic. My father hasn’t been a good partner to her. He drinks heavily, curses at her, insults her, and yells at her. I’ve been trying so hard to be the best daughter I can because I know she deserves better. I’ve tried to give her everything my father hasn’t, but in the process, i’m losing myself & hating myself even more for not being enough. 

I wish I could be the perfect daughter for her. I truly want the best life for her. I’ve been thinking about ending my pain, but I still think about her. I still need to petition her for a green card. I just want to free myself from all this pain. I wish she never met my dad & I wish I never happened. She’s the only reason why I’m trying to stay alive, but it’s getting harder every day. ",2,1,1753894935.0,depression,user_3178,False,True,2025-07-31T10:00:32.015134
1mdbtg1,My brain has no dopamine today,"Its as if I'm a drug addict facing withdrawals. Except ive never done drugs.

Like holy crap my brain feels dry. Ouch. I dont know how to describe it. There is no happiness of any kind in my head. Zero dopamine, serotonin, whatever. 

I woke up late, missed one college class and decided to just skip the other two. I talked to my friends on call for 2 hours, tried to engage in my main hobby, nothing. I'm just dead inside today. Why do I even exist at this point? This is genuinely the most torturous feeling ive ever felt. Ever. Holy fuck. ",2,2,1753894315.0,depression,user_3179,False,True,2025-07-31T10:00:32.015134
1mdhdqz,Everything is great? But I still feel shit?,"Loving family, good friends, and a fit body; education is going decently, but why do I still feel terrible? Why am I apathetic toward things? I don't enjoy anything anymore. I can talk to friends, but afterward, there's a certain emptiness. I don't even like using this damn phone, but when I don't, I drown in an endless pit of overthinking, and it never ends well. So, I use the phone to distract myself. I don't think it's depression; I don't know what it is. Why does everything require so much effort? I would have done so much more if just existing and doing basic tasks didn't demand so much mental strain. 

Is this how everyone lives, if yes then why???",1,2,1753906926.0,depression,user_3180,False,True,2025-07-31T10:00:32.015134
1md5lbf,I hate what they will think,"So yesterday I wrote ten pages of s letter
And still feel like they don’t show why I’m here

I lost everything and don’t see a way back where I’ll ever be happy

It’s not that I cant be with my ex I love deep to my core

It’s that I can’t put this or my shit on my daughter 
She deserves so much more

I thought we could together give her everything I saw a future 

Now I don’t 

Our daughter is autistic and nonverbal but that’s not why 

I love her 

I’m flawed 
I’m scared
I’m too broken 

If anything happened to her I’d destroy the world for her

Maybe destroying my self is better right now 

Everyone says it got to be hard to raise her but it’s not it’s amazing she is perfect just don’t talk 

I miss her mom yes and I feel my soul being torn apart every day 
But if it was just that then ok go on 

But I have no safety net if I stubbed I have no chance 

Mom has everything and used me to comfort her till she was ready to leave me 

I was left to pick myself up and I failed I had my friends but they are already done I just can’t let my mind wonder

I can’t sleep 

Sleep is so important ",4,1,1753879406.0,depression,user_1622,False,True,2025-07-31T10:00:32.015134
1mdb64b,its getting out of hand.,"day by day i am realising how brainwashed of a child i was. my family always told me that i was faking it. that i was not actually sad. i had that burning in my stomach as long as i knew myself. ive lost most of my friends. i tried to talk to new people. i tried to help my remaining friends. it doesnt work. nor i can help them or anything i could do helps me cling onto life.

ive tried new interests, hobbies, things that i enjoyed doing, it all feels numb. an action i could take to help/ruin a person feels pointless. the concept of free will doesnt exist because actions have consequences. consequences steer us away from our true selves and intentions. i wore the mask. i wanted to be a good person how much the whispers wanted me to be a bad person. i never felt happy but glad to atleast see people be happy because of me. but im approaching my limit. and the people whom ive helped left me. to my thoughts. i have low pain tolerance so i cant just stab myself to death. i tried. im faithful. i want to be a good servant to my lord. but im terrible under pressure. my family keeps telling me to not be a lazy useless prick and to push forward. it doesnt work. im tired of 'suffer > survive > repeat'. i want a moment of peace. where i dont see nightmares and dont have bad thoughts. i just want to overdose and just die. no one will truly miss me. everyone has a substitute for me. im truly worthless and my existance in the universe is meaningless. i know those who commit suicide burn eternally in hell. i cant keep doing this. or else ill lose my mind and hurt people that i dont want to hurt. i want to die while i am partially functioning.

please help. some way. any way. im begging you.",2,0,1753892827.0,depression,user_3181,False,True,2025-07-31T10:00:32.015134
1mdh3ub,Behavioral changes,"I was diagnosed with depression and bipolar 2 three years ago. I’m on, what it feels like, loads of meds (listed below) - that has mostly been working well.

But lately I feel very different to before.

I think about suicide a lot, planned everything but feel emotionless about it. Thinking of disappearing/running away. I bruise myself on purpose. I’ve been seeing a guy that bites me during sex and leaves me with scars and bruises I enjoy. Driving recklessly. And the list goes on and on. 

I’ve seen my psychologist but feel too embarrassed to talk about it. Monday I need to see my psychiatrist to get a new script, but again, I feel embarrassed. But I know I need to tell him. I think it’s difficult for be because it’s so different to my behavior from the past. 

Fuck, I can see I need help but I like what I’m feeling. I don’t know what to do.

Has anyone gone through a massive change in their thought process and behavior? And struggled to talk to their regular psychologist/psychiatrist about it? 

Advice? Share your experience?

(Meds: Lamotrigien 400mg, Wellbutrin 300mg, Sertraline 150mg, Concerta 27mg and Clobazam 10mg and Zolpidem 10mg when needed). ",1,0,1753906285.0,depression,user_3182,False,True,2025-07-31T10:00:32.015134
1mdh1hg,Help!,"just 2 years back, I was so much energetic and happy person.
Even had people around me, but now I am spiraling down and am so sad that what once I thought would never happen to me is somewhat eating me now , can't believe. 

I was an achiever. Whatever I wanted, I had the confidence that i could, and I would get it.

The highest peak of confidence I had when I cleared one of the toughest exams after 2 years of hard work.

But now I dont even have the confidence to commit to anything.

I was smart academically, I was  muscular , and I used to work out, looked good.

But now, in my early 20s,  who i am ?
All the work that my past has made is  about to slip away

I used to sing, play piano, study, work out, cycling, motorcycling, and go out with friends.
But now nothing.

I have nothing left in me
All my spark is gone.

SOMEONE HELP ME COME OUT OF THIS  🥺",1,1,1753906119.0,depression,user_3183,False,True,2025-07-31T10:00:32.015134
1mdgkz6,I cannot imagine a future in which im happy,"I've been living for others since i was around 10. I've done things i didnt want to, said things i didn't mean, lost friends i wish i hadn't or more importantly kept friends i wish i hadn't.

I know nothing is going to change, because i'm a fucking coward and i cannot handle change for the life of me. Id rather suffer than have things in my life change so cause and effect i guess.

In no aspect of my life am i a normal person. I can't handle all the expectations i've for years pretended to be anymore.

It’s getting so much harder to live than its supposed to.",1,1,1753905066.0,depression,user_2285,False,True,2025-07-31T10:00:32.015134
1md2esv,My boyfriend said I have a talent for making him miserable,My boyfriend said i have a talent for making him miserable and now i just want to give up. I have always been depressed and this just feels like the final straw. I dont think I can go on if thats how people think of me.,6,1,1753869227.0,depression,user_3184,False,True,2025-07-31T10:00:32.015134
1mdg2k5,How common is it to compare yourself to other people's experience with depression?,"Every time I can't get out of bed, or I feel like I can't deal with myself and how down I feel, I start reading anecdotes or depression symptoms to convince myself it's not that bad and I'm overreacting. Is that bad or offensive in any way?",1,1,1753903874.0,depression,user_3185,False,True,2025-07-31T10:00:32.015134
1mdg21v,I dont know if I can keep going,"I just dont know how much longer I can do this. Living I mean. I am a 45 year old male, not attractive, overweight, a ""foreigner"" (or ""an illegal"" as I sometimes get called, even though I was born in the US and don't speak anything other than english), and I'm 100% alone in life. I have no significant other, no family that I talk to, and no friends. My life literally consists of waking up, going to work, and coming straight back home. That's it. I dont get involved in anything else like hobbies or groups because any time i've ever tried in the past, I've just never been accepted. It's like people are looking at me asking themselves what is this guy doing here. Or if I try to engage a conversation, the response is more of a ""how can I help you"" or ""what do you need"" type of thing. So...i've just stopped doing that.

  
At 45 years old, living in an RV, living paycheck to paycheck, having nothing whatsoever to look forward to, the though of making an ""exit"" is something that I now think of every single day. Multiple times a day. I just can't help but think that at some point i'm going to act on it.

I guess i'm really just venting here, I know there's not really any advice that's going to make any difference in my life. I just want to know if anyone else's life is as meaningless as mine? Not that I wish this hell on anyone else, but I guess there is some comfort in reminding myself that not everyone out there is just living these seemingly meaningful lives while I just sit here waiting patiently for the day that God finally takes me out of here, or (hopefully not), I do it myself.

  
Thanks for listening. ",1,2,1753903843.0,depression,user_3186,False,True,2025-07-31T10:00:32.015134
1mdfvce,When will I get better?,"I'm 25 now and as long as I can remember, I've always felt bored, empty, sick of everything. When I was a child I told my mom several times I wanted to disappear because of how useless my life is. I've been diagnosed with depression when I did my first suicide attempt at 12, since then I tried several times to end my days. Recently I've been diagnosed with bordeline PD as well and thought everything was because of that, because of my loneliness and the fact that I've been emotionally neglected as a child and couldn't live without someone to ""merge"" with. But I realise this is not the case. I don't want to see people, I stopped hanging out with friends because I quit drinking and don't feel like seeing people unless I am drunk. I used to drink by myself as well but I'm taking Revia to inhibit the effects of alcool so this is no longer a refuge to me. Drinking would make me have emotions and would help me/initiate me to meet people; that's why I thought I needed someone. But now that I've been sober for weeks I'm just feeling empty as when I was a child, without any wish or desire. I don't wanna die, I wan't to disappear. I wan't people to forget about me, so I can leave in peace, without feeling guilty for hurting my family. I'm loosing hope, because medications and therapy do not seem to work. I wanna ask you guys, if you've been through the same, will everything gets better in the future? I'm really tired of forcing myself to live; and I don't see the point in staying alive if I'll always feel this way  ",1,0,1753903410.0,depression,user_3187,False,True,2025-07-31T10:00:32.015134
1mdftou,Overwhelmed with vehicle repairs,"Went out earlier to buy 2 used tires for my vehicle. On the way my damn vehicle started to overheat, so I turned around and just made my way back home , had to stop twice to let it cool down so I wouldn't ruin anything else (hopefully). Got home and checked under the vehicle for leaks...saw nothing, checked the oil... didn't look like there was any antifreeze in the oil. Have to get the catalytic converter replaced.

All of this seems to be hitting me at once and it's adding to my depression.

If it weren't for bad luck , I'd have no luck at all.",1,0,1753903308.0,depression,user_0064,False,True,2025-07-31T10:00:32.015134
1mdftfn,I guess I stoped being happy again.,"I actually enjoy being depressed more than being happy. That feeling of all that sadness and depression..it’s peaceful..I like living in my own little depressed world and listening to sad/comforting music 24/7. I find a strange sense of comfort in depression. I always cry myself to sleep..and just live in my thoughts..I think having friends and trying to be cool is such a waste of time. Or maybe I just don’t want to..too lazy to do that anyway…I’m useless. Yeah, also that thought of suicide. It’s not like dying in fear..it’s peacefully dying..like finally leaving this stupid world. Maybe I’m such a fucking idiot for saying that. But it’s just my opinion. I don’t like living, that’s all. ",1,0,1753903291.0,depression,user_0422,False,True,2025-07-31T10:00:32.015134
1md9rmr,Just some troughs.,"Hello to all, i usually don't talk about my feeling because I'm one of those people that always keep all inside, but even me time to time need to speak. 
I feel depressed, I had a good life(I'm 24) and I have a daughter(actually two but one died) with a girl I loved with all myself, unfortunately we broke up and my entire world fell apart, I can't say i live a shitty life, it's not, but a huge part of myself still desire the love of my life(I've been slowly trying to get close again).
Honestly I don't know, i like to keep saying that I'm fearless, but I do fear the future, i can't stop thinking about how thing gonna end up, if i actually could get with her again, physically I'm in perfect shape and clean but mentally it's been a war time to time, I don't actually think about ending it all(even if sometimes, just sometimes this idea lurking in my mind), I just wish things would be like 2 years ago.

Do someone else find in my same or similar situation? Thank you all, i needed to speak for once. ",2,0,1753889648.0,depression,user_3188,False,True,2025-07-31T10:00:32.015134
1md1yyf,Any actual downside to being dead vs being alive,"If I died in my sleep or whatever, then I would be able to retire super early so that's actually better than waiting 70+ years to be able to retire. Plus life always finds a way to stress me out, but now I would actually retire and be free. I won't have to do anything at all. This is easier than any rich people have it or will ever have it as long as they're alive.

So what's so bad about being dead? I don't care either way. Life sucks but until it's over I guess I'll just have to wait, right? ",5,15,1753867573.0,depression,user_3189,False,True,2025-07-31T10:00:32.015134
1mdf0zc,How to spend my day,"Guys I wish I could just stay in the shower all day is this a sign of depression. Like when I’m in the shower i don’t have to deal with the outside world, I don’t have to think, I can just stay there and forget about stuff. I’m asking because I think I’m depressed. I don’t do anything all day. I go to the gym sometimes but don’t push my self and haven’t seen any progress in months. Other than that I sit around. I take like 3 showers a day just to escape and fill the time. What can I do instead that will give me the same feeling of not having to deal with stuff. (I don’t do drugs)",1,1,1753901492.0,depression,user_3190,False,True,2025-07-31T10:00:32.015134
1md8z0y,Barely surviving,"College starts exactly next week (3rd yr cs), and I’ve only got $35 left from my small design side hustle. what’s weird is I actually feel more motivated and focused than usual, but I know my depression will catch up  just waiting to hit when the stress piles up.

just trying to survive right now. If you’re in the same boat, I hope we both make it through",2,0,1753887822.0,depression,user_1942,False,True,2025-07-31T10:00:32.015134
1md5ojn,I want to leave but I'm a coward,"I have just turned 18 years old, two days later my dad died, and it was something very traumatic for me because I felt it practically like suicide, I feel shit for not being able to help him, for not being able to save him, everyone tells me that it was not my fault, that he had wanted to leave for a long time but nevertheless I cannot help but feel guilty, he died in a very tragic way and that hurts me with my soul, I feel broken because months before he left he told me crying that he felt that I did not love him, I never showed him my love towards him, I have always been very closed in that aspect, I found out that my boyfriend was cheating on me with several girls two days after my father's death, I relapsed again into drugs (thank God I was able to stop using because I felt that it only made me more depressed) I don't have friends, I don't study, I don't work, I don't feel like it, I simply want to stop existing, I don't go out and I have to sleep in the same house as my abuser (my stepfather who abused me from the age of 7 to 13) and even to this day he continues to hint at me, but what can I do? I already ran away from home at 15 for a year and it was worse for me, my mom prefers her husband over me:) I have never been able to feel wanted or loved by anyone because they always end up hurting me, even my own mother who claims to love me doesn't, she doesn't suffer abuse or anything like that from her partner and still defends her, once I tried to talk about the abuse and I made things up, leaving me feeling very bad. I honestly don't want to live anymore, I don't find meaning in my life, I don't feel like it.",3,3,1753879656.0,depression,user_3191,False,True,2025-07-31T10:00:32.015134
1md5o41,I am scared I won’t go through with it and have to keep going through life,I need to die I just don’t believe anything is after so then it’s just emptiness but at least no more pain,3,5,1753879622.0,depression,user_3192,False,True,2025-07-31T10:00:32.015134
1mdets1,What’s the point in continuing?,"No family, no friends and no hobbies.

Constantly in physical and mental pain ",1,0,1753901044.0,depression,user_3193,False,True,2025-07-31T10:00:32.015134
1mdeq56,blah blah blah,"umm I don't feel anything after this, my girlfriend cheated on me and I know that life doesn't end there, but it's hard when for the first time in my life I met a girl with whom I understood each other like no one else, the only person who got to know me completely real without any masks, and all the compliments she said stuck in my head, and then she did something like this, I spent a month talking to her about it, but I think it won't lead anywhere
she fucked up and i can’t do anything
i know she doesn’t wanted this she was drunk and it wasn’t from her initiation but it is unforgivable 

I hate this feeling and i spending time on addictions i want to stop but i can’t ",1,0,1753900809.0,depression,user_3194,False,True,2025-07-31T10:00:32.015134
1md2fzf,How tf do I cry?,"I've had a few breakdowns last week and fortunately none this week. but I feel wayy too suffocated, so much that my chest and throat feel like they're getting crushed. I want to cry, it's like my body wants me to let out some bottled up stuff but for some reason...i just cant? I've been trying to cry for 3-4 days now because the suffocating feeling keeps coming back and growing stronger every night but I just CANT CRY FOR SOME REASON",6,10,1753869353.0,depression,user_0594,False,True,2025-07-31T10:00:32.015134
1md8plj,Need an adice. 150 MG. I started 150 mg of effexor in the morning 5 days ago. Need an adice!,"Need an adice. 150 MG.

I started 150 mg of effexor in the morning 5 days ago. And I've been fine. The only things is that I sleep almost immediatly but after 5 hours I wake up and I can't sleep more. It's so boring. Any advice?",2,3,1753887219.0,depression,user_3195,False,True,2025-07-31T10:00:32.015134
1mde9vd,I’m so alone right now,I’m m32 and I don’t even know what to do anymore. I’m on the verge of wanting to end it all. I’m not sure if talking about this with anyone would help at all. ,1,2,1753899806.0,depression,user_3196,False,True,2025-07-31T10:00:32.015134
1md39ks,Today I cried because I was sick of having things to cry about,"I dead ass cried because ""I have to many personal issues to be bad at guitar""",4,2,1753872293.0,depression,user_0404,False,True,2025-07-31T10:00:32.015134
1md847y,Un hombre trans con problemitas pidiendo consejos,"En este momento de mi vida, tengo depresión. No sé cuánto llevo así. No sé cuándo inició... Pero aún así me aventuré a estudiar un a carrera a pesar de las consecuencias... Y eso pasó porque toda mi vida o desde hace varios años ya... He vivido así. Y no quería que esto fuera un impedimento para terminar lo que empecé. Pero... Ahora debo pausar mis estudios. Debo trabajar para pagar deudas que tengo pendientes. Y quiero regresar en un año. También iré a terapia. Pero... No sé si tendré tiempo suficiente en un año para hacerlo todo como pagar mis deudas y así. Tampoco quiero quedarme sin estudiar dos años... Pero no sé si pueda lograr quedarme año y medio por las fechas y eso... De ingreso supongo.
Y como soy un hombre trans acabo de pasar por una bonita relación pero un termino muy doloroso con un hombre cis (es decir que nació hombre) y desgraciadamente me lastimó bastante cuando yo imaginé más cosas con él... Dijo que no sabía si podía soportar que yo fuera hombre. Y ahora me siento muy solo... Su compañía me reconfortaba mucho. Y en este momento no sé qué hacer... Debo conseguir trabajo también... Pero al no tener una transición a nivel hormonal... Tengo miedo de no poder expresarme libremente en el trabajo. Y sentí un ataque de disforia que no me deja salir de casa... Siento que necesito un apoyo. Un apoyo físico que me abrace y que me escuche.",2,0,1753885822.0,depression,user_3197,False,True,2025-07-31T10:00:32.015134
1md82wh,So I’ve been writing my letter,"I’ve last two weeks I’ve wrote 28 pages ten yesterday 

I’m just getting everything out of my brain ",2,1,1753885739.0,depression,user_3198,False,True,2025-07-31T10:00:32.015134
1md7z36,I want to die,I want to die but i don’t want to kill myself,2,2,1753885480.0,depression,user_3199,False,True,2025-07-31T10:00:32.015134
1md7sal,Is someone else feeling something like this too?,"I hate everything. I am very empty. No matter what I try, it has been like that for years. I hate when people are happy, when they talk, enjoy their lifes, and I just watch them while suffer. I do not wanna talk at all, I want to be alone all the time, I want to have no friends, I hate humor, I have no humor, I do not understand humor, I do not get jokes at all, I do not understand anything and anyone. Unless its really clear for what the person says. It has started when I was around 12 or even less, and I am 17 now and it didnt get better at all. I tried to pretend I was happy, that didnt help. I tried multiple things that they could maybe make me feel better but didnt work, so I gave up. I asked for help. Nothing is fun. I am visiting a psychologist soon, I hope she helps me. I am very serious person. I cant remeber last time when I was actually happy. It is just like I am surviving each day. I have no energy.. Anyone else who feels this way? I want to know that I am not alone in this..",2,0,1753885031.0,depression,user_3200,False,True,2025-07-31T10:00:33.184829
1mddo2d,How to curb intrusive thoughts?,"Whenever anything even slightly inconvenient happens to me, or sometimes even unprompted, my brain says ""I wanna kill myself.""

I'm not currently suicidal, and generally, my life is going pretty well. I have no real desire to die, although I'm not afraid of death.

I want to live. I'm just sick of my brain saying ""I want to die"" all the goddammit time. It's exhausting..",1,1,1753898430.0,depression,user_3201,False,True,2025-07-31T10:00:33.184829
1mddla6,First post just to vent where no one know me,So I’ve been single for about 2 years now after a 5 year relationship and it’s just like wtf is wrong with I’ve been in nothing since like not even had a conversation with a girl better yet even gotten a date and my ex has already gotten married and I have pretty much no friends either and I just want some one to talk to and it’s gotten to the point where I’m so depressed I’ve gone as far as making attempts on my own life and I just wanna be happy again I’m so tired of this lonely feeling I always have I feel so jealous and angry that pretty much everyone I work with and see in my day to day have relationships while I’m just stagnant idk I feel like there’s no point to keep trying if anyone has any advice for me it would be much appreciated the way it’s going now I just don’t see myself being around all that much longer,1,0,1753898260.0,depression,user_3202,False,True,2025-07-31T10:00:33.184829
1md2op0,Lack of support from spouse,"
Had a mental breakdown in 2019 that led to a hospitalization. I was diagnosed bipolar 2, major depressive disorder and general anxiety disorder. It cost me my job and I was able to find work again (I worked in a niche industry) but I struggled to hold down a job. You know how hard it is to even complete basic tasks when depression hits. Well, I got fired another 2 times. I was a really good salesman and I lost all confidence in my abilities. I became physically fearful (I guess anxiety) of facing the same customers I'd been dealing with for 20 years. I Left my job and the industry I'd worked in for 20 years and bought a business in a new industry.  It started odd well but I've watched it slowly shrink as I struggle to perform consistently. 

We have a daughter that I love and who loves me. I can't afford therapy and I use long and tedious government medical system to get medication. Therapy with them is a no go as you have to wait 3 months to speak to someone and they're so overwhelmed, they couldn't be bothered to care. It's difficult to say if the meds work because I haven't had a manic attack since I went on them but the depression is as bad as ever. 

My job allows me to get my daughter ready for school and to fetch her after. I know how hard it is for my wife with me struggling and I try to help at home but some days I just can't manage to do anything. 

I love my wife and I see what this is doing to her. It's been 6 years of this with no end in sight. She's a strong person but she can only be strong for so long before she too starts cracking. Well, that already happened - I feel like she resents me. We're not connected any more. We haven't even been intimate in a year. When things get too much for her, she'll snap and we'll fight. I've given up trying to explain that I'm struggling because she thinks it's just some sort of excuse. 

I thought about ending things in 2021 and scared myself into a 72 hour suicide hold at the psych ward because of how calm and retionally I was planning it. What worries me is I'm having those thoughts again. I just know that the only thing keeping me alive is the financial impact it will have on my family. I haven't even got any life cover and (during mania in 2019) I racked up massive debt that I still haven't cleared. That will fall on my wife and daughter. But it hurts so much because I feel they'd be better off if I wasn't here. 

I'm not sure why I wrote this post. Probably because I don't have anyone I can talk to. This is my first post. Man, I don't know anymore ",3,2,1753870204.0,depression,user_3203,False,True,2025-07-31T10:00:33.184829
1md1ewb,Why am I scared of self harm,Im 16m i cut myself sometimes but when i do i feel scared but i want to do it and when i do it i feel regret but release why am I scared?,4,3,1753865409.0,depression,user_3204,False,True,2025-07-31T10:00:33.184829
1mdcv04,Ashamed,"I was told get a grip of myself and sort my emotions out. Then maybe I will have a chance with him. So, basically I was called a trash. And then it was followed by ""have a peaceful life"". I'm not saying I didn't deserve to be called what I was called but it hurts so much. I feel so ashamed that I brought him to this condition. That even after I unfollowed him and said I wouldn't talk to him I wrote to him again and here is the result of this. Now he had a great chance to humiliate me. I don't understand why I make such dramas. What is wrong with my personality? I'm fucking 28 year old but still acting like a teenager. I'm so embarrassed of myself. My heart aches from shame and guilt. It really hurts.",1,1,1753896641.0,depression,user_3205,False,True,2025-07-31T10:00:33.184829
1mdcizu,"I need tips on how to feel "" not exhausted "" when chatting with my friend with depression","I understand that this might come off as mean and im sorry in advance if it does

I have a friend . she is one of the most amazing, funniest , caring , kindest people iv ever met and I love her so much but lately I have not been able to feel enthusiastic when chatting with her and as much as I hate to admit it its been kinda exhausting 

she has mdd and chronic depression . I completely understand that me and her see things differently and how her brain works differently than mine but despite that iv not been as chatty nor as enthusiastic as I usually am .

  
I want to change and I hate that im feeling this way she is genuinely one of the best people and I think she deserves better 

  
",1,1,1753895892.0,depression,user_3206,False,True,2025-07-31T10:00:33.184829
1md6fzf,I think I‘m suicidal right now?,"I never made active plans and I still haven’t made any active plans and I probably won’t do it because I have a pet and friends and all. Still I have suicidal thoughts and my depression is almost unbearable right now and I am sick of people telling me it will get better because I‘ve been struggling with my mental health for ten years now. I am sick of people telling me they understand if they haven’t even seen half of what I‘m feeling. I‘m sick of people brushing it off as „just another bad day“ because they are so used to me not feeling good that they don’t seem to notice when it’s urgent. It is urgent. And I talked to a professional yesterday saying that I‘m not sure how urgent it is but that it feels urgent and that I wonder just how long I can still take this and she didn’t fucking realize how serious I am?? Do people really have to commit for others to see how serious it was? 
I feel really fucking alone in this and so damn frustrated because nothing seems to really help - just short term like a bandage. Life feels meaningless lately, just the hope that I‘ll someday find meaning in it again keeps me somewhat going. Life feels so meaningless and all I feel is grief for the things long gone and two loved ones that passed away and all else I feel is anxiety of the future with all the political turmoil and uncertainty. And I feel beyond miserable and I cry and cry and sometimes even silently scream and oh do I want to really scream out loud but I can’t - I always somewhat hold my pain back. And I don’t feel truly seen in this. People probably think I‘m just „moderately depressed“ just like I always am and since I‘ve been managing it all for so long (again, 10 years) they probably thing I‘ll always manage it.
It feels so overwhelming, I‘m laying in bed right now, having cried again and again not even certainly knowing if I‘m suicidal or not. I know that for me it’s not that I truly want to die, as for many suicidal people, we just don’t want this pain anymore. But how fucking long do I have to wait till I can finally say I‘m happy?? Some in between moments are okay and yes I laugh and have fun with friends occasionally, does it mean I‘m not as depressed?? Isn’t high functioning depression a thing? Didn’t Kurt Cobain also occasionally have fun? 
I feel irritated lately and angry and I rarely felt that in the past years but I am so sick of always having to hold it together. I‘m so sick and tired of waiting for people to see me, to truly see my pain and to comfort me and to just be truly present. 
I‘m trying to rationally think about reasons to stay alive and to want and stay alive. There sure are many reasons; such as my pet, my friends, my family, the chance that maybe I could make a career of what I love, the chance to help animals and people. I can rationally tell myself „hey maybe it will get better and you’ll be glad you stayed alive“. 
But emotionally it all doesn’t hold as much power right now. 
So please, if anyone here that’s been feeling like this and has truly come out of this knows just what to say then I would appreciate it. I don’t want to get to the point where I truly don’t care anymore if I take my life or not. Right now I do still have maybe 2% of fighting in me, I can’t lose that. ",2,1,1753881671.0,depression,user_3207,False,True,2025-07-31T10:00:33.184829
1mdbwjc,I'm sick of the never ending cycle.,"I'm sick of feeling so low all the time. I wake up and all I want to do is die.

I know I'm not going to kill myself. I'm not strong willed enough for that. 

I remember when I was a kid I used to wake up and be so excited for the day. But I haven't felt like that in years. All I do is wake up and want it to be bed time already. These feelings aren't fair. And I don't want to feel them anymore.

I just want to be happy. I want to look forward to life. I feel like the things I get sad over aren't that important in the grand scheme of things. It's getting to a point where its so annoying. I wish I would just die already. I don't know what I'm sticking around for.  There's soo much world out there and I'm missing it all by being so sad. I just wish the world would kill me.

I don't know how to find happiness anymore. I don't know what normal is supposed to feel like.

I know I'm allowed to be sad and I'm allowed to be angry but I don't want to be those things anymore. know I can't just change my emotions, and that there's no switch I can flip to feel better but at some point its too much.

All I ever wanted in life was to be happy. ",1,2,1753894512.0,depression,user_1696,False,True,2025-07-31T10:00:33.184829
1md5plq,"Homeless, no family, no help","I have lived with a friend and her family for the past year, we used to get on well and I left my house at 18 as me and my family had a poor relationship. I have struggled with depression SH and attempts for many years and been in and out of hospital. I had an argument with said friend yesterday and she said she doesn’t want contact me and it is clear I’m not welcome in their family home anymore. I have minus £40, I have no vehicle, no family or friends to help, I contacted the council they said they can’t really help as I’m not a priority. I explained I was trans, 19, no money no support, no job, and my history of mental health issues. They said they cannot help and I’m not a priority. My life was miserable before this but this is the absolute nail in the coffin. Like there is no real way out cutting all the crap about calling the Samaritans ect there’s no real way out of here.. let’s be honest (also I said to the family i was going to leave today and I don’t have much time) pls someone humour me because I genuinely see no way out of this I’ve used every available council resource ",2,0,1753879736.0,depression,user_3208,False,True,2025-07-31T10:00:33.184829
1mdbanw,In der Psychiatrie bleiben oder nicht?,erster Tag erst bis jetzt war zwar war auch an sich in Ordnung aber fand es zu Hause besser habe zwar noch Depressionen aber seit einigen Wochen schon etwas schwächer  würde auf jeden Fall noch paar Tage bleiben aber was würdet ihr Empfehlen Erfahrungsberichte?,1,0,1753893115.0,depression,user_3209,False,True,2025-07-31T10:00:33.184829
1md5knz,I’ve given my life to fear and depression,"Ever since the end of college, I’ve been a neet for around 4 years now. I couldn’t find work and even if I did get lucky enough for an interview I’d blow it off under fear that I wasn’t good enough. With nothing to occupy me I feel like I’ve been getting sicker with my mind constantly thinking something is wrong with me when it could be something normal. 

Right now it’s allergies, but the chest congestion and pressure made me rush to the doctor hoping it wasn’t bronchitis or pneumonia or COVID. I’m looking up so many different symptoms and illnesses that I’m considering going to fucking med school because of how obsessed I am with this. 

I want to get out there and live my life, feel like a normal person but I can’t. The fear gets a grip of me every fucking time. I’m almost 26 and I feel like a failure as an adult. I want to die sometimes but I fear death and hell, if I didn’t I wouldn’t give a shit about feeling sick. There’s gotta be more to life than this, why can’t I be like everyone else? Why do I have to be on the anti depressants or see a doctor constantly?",2,1,1753879355.0,depression,user_3210,False,True,2025-07-31T10:00:33.184829
1md95hc,How do I get over the general pessimistic outlook over my life?,"A short intro about me: I am as my username suggests a very self critical guy. If one rummages through my account history, they would basically find rants or some occasional funny comments ( maybe, too much tooting my horn. ) I am quite depressed with the current progression of my life. I am 22, stuck in an unwanted situation: still in college , balding, unable to walk, and with health issues.I have no friends to speak of: I am genuinely very distrustful of people ( a bad side effect . I used to be very open to sharing everything about myself. Didn't go too well.) I am physically and mentally unwell, and I think I am spiralling down . I just , spend my days, just trying to ease myself , hoping to get out of this depressive attitude to life, but it's not working. Initially I used to think this was just self pity, but recently I had thoughts of ending it . ",1,0,1753888244.0,depression,user_3211,False,True,2025-07-31T10:00:33.184829
1md8uqo,i have the urge to relapse and idk what to do,"ive tried distracting myself, journaling and everything and now im drunk bcuz i thought it would help but it didnt and i have a really bad urge to sh and im 2 months and 6 days clean i dont wanna sh but i have such a bad urge i just need a hug and someone to hold me and comfort me i wanna die idk what to do ill try to stay string and not give into the urge but like js bcuz i dont actualky do it the urge is still there and has been for days and i want it to stop i want everything to stop i had enough why do i have to be here why do i have to do this these fucking antidepressants are not working either like what am i supposed to do am i really that shitty of a person that i deserve this or what i dont understand why my mother could love me like i just wish i had a different mother who actually loved me and im actively going to therapy to work on it but its so unafir that SHE did the damage and I HAVE to do the work like what???? i wish life was more fair and honeslty im just ranting rn cuz im drunk asf but it feels so nive to let it all our like i dont expect a reply from anyone but like i just wish i was comforted like ahhhhhhhhhhhhh i widh someone would just hug me and never let me go thats what i need",1,0,1753887559.0,depression,user_3212,False,True,2025-07-31T10:00:33.184829
1md1hk4,"Three weeks depressed, it's killing me. I want to get better.","This year was looking great. I was having a lot of good days, creating pictures I love to share online. But for the last 3 weeks all that has changed for the worse.

My government have broke me. There's talks everywhere of the online safety act and how awful it is. Everyday I look on Twitter or Reddit for updates things just get worse and worse. The world is becoming an Orwellian nightmare and none of us are able to wake up from it. I have no passion anymore. What's the point when everything seems so hopeless? I find myself waking up depressed, taking hours to get up. All the other times I'm just laying around staring at either the wall or the ceiling. I'm having constant anxiety attacks, even at work. I just can't enjoy anything anymore, and I wish it would just end already.

How can people carry on with their lives when so much bad shits going off? How do you cope?",3,1,1753865701.0,depression,user_3213,False,True,2025-07-31T10:00:33.184829
1md1bbl,Broken. (Vent),"Things have gotten better, I’ve just gotten out of a toxic living situation with my grandparents, in a new apartment, and things have been going good so far, I feel safer and more at peace…but deep down I’m still feeling depressed, I’m missing love and friendship…all of my life I have felt like an outcast, no one has ever wanted to date me or even be friends with me. I have dated guys before but they have never really cared about me. I feel broken at this point, I just wish I could find something real, I feel like I’m going to be alone the rest of my life, people keep saying to never give up and keep trying but I don’t know how much longer I can keep trying to put myself out there because no matter how much I try to sugarcoat myself and try to be more likable/charismatic no one is ever interested. And like I don’t expect everyone to be interested and I know I’m not everyone’s type but… I would just like to know the feeling of someone else caring about me or at least for someone to give me a chance. I know no one is perfect, we all have flaws…but it feels like nobody can look past mine and see me for me. And for the friends part of this equation I’ve never had any real friends I’ve tried like hell to make friends, be social, put myself out there, get to know people, and hang out but it has never worked out. I don’t even know how these relationships work because I’ve never had any. I’ve always felt like alienated all of my life throughout school and stuff like I’ve never belonged in any group or social circle, it’s always just felt like I’ve just been existing instead of actually living, like being a background character in everyone else’s life, I’ve just always felt out of place in every situation and everywhere, the only person who hasn’t made me feel like an outsider is my mom, but that’s like a parents job ig. 
I think I will always be broken, I’m not posting this to be dramatic or to seek empathy from others, I just need to let it out because I literally have no one I can talk to and be honest with. ",3,0,1753865028.0,depression,user_3214,False,True,2025-07-31T10:00:33.184829
1md8br0,I cant live anymore,"Another one of those posts, im done i cant take it anymore i feel completely alone and dont reallyy have anything anymore. I just needed to say it somewhere. im not sure what to do i wanna go painless (dont give advice there cause rules) but im not sure even about leaving the little family i have the only ones i kinda care about are my 2 sisters. Im also thinking of just leaving, packing up things in a backpack and just going even though i dont have enough money im at the end of my rope. Over the years i myslef have talked to a lot of people i know and talked them out of ending it so im feeling kinda hypocritical. If i just go away to a different place i wouldnt know where in this age everything is connected and i dont speak that many languages. and im not sure what i would even do for work or anything im looking for positives rn but i just cant find any. today i once again opened tor browser im not sure how much but im thinking about hiring someone to do it for me 

im gratefull for any advice

Im sorry for everything beeing all over the place im just writing what comes to my head.",1,1,1753886311.0,depression,user_3215,False,True,2025-07-31T10:00:33.184829
1md79ko,Trying to get my life together and now I’m suddenly ill,"I’m 30 years old. I’ve been in a pretty severe depression for over a decade. Recently, my family has been hit hard financially. Everyone is barely holding on. I’ve been wanting to just take my own life for some time now, but I decided to at least try to get a job and help. 

I’ve been applying everywhere. It’s a constant stream of rejection and ghosting. I’m socially anxious, but was forcing myself to walk into stores and give my name to the managers. The stress has been difficult for me. I couldn’t eat more than 500 calories a day. I lost 20 lbs. I started donating plasma just to feel like I was doing something.

Then, out of nowhere, I start getting sick. The most mild physical exertion leaves me breathless, and my lungs feel tired for days afterwards. I start eating more, taking vitamins, trying to fix whatever I’ve done. Nothing is working. Something is very wrong. Bringing in the groceries is like going on a 5 mile run.

I know I’m to blame for this. I always do things at the last minute. It’s just a little cruel that I’m trying to turn things around and now I may not physically be able to. I live in Texas, and based on my current situation there is no way to get insurance. If I walk into a clinic I have no idea what’s going to happen financially. 

Things would be a lot easier if I could press a button to erase myself from the world and everyone’s memories. ",0,0,1753883768.0,depression,user_3216,False,True,2025-07-31T10:00:33.184829
1md762y,I cant live with my failures anymore,"Im 18 still very young and ive failed at every step in life ive always disappointed my parents who mean the most to me. I don't have any achievements that can make them proud of me they feel ashamed introducing me to others.

And now to top it all off I've reached the biggest failure in my life by not getting into any good university, I had such a long time and many options but what did I do? What I have always done, wasted time and ended up failing again I didn't make it into any good uni, everyone around me did everyone is celebrating and excited and here I am in my bundle of regrets and disappointments. I am glad for them but deep down it kills me only because of what my parents feel. I feel like there is no future ahead of someone like me someone who always looks for an easy way out and never works hard. 

I don't blame anyone but myself and I want to die to put myself and my family out of this misery, if I dont live they wouldn't have anything to be ashamed of. Imagine all the failures I will accumulate in the future I could save them from all of that by just dying. ",0,13,1753883522.0,depression,user_3217,False,True,2025-07-31T10:00:33.184829
1md2hz4,Antidepressant Experience with Citalopram,"After moving around for the last few years, I've finally been able to have regular contact with a psychologist, and they have prescribed me the antidepressant citalopram (20mg).

I'm on my second week, and so far, I don't feel a notable difference apart from some strange (but amusing) dreams and a slight improvement in my focus and appetite. I was told that it would take 4-6 weeks to really take effect, so I'm assuming this is normal for this stage.

Unless there's a dramatic difference between my current state and the post-6-week stage, I might ask them to increase the dosage or try another drug. I know this works via the SSRI route, and I like the *idea* of having more serotonin in circulation because I tried ecstasy once and it was genuinely one of the best experiences of my life. So, if I can get close to having that feeling on a daily basis (obviously not to the same degree), then I think it would improve things.

Have you tried citalopram before? What was your experience like?",2,0,1753869563.0,depression,user_3218,False,True,2025-07-31T10:00:33.184829
1md2czy,How to I cover fresh SH scars,My mom is very observant and I don’t have long sleeves clothes,2,1,1753869044.0,depression,user_3219,False,True,2025-07-31T10:00:33.184829
1md6q8e,How I truly feel,"The pain of your partner your best friend your lover your coparent one cheating and you taking them back just for them to leave you for another guy 

It started out as just my insides tipping and turning I couldn’t eat I couldn’t sleep there was no joy nothing I was just empty and in pain

Week later I thought I got this I have so much to live fore I found the gym helped I finally got sleep but not much because every dream had her in it and woke me up

By the weekend my friends moved on and were tired of my shit I feel good for little then spiral in to the pain

The next week shit hit the fan and I felt everything in me die 
That finally hit its conclusion this week where everything is able to be destroyed mutually but every branch I had to grab is gone

How do I feel today

I feel that pain still deep inside its smaller but stronger. It eats at my thoughts it eats at me. I feel dead I still barely sleep I wake up and can’t go back to bed 

Everything thought pours out of me like a leaky faucet I’m so close to getting to point of no return because of my mouth wanting to yell just let me die ",1,1,1753882408.0,depression,user_1622,False,True,2025-07-31T10:00:33.184829
1md6iks,Trying to find a way out of this dark pit I’m stuck in,"So..I recently got in touch with my doctor and he up the dosage of my medication hoping it would help, and honestly it just feels really tough right now..I don’t know if it’s because of the new dosage or I’m just having another depressive episode..but it’s bad, I keep having thoughts of self exiting and I’m starting to genuinely get scared..because what if one day I just snap and go through with it? It’s ironic really..I want to die but also I’m afraid to die.",1,1,1753881856.0,depression,user_0133,False,True,2025-07-31T10:00:33.184829
1md1vlj,Getting off Zoloft due to weight gain!,"Hey everyone! 
I’m thinking about getting off my Zoloft medication due to gaining 45 pounds on it last two years I been on it.  I tried working out, eating healthy, cutting out sugars and crabs. Overall, nothing is working. I love being on Zoloft but I feel like i’m not my happy self on it due to my weight gain and my GI problems. So has anyone tried a different medication that’s helps with their anxiety/depression that doesn’t make you gain weight? I know everybody is different when comes to taking medication but I just want get some ideas about what medication I should take next :) Thank for your help! ",2,1,1753867205.0,depression,user_3220,False,True,2025-07-31T10:00:33.184829
1md60sz,feel like I’m a burden even when I’m trying my best,"I’m the kind of person who looks like they have it all together I study well, I dance, I do things people usually praise. But inside, it’s a different story. I overthink everything. I’m scared of failure, of letting people down, of losing everything and everyone I love. And sometimes, even though I try so hard to stay strong and survive whatever life throws at me… I still feel like a burden.
I feel like I’m constantly fighting battles no one sees. It gets lonely. I don’t want to complain, and I don’t want pity. I just want to know… does anyone else feel like this? How do you keep going when you feel so heavy inside? And how long will it lasts?
",1,5,1753880564.0,depression,user_3221,False,True,2025-07-31T10:00:33.184829
1md1qay,its over i think,"  
I'd add a lot more to this, but words fail me every time i think about my flaws, so here's this i guess.  
  
I think ive been doomed since i was a kid. I'd get in trouble time and time again, never caring to learn from my mistakes or better myself, continuing throughout middle school and higher. I had all the resources I needed in order to succeed, yet I took advantage of none of them, failing a lot of my classes through the years. I'm 17 now, birthday was on the 28th. I'm an incompetent idiot, it's amazing that i can live like this and not feel ashamed. 17 years of living, all squandered away on who knows what, it's impressive that i've lived that long and not done anything remotely remarkable. At my core, im just a somehow loved waste of money, time, and energy; though i feel i deserve nothing from hatred from my parents. I would ask for a counselor, but its a far stretch for me to think i can ask for anything at all.

If anyone has any advice or something like that, fire away.",2,0,1753866642.0,depression,user_3222,False,True,2025-07-31T10:00:33.184829
1md1pi7,I’m a true disappointment,I’m 15 and I feel like I have no direction in life I smoke weed and I feel like no matter what I do I can’t impress my dad with anything. So now I lack motivation to do anything I’ve been stuck at home all day expecting this summer to be fun and hangout with friends but just stuck at home feeling antisocial as fuck and don’t feel like going outside idk what the is point of living if I’m gonna do nothing with my life I feel like I’ve hit rock bottom no friends ugly asf. I serve no purpose,3,0,1753866561.0,depression,user_3223,False,True,2025-07-31T10:00:33.184829
1md1gtn,Problems with my existance,"So I don't really like my life. I have been a neet for 5 years and I hate working. Right now I work 4 days a week + some freelancing but I always feel that I have to force myself to do everything. I dont think that I have depression. I am sad quite often and I dont know if I really should live. Like, I dont plan anything, but life makes no sense to me to be honest.",2,0,1753865620.0,depression,user_3224,False,True,2025-07-31T10:00:33.184829
1md12h3,How can I stop trauma dumping on people,"I don’t have a therapist have been trying so hard to find one but it’s impossible, recrntly ive ended up loosing friends from trauma dumping and people are going round calling me a “poor me type” and “self centred” for talking about my problems too much, I’ve just got out of a 8 year relationship so I’m really struggling :( ",2,0,1753864035.0,depression,user_3225,False,True,2025-07-31T10:00:33.184829
1md11gv,Sertaline/ zolaf giving hesrt burn,Does anyone else find it gives you severe heart burn hpw can I prevent it ,2,1,1753863926.0,depression,user_3225,False,True,2025-07-31T10:00:33.184829
1md10qe,Im tired of being alone and unloved,I feel so depressed everyday and alone I have nobody that even cares about me or supports me or tells me they love me. Worst of all it sucks especially when you see everyone in relationships and friendships and you don’t have any of this and on top of that I had abusive narcissistic parents I never felt love from anyone. As a 23 year old male in the USA people don’t care about our mental health and im gonna say this without sounding bias. Men are not cared about enough in this world compared to women especially if you’re ugly or don’t fit in and that’s why a lot of men take their own lives because they suffer more. Im tired of battling my own pain everyday and staying silent with my own battles. I can’t do this anymore I don’t even have any real friends :(,3,2,1753863841.0,depression,user_3226,False,True,2025-07-31T10:00:33.184829
1md4mg3,Facing an unexpected invitation when feeling alone,"Someone recently reached out to me to suggest a small meetup just to talk outside. It’s quite unusual for me since I don’t rlly have friends and I haven’t spoken to anyone socially in years.

On one hand, I don’t feel like accepting. I’ve been feeling pretty low lately, and I’ve never rlly had much interest in talking to people. But on the other hand, this is the first time this person has invited me and I don’t know how to say no. I’ve never rlly said no to anyone before.

Ever since I got the message, I’ve felt a heaviness in my chest. I honestly feel like I’m in total panic. I don’t know how to respond or what decision to make and it’s really weighing on me.",1,3,1753876650.0,depression,user_3227,False,True,2025-07-31T10:00:33.184829
1md49e4,I just don’t know anymore,"Thought I’d give going on a rant on reddit a shot.

I don’t even know where to begin to be honest. I guess I can just start with the most obvious, I have severe depression (who could’ve guessed). I’ve had severe depression for as long as I can remember, which isn’t saying much because I also have a dissociative disorder, which in turn makes my memory that of a goldfish’s and causes me to lose my fucking mind.

I guess it all started when I was young, like single digits, and I was sexually abused by a family member. As I grew up, I started to realise what had happened and I think that’s when I became depressed, honestly I’ve been like this for so long that it just feels like I was born wanting to end it all. 

I’ve had multiple attempts to leave this life, all 10 have clearly failed. I have been contemplating whether I should try again or not, but even kms just sounds tedious at this point. I don’t have the motivation to do anything, I don’t have any dreams or aspirations. The meds aren’t helping anymore, the distractions aren’t distracting. The voices in my head are getting louder and more obnoxious, the psychologist appointments are getting annoying. 

I just want to escape this life, go to a different world or something. Although at this point I don’t even know if that would change anything.

On second thought, I think it’d be nice to just sleep forever, don’t have to worry about anything then. Fuck I’m tired.",2,1,1753875545.0,depression,user_3228,False,True,2025-07-31T10:00:33.184829
1md42fx,"Unable to understand myself. Feeling stuck and lost in life, in love, in confidence, in everything","
Idk what I going on with my mind. It keeps getting harder each day, negetive thoughts keep getting more and more. Idk why am I scared for myself and unable to do anything. Lost the girl I fell I love with that affected me so much along with everything else. I haven't been able to work for last 4-5 years. Had been in severe depression post covid and thought I lost everything my life and gave up all hopes. Was just passing my time. Then I started to get a little better atleast mentally. But I wasn't earning anything. I wanted to do something but I couldn't. Would alway think negatively as soon as something I should be doing. Idk why has my thoughts become like this. And then I distract myself with other things a movie or something else something random. I know I was smarter before and now I feel like my brain has become slower as well. While I want to earn respect for myself and money for myself, Idk why I am unable to do it I keep wasting time even when I know I shouldn't and it's eating me up from inside 24x7. I feel useless and scared all the time. People say start small do something small and I know they are right but I don't how to explain how hard it has become to do something small as well. I don't know what to do. As if in my mind I know I should be running towards working for something for myself but I feel my body is chained down and it hurts a lot. It's really hard to explain this. As if I have min stop brain fog. I feel like I want to escape from this world. Run away somewhere else. but at the same time somewhere I also want to fight for myself. I know this is contradictory but my feelings and thoughts have been jumping up and down for such a long time. Even for small decisions of day to day life to big decisions. Even deciding to watch something I would feel I want to watch an episode or something and in the middle of it I would feel heavy thinking what the hell am I doing with myself watching this shit and wasting my time.

I feel like a failure

I wish I could explain it better ",1,0,1753874917.0,depression,user_3229,False,True,2025-07-31T10:00:33.184829
1md3w01,I feel abandoned amd numb,"Sorry if this is too long. My entire life has been full of struggles, I have never gotten the things that I wanted. 6 years ago I started a fresh career without any prior training or study, consider myself to be naturally good at it. No matter the talent, I haven't been able to get to a good position even after working professionally for 5 years. It's not because I'm dumb or lazy, but just because I never got a good opportunity and felt that some power is working against me, plus the last 3 companies that I worked at all closed down. So last year I decide to do a masters abroad and away from my home, I took a huge loan and started my studies hoping that things would look better, everyone in the class told me how good I was, both as a person and a professional. Forward to April, my girlfriend back home broke up with me, while I was grieving for that and applying for internships for graduating I got 3 offers and all of them retracted because of the visa process.

So now while almost everyone in the class with my experience similar to me has got an internship, I am stuck here with no hope of getting one, failed relationship, and in a huge debt.
I feel like a failure, all this potential and just because of streak of bad lucks I'm here directionless and numb, don't have a clue what to do and why this is happening to me.

I used to be a spiritual person, but for the past couple weeks I have a heart sinking feeling of being forsaken by the higher power.

I used to be very strong and would never think of ending it and would always believe that there is a way out but not anymore, I'm completely clueless, directionless, and numb to a point where I just wish that I don't wake up in the morning.
Everyone around me loves me but I cannot bear this weight of being a failure in life at 30 years of age. It feels something is working against me and no matter what path I take it will always lead to failure and don't want to face any more of it please!!",1,0,1753874343.0,depression,user_3230,False,True,2025-07-31T10:00:33.184829
1md3dzp,Can someone remind me?,"Hey all,

  
Probably not the right sub to ask this in but what's it like to not be depressed? I have lived with depression since I was 16 and am now 36. No relationships since I was 22 and I honestly cant remember what it feels like to be happy...the idea of being happy has honestly become like an enigma to me...

  
Please let me know.",1,0,1753872724.0,depression,user_0427,False,True,2025-07-31T10:00:33.184829
1md3abu,Why is my life a never ending cycle of losing,"For context: I was in a Uni in the UK on an international scholarship and I’m from a different country. 

Okay well basically I (19M) was getting panic attacks everyday in the UK from September to December, due to a bunch of trauma related to education when I got severe depression in the past. The Uni I was in had a lot of not so great people either. Anyway, at the tail end of December I attempted to take my life with scissors slicing my throat open but then the nurse caught me and I was under watch for the rest of the night at the uni. I was put under the National health care service (NHS) where their crisis team would check me everyday to make sure I hadn't died or killed myself. They gave me two different medications which made me even worse. It messed up my brain chemistry. I was stuck in a stuffy room with not much sunlight or privacy just alone with myself, with a psyche which slowly crumbled. The new medicine made me unlike myself. 

Everything from here happened in January.
Then in the beginning of January I was hurting myself by scraping my arms and legs with scissors, keys and forks. Whereby then I went absolutely insane during one of their visits and they thought I was really gonna die so they forcefully admitted me into a psychiatric ward in the town over. If I didn’t come willingly they would’ve forced me in there and sectioned me. So when I was there I was around many different people. Constantly hearing screams at night and completely delusional people as well. I was completely manic some days. I met this girl there. Her name was Lucy (19F) let’s say. After staying in the ward a couple days, we both realised we loved each other and got into a relationship. She has BPD. From that day we hung out all the time. Due to her BPD she can switch to someone horrible when she drinks too much. So when we went on a bender with another friend I made there by sneaking out of the hospital, I got incredibly drunk (I never drink) as we walked around town blasting music and drinking. So when we got back I couldn’t move because I was so drunk I may puke. But because she drank too much she switched and started calling me horrible names and everything. I cried. The next day she explained to me how the BPD works and that she’s sorry. I was blind thought she was sweet and amazing, plus I loved her. So I forgave her. Fast forward a couple of days she has to leave the ward because she’s been in too long and she decides to stay with her friend. Long story short, she stole money from me and tried to steal money from her the next morning. Kicking her out immediately that same morning. Lucy was depressed and hurt and I spent nearly 8 hours meeting up with her and finding her a place to live somewhere in town because she’s basically homeless. Lost 200 GBP in a stupid mistake in trying to get her lodging. I managed to get another friend I met in the ward to give her a place to stay. Then I went back to the ward myself. I was then told the next day that I was being discharged even though I wasn’t ready and I was terrified. None of the other patients want me to leave as they know I’m not ready but I just got an asshole doctor which discharged me. So a couple days pass and I’m sent back to my uni lodgings at night. The moment I enter my room I have a panic attack and hurt myself. I find out they forgot to give me my medicine too. I rush back that same night despite exhaustion and when I reach the hospital I break down in front of the ward. Crying and nearly vomiting on staff because I wanted to go back in. I was on the floor puking in the bathroom screaming and saying I was gonna kill myself. They said they couldn’t take me so they tried taking me to action and emergency room. But then I was so scared. So they drugged me up heavily with Promethazine (Muscle relaxant) so that I wouldn’t be able to think or move or speak. And sent me back to the uni. So a couple days go by and I’m practically bed ridden in my room unable to speak without slurring due to the amount I’m given. The next day I’m made to be in a meeting with the head academic supervisor of the university and my school counsellor. They tell me that I either voluntarily leave the uni through withdrawing my visa or they force me out by eliminating my visa forcefully. By this point I was insane. So then I had to mediate between my dad and mum as I had to pretend I loved my dad more and want his support because he can afford to bring me back. So in essence I decided to withdraw my visa voluntarily. And my dad would come pick me up in a week. Then Lucy wanted to stay at my place for a day as she was free. So she came over and she slept over in my room. The next day I had to organise a meeting with the uni people including higher ups to prep them with what to say to my dad that would not legally get them in trouble or screw me over when he asks questions. But while this was happening, Lucy was crying on the phone because her mother was being horrible and forced her away from me and she was breaking down on the street in town while on the phone with me on the way to my meeting. After all that I went back to my room where before she was forced away she had cleaned my room. I broke down in tears crying. I still couldn’t rest, shortly after the crisis team came to check on me and I was completely manic and insane speaking to them. A couple days pass and Lucy is able to stay over now until my dad picks me up. She missed me and wanted to stay with me until then. So she comes over and we just hang out together and love each other. I help her open up more, and comfort her when her mother is being a horrible person. I help teach her to feel her feelings better. But then two nights before I left, we decided to drink a little. I was against it but she promised she wouldn’t drink a lot so okay. I accidentally drank too much and I’m feeling sick. Wendy, in the midst of finally feeling her own feelings for the first time in a while, thinks she hurt me and tries to kill herself in my bathroom while cutting up her body with a razor. So when she exited she had overdosed and was bleeding all over. Leaving my bathroom all red too. I'm still heavily drunk so I keep feeling like puking but I try my best to remind her it’s all okay. She collapses and I think she died. I desperately got my neighbour to call the ambulance. I get them on the phone and Lucy wakes up to stop me from getting the ambulance to come saying she’s okay. I black out in my bed thinking she’s dying. I wake up and afraid she might be dying as we talk and all but I try to stay calm. So we talk and sort things out and she says she won’t do it again. We have a big dinner as it is our last night and I take her stargazing. The next day comes and I have to see my abusive dad. That happens. Instead of taking me to my home country he decides to use this opportunity to holiday. We reach the hotel and I’m shaking, panicking, crying, and shivering on the floor because of everything that has happened and is happening. He ignores me. A few days go by and I keep in regular contact with Lucy and a friend: Eric (40M). Lucy is staying with Eric temporarily after she stayed with me. So those days pass while I’m just unable to do much without wanting to kill or hurt myself. Then I get horrible messages sent to me from Lucy. Completely insulting me and berating me. Calling me nasty thing and making me feel fucking awful. I find out she tried kill herself again via overdose and my friend Eric drove her to action and emergency. She was spouting horrible things about him too so the hospital kicked him out. Then the last thing she told me was that she was dying and that I’m a horrible person and that it’s my fault this is happening to her. Next thing I know she ran away from the hospital, threw her phone away in a random park and went missing. My dad continues to mess me up while I’m in the hotel. The whole thing with Lucy messed Eric up and he tried to kill himself multiple times while I tried to stop him over the phone. Then my dad took me on the plane back to Malaysia while being incredibly mad at me for panicking. I reached home and without medicine I was combating trying to kill myself. I gave myself a concussion and tried to scratch my arms. My little brother threw away my self harm fork. I was made to see a therapist which tried to put me in another ward which padding and chains to the wall. It was so fucking scary.. I managed to avoid it somehow Then through a lot of begging behind the scenes I was allowed to see a psychiatrist. 

This is February.
My dad wanted to send me to the hospital but he was getting mad that we had to wait even though it’s normal. So he burst into my appointment and scolded my doctor rudely then left. After my appointment, he was screaming about how horrible my mum is in front of the hospital. The next couple days he tried to get me to cut all ties with my mum while I’m physically aging my head in front of him because he thinks she had an affair while they were married and is brainwashing us. He still hasn’t gotten over her. He tried to take legal action against me to leave his house because I might kill myself. Everyday it’s like I’m thirsty in a desert and there’s a huge bottle of water right in front of me. That water is to die. It’s like an itch to kill myself and I really want to scratch it every second. The new medication from the doctor has made me more sane now that I can speak and type. Without it I’d be unrecognisable. Completely insane, crazy, swearing, slurring, louder and just nuts. So after that I was given an ultimatum to either stay with my abusive father or live with my mum. The answer sounds easy but I couldn’t choose to stay with my mum. If I leave my dad, I’d lose out on inheritance I have been fighting for for 19 years, lose my ability to go overseas to study, my younger brother could lose stability, I’d force my mum back from her new life in Australia, strain her relationship there with her boyfriend and take money away from my brothers’ future funds from my mum  to afford my education costs. I felt too guilty and couldn’t do it even if I may kill myself. My younger brother and mum want me to stay with her but I just can’t. I'd take away so much from everyone. Despite having done so much for all of them. So I sucked up to my dad and managed to avoid having to cut all ties with my mum. I still want to kill my self a lot of days. It is so hard not to do it. It drives me mad.

Obviously there’s a lot more detail but this is what has happened. Right now I’ve been on new medicine and I’m more my normal self after that period of being on that bad medication.

I keep thinking bad thoughts. Like ending it. That I’ve got future. That I’m stupid and ugly and useless. That I will be nothing. I have such intense self hatred I want to kill it by killing me. I just want to be loved, is that so hard?? So somebody can prove to me that I am worth something more than fuck all. I know it’s unhealthy, but I don’t know what to do anymore. I don’t know at all. Fuck me. This is the third time and most intense time. I was diagnosed with severe depression when I was 14 managed to bring myself back from the edge and improve only to go through hell at 17 in a college course that made people actively want to kill themselves, only to somehow work hard through it while being nearly homeless for a time, financially, emotionally absurd, and lack of food, to this. I work so damn hard. Why the fuck does this keep happening to me. I know I’m not special so how the fuck does this happen. 

I’m sorry. I’m exhausted. I’m thinking bad things. It’s nearly 2am for me. I was thinking of Lucy. I missed feeling like I was worth something even if it was from somebody as toxic as her. Now I doom scroll dating subreddits to fill a hole I know can’t be filled by another person. But I keep thinking so anyways. I’m tired of living. I’ve seen enough and time and time again I get beat down. My whole life. What do you think that teaches me? That no matter what I do, all my hardwork will amount to nothing, that all my actions are meaningless because it’ll end this way and there’s no point living. Help me. I don’t know how to help myself. Why can’t I love me. That’s all I want. I want to cry. But the meds keep me from doing so. I want to fucking die so bad

Thank you for reading if you did. It’s long and messy. Fucked up and violent. I’m sorry. I’m sorry. I’m sorry. 

I don’t know what to say. I’m going to bed now. Good Night you all.
I hope you have good days.
",1,0,1753872363.0,depression,user_3231,False,True,2025-07-31T10:00:33.184829
1md33nz,September 1st,"I’m 34 and over the last 20 or so years, I’ve gotten more depressed each day. I ruined my life and I finally reached the point that I knew was inevitable. To put it mildly, I don’t understand people. The only thing I ever wanted in life was a family of my own and it hurts so bad to know I failed and will never figure it out. Some might say “it’s never too late” or something along those lines, I would say that to someone else, but it’s not true. I live alone, have no friends, no kids, no pets, no nothing and have made zero progress towards changing any of that for 20 years. I’ve been such a pathetic failure for so long that even if I believed it was possible for things to change, there’s not enough time. After September 1st, I will  have enough money saved that that on top my life insurance will cover any debts. It’s such a strange feeling. It’s calming in a way. ",1,1,1753871703.0,depression,user_3232,False,True,2025-07-31T10:00:33.184829
1mcyyzl,I don't know what to do with myself,"I have been very depressed for the last 2 months following a breakup. Things kind of started to get worse. I am trying to live day by day, but I don't know how to pass time. Everything annoys me, but I have to do something with my time. 
How do you spend your free time if nothing is enjoyable or meaningful? ",2,0,1753855903.0,depression,user_3233,False,True,2025-07-31T10:00:33.184829
1md1tmf,Pain,This world is a curse. It feels like there is no reason to live. It's so much pain and suffering. I honestly want peace from this curse. And I know I won't find it here as long as I'm alive. I'm helpless.,1,0,1753866993.0,depression,user_3234,False,True,2025-07-31T10:00:33.184829
1mdr3i9,It’s depressing to me that some mental illnesses will immediately get you hated just by having them even if you’ve never done anything. Yes I have pedophilia but I know right from wrong.,"People think because you have this incredibly messed up mental illness that you’re immediately a criminal. I CAN’T CONTROL MY FEELINGS. Obviously people who abuse children or look at exploitation material are evil people, but people don’t seem to realize that other people are capable of controlling their urges. Jesus Christ, I do have morals. Just because I suffer from this terrible mental illness doesn’t make me a bad person! ",43,61,1753932746.0,mentalhealth,user_3235,False,True,2025-07-31T10:00:39.980340
1mdpeg8,How to still love yourself when mental illness slows you down?,"I think anyone who struggles with mental illness knows what I’m talking about. The wasted hours, missed opportunities, unregulated emotions. 

Anyone have any tips on how to love yourself even when you fail or mess up? ",55,25,1753927772.0,mentalhealth,user_3236,False,True,2025-07-31T10:00:39.980340
1mdiz93,I think I have an infection and I'm scared to tell my parents,"I'm assuming this is the right flair. I have a bunch of scabs on my leg that I can't stop picking at. I cover them with bandaids and as soon as i take them off to shower or something i pick at them. I think a couple of them may be infected but I'm scared to tell my mom because she gets at me for picking at them, which i get, but I don't want her to be mad at me. How can I tell her?

Update- I told her that I’m scared I’ll get an infection and she just told me to stop picking. I’ve told her tons of times I can’t just stop doing it and she just told me I’m probably just bored when I do it and she just keeps telling me to stop picking. I made her look at a couple and she says they look fine right now and she gave me some Neosporin to put on them.",48,43,1753910707.0,mentalhealth,user_3237,True,True,2025-07-31T10:00:39.980340
1mdi5rm,"Seriously, how did you manage to stop overthinking and actually heal?","No, honestly, what’s the trick? Because I AM DONE. I’m so tired of reading all the “just keep yourself busy” advice. It doesn’t work for me. I am literally on vacation, swimming in the Mediterranean Sea, worrying about something that happened four years ago. I’m exploring new cities while unlocking new fears over decisions I made months ago. It’s making me feel like I’m going insane. I can’t take it anymore. I know part of this is probably some form of trauma, but every time I look up advice, all I get is, “You need to heal” What does that even mean? How do you do that? What’s the magic?
",39,17,1753908748.0,mentalhealth,user_3238,False,True,2025-07-31T10:00:39.980340
1mdui2x,I just want people to consistently talk too.,"I have a few friends. But I feel like im bothering them. I just want people to talk to and share my problems with, make new connections.  I have been tired of feeling like this but I dont think I can do anything about it. ",6,11,1753944460.0,mentalhealth,user_0855,False,True,2025-07-31T10:00:39.980340
1mdutlg,We broke up and I'm losing it,"Broke up And I'm losing it

So we broke up and yeah I don't think iam doing ok iam crying every single hour , iam angry at everyone I even crashed out on my family for nothing at all they just started yelling like usual and i crashed out , ik iam wrong I can't stop I feel like I can en*d my life at any moment at this time I really can't think straight yet when her mom called I told her everything is great and she just needs space and I respect that ended the call started crying and crashing the hell out even broke my laptop I really need some advice here.",4,5,1753945672.0,mentalhealth,user_3239,True,True,2025-07-31T10:00:39.980340
1mdpaml,Anyone ever want to end it so bad but you have a great a life and nothing to be sad about??,What the title says. I hit moments where I want fucking die but I have kids and husband. But I have another life that people don’t know about. And sometimes it eats at me and I just want to end it all. I feel like I have this huge fucking heart yet somehow I still manage to hurt people even if they don’t know it yet. I feel like a shit mother and a shit person. I’m a nurse for fucks sake. My whole entire existence is caring for others and being a people pleaser. I can’t handle fucking up and having people hate me. ,10,11,1753927469.0,mentalhealth,user_3240,True,True,2025-07-31T10:00:39.980340
1mdu5yx,How does one cope with the fact they will never get better?,"For me I’m 19 years old. I’ve been in treatment for my issues since I was 10. Took so long to even find people who took me seriously. All the hard work I was putting in to not be an adult in this awful situation- yet it failed. I’m an adult that’s about to move into an apartment with 4 random people (dorms)- and I am STILL extremely poor in condition. My body is constantly in pain, I can’t stand to take a shower, I can’t go on walks or hikes without having to sleep for extremely long periods of time, my eyes are dogshit (they feel like I see glitching and one is almost completely numb). 

Basically nothing has changed. I don’t have friends to spend time with because I’m far too sick most days. My parents have decided what will cure my issues is vitamins (even though I’ve been tested and I am not deficient). I am hopeless. At this rate I do not feel happy. I am wasting my life. My brain is so fogged and I forget everything I wish I didn’t. I have a hard time staying present- it all feels like a dream, and this awful pressure on my head makes it so much worse… 

I’m tired of it. I’m so sick of not existing but also not feeling well. My brain and body are probably gonna be permanently like this… it’s been almost 10 years of trying with no hope. 

I give up. I give up on the hope that it will change and I will enjoy life. I will waste and suffer in college just like I’ve done in so many other parts of life. 

How do I accept it?",5,6,1753943184.0,mentalhealth,user_0490,False,True,2025-07-31T10:00:39.980340
1mdva1g,I feel so alone,"I don’t know what to do anymore. I’ve been on medication, therapy, I have a good diet, weightlifting regularly, have a hobby which I don’t even feel like doing anymore because of how I feel. I’m 20 and I feel like I’m so alone. I feel so empty. Like there’s a void in me that I cannot fill. I dread going to work everyday. My job sucks the life out of me. All I do is play video games and go to the gym and try to take my mind off things but I can’t. It’s always there. I’ve talked about it with friends but nobody truly understands what I’m feeling and even if they did it wouldn’t matter. All I do is sit and get in my own head and into these thought loops it’s miserable. I’m so miserable at work every day I’m there and it just makes everything so much worse. I’ve even self harmed at work before in the bathroom. I haven’t done that in months but I’ve done it. There has to be more to life than this I can’t fathom living like this for the rest of my life",3,2,1753947490.0,mentalhealth,user_3241,True,True,2025-07-31T10:00:39.980340
1mdqava,I baked brownies!,"For context, I have severe contamination OCD.
I don't let myself do anything 'fun' or touch anything I might contaminate. But just now I baked some brownies! They are in the oven. It sounds small but it's the first time I've let myself do something hobby-ish in a long long time. Even if it is 3am lol",7,7,1753930356.0,mentalhealth,user_3242,False,True,2025-07-31T10:00:39.980340
1mdv310,What is this?,"I had a breakdown today in the car. My mum was taking me to a dentist appointment and before this I noticed something I said: not today I am not doing well today. anyway the trigger for the breakdown was I said please let’s go home and she said no we are going (I’m 28 and stopped benzos 26 days ago and other meds) I have a history of trauma.

I reached my limit - felt like I was dying and had to get out of the car. I was yelling and felt uncontrollable. I opened the car door while it was driving and me and mum just argued because she wouldn’t turn around and I was freaking out. 

now I can’t stop crying because it feels like everyone and wverywhere doesn’t feel safe. I am crying because how my life’s gone and how I am always seen as just this mess and too much.

I tried to lower my setraline dose the other day. Maybe it sparked this. I am so unstable today. Should I go hospital? Anyway I feel like dog shit right now. ",3,1,1753946697.0,mentalhealth,user_3243,False,True,2025-07-31T10:00:39.980340
1mdu5sb,"I'm 17, and an addict.","Alcohol, weed, psychedelics. Nothing past that, I know myself and I know I can't regulate my usage, so anything harder would be asking for a life ending addiction. I cant go a day without intoxication. It has been like this for years and I don't know how much longer I can take it.

I yearn for the life I could have lived if I had stayed far away from drugs, but I know I would have found some other addiction outside of it. Video games, binge eating, sex. It's all the same - a meaningless dead end escape from the stress of the world. The more time I spend escaping, the more dreadful my time spent feels when I'm sober. It feels like an endless battle. The guilt of even typing this feels atrociously unbearable, because I know there are people on this earth with REAL addictions. I know people who are far less capable than I am have overcome alcohol addictions, and ""weed addictions"", but I can't help but feel like my case goes farther, and deeper than that. It's not an addiction to one specific drug, but rather intoxication itself. ANYTHING to help me escape.

I wish I knew how to help myself. I wish I could enjoy this gift of life that God has given me but I can't help but hate every second of it. I'm so fucking worried I don't know where I'll be in a year, or two, or five or if I'll even be here in ten. I know if I keep doing what I've been doing then I will make it nowhere in life, but trying to dig out of the hole ive dug myself into feels like a helpless never ending game, where I always end up losing. I'm so worried I'll disappoint my family. People already see me as a loser. An addict. I have no close friends. All of the people I choose to surround myself with are surface level, and I know I could never trust them, and it feels so fucking lonely. I feel like this generation has lost its sense of genuineness. Everything is transactional. No one shows TRUE empathy. It might be narcissistic or egotistical for me to think this way, but I might be the only empathetic person left on the fucking planet. No one has decency anymore and it sickens me to my core.

Anyways, sorry for the rant. I just typed all of this to realize in the end I never came here to ask a question, or find an answer. I guess I just wanted to see if anyone relates. I want to know if anyone has gone down this path I'm headed because it feels so alone.",3,0,1753943164.0,mentalhealth,user_3244,False,True,2025-07-31T10:00:39.980340
1mdtrco,My life is perfect but Im still depressed,"Some people will say that ""its your fault for being depressed"" or ""why are you ranting about your problems instead of fixing it?"" Well I dont know how to fix my mindset and headspace because im not thinking about anything nor am I doing anything about it. Because I dont want to, because I wanna suffer. This is the truth many dont realize, I hate myself and I dont wanna get out of this predicament. My life isn't bad at all I have a dysfunctional but loving family and school is driving me mad and so is my social life but I dont have it as bad as some people so I'd say my life is pretty good compared to others because we all have our problems and some are just stronger than others but they dont have to always rub it in. Like if im doing bad you dont have to make me feel worse",3,1,1753941697.0,mentalhealth,user_3245,False,True,2025-07-31T10:00:39.980340
1mdvg5g,U also feel it ?,"Behind my smile is a broken heart, Behind my laugh I'mfalling apart.
Behind my eyes are tears at night Behind my body is a soul trying to fight.",2,1,1753948167.0,mentalhealth,user_3246,False,True,2025-07-31T10:00:39.980340
1mdt889,My ex passed away.,Knowing i’ll never see him again breaks my heart. I don’t think i’ll be able to move on. ,3,2,1753939810.0,mentalhealth,user_3247,False,True,2025-07-31T10:00:39.980340
1mdt6no,I feel like I'm slowly just slipping away,"Hi 20(M) here, I have been feeling off since my teens (2020 ish). I have been getting worse since about a year after my dad died (last year) when I started not having the motivation to do anything anymore. It started with hobbies and it's now getting to basic necessities, I have to drag myself to work and pretend like I'm doing ok and it just hurts. I'm scared because I don't feel like I can put in the work to do anything anymore and all I can bear to do is barely keep up with things now. My friends have even noticed that I have been distant from then the last while and not just physically, when they are around me they say I don't pay attention to things and I have to ask themselves to repeat themselves a lot. I wanna say that I have just learned to disassociate so much that it's become a habit but who knows. I want to live my life, get out and do things, maybe meet people I vibe with and date someone I care about (that last one especially seems hard as a gay guy in South adjacent states lol). I don't think I'm lazy I'm just so sick of trying and messing up things, I just want to not feel empty anymore. 

I'll reply to any comments (if there are any) tomorrow morning as my power is out and my phone is about to die. And if anyone has read this long thank you for listening to my word vomit/venting or whatever the hell this is, it means a lot.",3,1,1753939649.0,mentalhealth,user_3248,False,True,2025-07-31T10:00:39.980340
1mdv4ke,It's becoming so difficult to even survive.,"I don't know but I'm just tired of dealing my mental health. My body has started giving up. I can't eat even if i try. I can't do my work in my department. i can't even sit for longer time. So many times i thought to end this all but death is too much. i Just want to disappear somewhere. I don't know where. 
i don't know what's exactly wrong with me..i wish there was atleast one person with whom i could share what i am feeling right now. i sit alone everyday..fight a war with my thoughts..get tired and i sleep. i am so occupied by war inside my head that I can't think about anything else..i can't read..i can't work..and it's terrible. I feel so weak. i am just waiting for death to come and take me..i am so done.",2,1,1753946869.0,mentalhealth,user_3249,True,True,2025-07-31T10:00:39.980340
1mdmamd,I feel like I'm stuck and I don't know how to fix it,"I’m 19F and lately I’ve been feeling really overwhelmed, like I’m just drifting through each day. Some mornings I wake up and it takes everything in me just to get out of bed. I’m not even sure why I feel like this nothing ""major"" has happened, but it’s like this heavy cloud I can’t shake.

I feel isolated even around people. I smile, laugh, talk  but inside I feel so disconnected and tired. I overthink everything, and then I beat myself up for not being productive or ""normal."" I’ve tried journaling, walks, music… sometimes it helps for a little bit, but the feeling always comes back.

I don’t know if this is depression or just life, but I’m tired of pretending I’m okay. I don’t really have anyone I can talk to who would understand without judging.

If anyone else feels like this or has felt like this before… how did you cope? Did it get better? I’d really appreciate any advice or just to hear from someone who gets it.",8,4,1753919022.0,mentalhealth,user_1012,False,True,2025-07-31T10:00:39.980340
1mdsis5,I’m getting really tired.,"Literally how are people not depressed. I absolutely cannot stand my mind and it is ruining my life. I just feel so lost in everything I do and in every way I think. Ever since I was young I have liked to shave and I like to wear makeup and color my hair and wax my face. I just like the way it makes me look and it makes me happy but people on social media say I shouldn’t change the way I look and should accept myself as I am. But i just don’t like the way I look with hair on myself and I want to look a certain way because it makes me happier. I’m unhappy when I don’t do these things. I also don’t want kids because it’s a big responsibility and people say that’s wrong and bad for society, but idk if I would be a good mom because I’d be so stressed and I love my freedom and my independence. I also saw this guy on TikTok say if men sleep around that’s okay because biologically they are hard wired to do that but if women do it it’s wrong because they aren’t hard wired to do that and that makes them a whore and I really don’t agree with that but I don’t know why I don’t or how to explain that I don’t so it’s making me overthink and I’m over thinking my other opinions too because people will say such crazy things I don’t agree with and I don’t know how to defend my opinions to myself so I just go insane and wonder if I’m even right. My whole life motto has always been to just do whatever I want as long as I’m not hurting myself or anyone else but it feels like no matter what I do I’m indirectly hurting someone like with the makeup thing and the shaving thing that I’m hurting myself because I can’t accept my natural self. I just feel so miserable all of the time because I have these strong opinions that I keep to myself but I don’t know how to defend my opinions so it makes them feel invalid and I just feel so unhappy all of the time and it makes me want to d!3 just because I can’t handle my mind or shut my mind off and I always feel like I’m constantly doing something wrong. I just want it all to stop. Any advice to change my mindset? I know this may sound stupid or silly but it feels very real to me.",3,2,1753937343.0,mentalhealth,user_3250,False,True,2025-07-31T10:00:39.980340
1mdnuaw,Do “normal” people sometimes feel like they don’t want to exist anymore?,"Do people who don’t struggle with mental illness still have days where they wanna die or just wish they didn’t exist?? I have those days not often, but enough. And it stems from life being so overwhelming and i just don’t enjoy living sometimes. 

It’s just so stressful to be an adult. I don’t like to work or pay bills or have responsibilities, i mean who does but i feel like i just HATE all the things i have to do to survive. I don’t enjoy living a lot of the time and don’t want to exist. 

I thought i was “cured” or grew out of whatever mental illness i may have. (i’ve had so many “diagnoses” but i don’t know what i may have) now i’m not sure if maybe i’ve just grown used to the feeling. ",7,1,1753923303.0,mentalhealth,user_3251,False,True,2025-07-31T10:00:39.980340
1mdow9g,"I don’t feel depressed or suicidal, just… empty. Like I lost all purpose.","Dear people of reddit,

Not sure if anyone else relates to this, but lately I’ve been stuck in this weird headspace. I don’t feel depressed in the usual sense. I’m not suicidal either. I’m just… empty. Like I don’t have a dream anymore. I don’t visualize my future. I’m just here, floating, existing. No excitement. No direction. Just blank.

Thing is—I already have a job. I somehow manage to help my parents financially, and I know a lot of people would kill to be in my position. But even with that, something feels… hollow. Like I’m ticking all the boxes on paper, but emotionally? I feel like a ghost in my own life.

It’s not even that something horrible happened. It’s more like my sense of purpose quietly slipped away, and now I’m left with this numb silence. I used to have goals, dreams, plans—but now? Nothing lights me up. It’s not sadness, it’s like my soul’s on airplane mode.

I’m not looking for a quick fix or a motivational quote. I guess I just want to know if anyone else has gone through this. That weird, in-between place where you’re not drowning, but you’re definitely not swimming either.

If you’ve ever been here—how did you move forward? How do you start over when you don’t even know what you want anymore?

Thanks for reading. Just needed to let it out.",5,5,1753926333.0,mentalhealth,user_3252,False,True,2025-07-31T10:00:39.980340
1mdu90e,I feel empty,"I've spent 10 years of my life fighting depression, I'm thinking that perhaps I can't get fixed.",2,2,1753943497.0,mentalhealth,user_3253,False,True,2025-07-31T10:00:39.980340
1mdd2t6,Today is the day I was going to commit,I didnt. Ive been doing better and the meds have been working. Idk. Thought someone should know,20,5,1753897124.0,mentalhealth,user_3254,True,True,2025-07-31T10:00:39.980340
1mdktbv,Absolutely not giving a sh$t anymore,"I mean this in the most unemotional way. Literally, I don’t have a second of sadness around this. I have no interest in remaining alive. Everything requires too much effort and I’m uninterested and unmotivated as a general rule, always. I don’t have motivation to do anything that isn’t fun. It’s beyond the “that’s normal” feeling. I simply don’t wish to utilize energy to keep going. I push myself through life daily, and it’s exhausting and uninspiring. I hate technology, and everything is so reliant on that. I have no desire to learn. I dislike most people these days because they lack empathy. I could go on, but I don’t even have the energy to rant. Anyone else? I think it’s more than depression. I think I’m just done. ",8,9,1753915175.0,mentalhealth,user_3255,True,True,2025-07-31T10:00:39.980340
1mdtt6s,how do i move past this mindset?,"something i've been thinking about tonight. i think to tolerate a lot of the abuse i received, i tricked myself into thinking it was all love. that it was out of love and that's the way they showed it towards me. some crazy kinda cope that still sticks to me a bit. anyone i fell for treated me like i wasn't worth a thing and i liked that. i let people get away with way too much because of this. especially with the SA. when it was over i would think ""it's just because they love me, it's fine"". or why i got upset when they left for some reason or got bored of me. this and that it felt like i tolerated it all for nothing after they were gone. that i did something wrong. that has lead me to some really crazy places that made me so much worse. my perception of love was so morbid and sometimes i still think it is. it was such a constant the opposite feels so wrong despite me being aware of this. that sometimes i think ""he should hit me, i deserve it. he loves me right? if he did why isn't he doing X?"" it's complicated for me. actual love feels so foreign to me still. he's showed me that it's better but i can't help but feel this way. it sucks i'm like this 🤦‍♂️ i hated all of what was done, but a lot of things remind me of how ruined love was for me and how it constantly made me invalidate myself over and over again. i made ts too easy for them ",2,14,1753941882.0,mentalhealth,user_3256,True,True,2025-07-31T10:00:39.980340
1mdtigr,Help me be strong.,"Thank you for taking time to read this. 

I'll try to keep this short. But this is heavy. And if I don't share it, I may not sleep. My outlook on life changed in a matter of minutes. This whole in my chest feels like it's here to stay. 

I can't remember what brought this on. But I've been dreaming, and daydreaming about one of the best days of my life. 

And I'm trying to keep my tears hidden from my sister. 

I'm a 24 year old man. Who still can't afford to move out of our parent's house. For good. Not yet. My dreams of being a pilot, a soldier, or a an EMT are pretty much dead. But I know that life isn't over. 

My parent's relationship was always hard to be around. They often took out their frustrations at each other and my two older siblings on me. Usually with isolation in the house, and sometimes, days without food. 

My sister has 2 years of school left. She hasn't had it as bad as I did, but they've given her a hard enough time over nothing. 

Our aunt and uncle are everything BUT divorced. Both of our cousins, still in high school, have taken it pretty hard. Our grandparents are only fanning the flames. 

We've actually gotten to see each other more often than we did as kids. A couple times a week. Teaching my sister to drive makes me happier than I've felt in years. Soon, they'll all graduate. And I want to build a new legacy for our family with them. 

But I can't let them see me crying. Over something good, nonetheless. 

We have an older cousin. She lives overseas now. But she was more of a mother to me than my actual mom. I barely saw her more than once a year. 

She always made sure I ate as much as I could. Usually, people hugging me or touching my hands is uncomfortable. But when she did it, I just felt warmth. And my anxiety faded away. 

But now, my anxiety won't go away. Because I'm worried about her. Because where she lives now is dangerous. 

I don't think it's sleep paralysis. But in these dreams, I can't move. It reminds me of one morning when I was younger than 10. When I woke up, and I couldn't move my legs. 

Because my parents hadn't let me eat. I can't remember what for. 

My cousin has my head in her lap, and her fingers running through my hair. Like when we got to celebrate Christmas together. 

She tells me I'm gonna be ok. But I only get colder. She holds the fresh water to my lips, but I get more thirsty. She tries to feed me, but I can't move my mouth. 

More than once. I've dreamt of my cousin standing in a cemetery. Black grass, and golden headstones. Her hand on one of them. And I can hear her voice. But not what she says. 

I've thought about reaching out to her. But I can't dump all of this on her. It wouldn't be fair. And we haven't spoken in years. 

I don't want to think like this. I don't want to leave my sister and cousins alone in this family. I can't  let them see me broken. 

I'm sorry for how dark that got. But I am afraid. And I can't do this alone. ",2,2,1753940824.0,mentalhealth,user_3257,False,True,2025-07-31T10:00:39.980340
1mdtc8o,My mind is getting to me😞,"OK, so tomorrow I have my doctors appointment for a check up and I’m ready to tell him everything about my alcoholism above my drinking habits and about my Xanax use right now I’m having these thoughts and the start trying to tell me to reschedule and mind you. I’ve been rescheduling every doctors appointment since January so I just wanna go through with it tomorrow I gotta be strong and accept what the doctor tells me when he tells me any news. I hope that I don’t have nothing severely wrong with me like my liver lungs, esophagus all because of alcohol abuse I just need some positivity for tomorrow because today I was procrastinating on whether I should reschedule my appointment again.",2,0,1753940206.0,mentalhealth,user_1279,False,True,2025-07-31T10:00:39.980340
1mdqryn,does anyone else’s mental health struggles manifest physically?,"i’m not talking about depression, necessarily. it’s not sluggishness or exhaustion.. i mean ACTUAL sickness. when i’m experiencing severe anxiety i get flu-like symptoms like migraines, extreme nausea, dizziness, and the occasional fevers. does this happen to anyone else? how do i cope with this??",3,4,1753931760.0,mentalhealth,user_3258,True,True,2025-07-31T10:00:39.980340
1mdqpyh,Can abilify make you dumber?,"I started it a month ago and i swear to god im dumber now, i feel like an actual moron and on top of that im exhausted all the time. But most inportantly i just feel my brain draining out of my ears on this stupid drug, please tell me im not schizo or imagining this",3,2,1753931592.0,mentalhealth,user_3259,False,True,2025-07-31T10:00:39.980340
1mds9dd,How do I cover deep scars on forearm,So when I was younger I had a very rough childhood and ended up harming myself really bad and ended up with 4 really deep keloid type scarring it’s the reflective type and I feel like there’s no way to cover it even if I get a tattoo I feel Ukw people could still see it ,2,2,1753936452.0,mentalhealth,user_3260,True,True,2025-07-31T10:00:39.980340
1mds95n,Has anyone experienced migraine due to mental disabilities?,"I have mdd and ptsd from my military service. Lately I’ve been struggling ongoing migraines. It’s usually on the right side of my head, and more pronounced in the back. I feel it when I turn my head. The pain is a 4/10 but it’s kind of constant and irritating me. I specifically get it more often at night. I’ve already gotten bloodwork and a ct scan; a clean bill of health. It’s now almost month. Just curious if it’s just my mind messing with me and it’s not something the hospital missed. ",2,2,1753936431.0,mentalhealth,user_3261,False,True,2025-07-31T10:00:39.980340
1mds5sf,How do therapists and psychiatrists work once you turn 18?,I turned 18 a week ago and was wondering how therapy n stuff works. If i tell my therapist/psychiatrist I am suicidal or have harmed myself do they have to tell my parent or can they keep that confidential. I don’t want to lie to the therapist but I don’t want my mom to find out. I’m asking cause I know where I live that they have to tell ur parents if ur under 18 but I’m not anymore. ,2,6,1753936110.0,mentalhealth,user_3262,False,True,2025-07-31T10:00:39.980340
1mdhugn,My brother is clearly not okay. I don’t know what to do or how to help.,"My (14m) brother (20m) studies abroad. He’s at his third year of university. My parents and I usually video call, but for a couple months now, he hasn’t been speaking like how he used to. He’s so much more quiet. When he visited home 6 months ago, we noticed he doesn’t maintain eye contact, and takes really long to answer questions, and lately he’s been just ignoring questions altogether, and I never see him smile.

He’s visiting now, and I’m just very concerned but I just don’t know what to do, it’s clear that something’s bothering him but he just won’t open up or talk about it.

Thank you for reading, and I really do appreciate any guidance on how to help my brother.",8,4,1753908016.0,mentalhealth,user_3263,False,True,2025-07-31T10:00:39.980340
1mdvjfu,How can I enjoy myself?,"I mean, how can I feel great when I'm alone? I don't have any friends but I communicate with people. I communicated to make friends with a person but it doesn't seem right. I want to learn to enjoy my own company, to be my own friend so that when I talk to someone I don't have to look for close friendship or select people to talk to. ",1,0,1753948530.0,mentalhealth,user_3264,False,True,2025-07-31T10:00:39.980340
1mdvhxw,I’m tired of feeling like a burden & lost..,I don’t know how I feel anymore.. I’ve been holding up my emotions for God knows how long & just last night I had my emotions twisted & shattered after a gal I really liked stopped having feelings but only told me last night and not from when she stopped. I haven’t felt so broken/emotional in a long while.. I feel that I did something wrong and no matter what I can’t stop feeling like I wasn’t good enough or stop overthinking about it.. Aside it I always feel like disappearing and not being around.. I get attached easily despite being hurt & used.. I just don’t know what to do anymore I’m tired of lying to myself and thinking I’m okay when I’m not.. ,1,0,1753948362.0,mentalhealth,user_3265,False,True,2025-07-31T10:00:39.980340
1mdlab2,Im sad and i dont know why,"15 Male, ive recently been unable to sleep and felt the need to cut myself even though my life is great, i gave an amazing family an amazing girlfriend an amazing life in general but recently i just felt like shit my mind has been making me think some things like does my girlfriend actually love me is she cheating on me i have also been thinking that everyone i know has secretly hated me and dont care about me,

  
fyi i have previously been diagnosted with depression although i thought i got better a long time ago  
i have an ongoing diagnosis with anxiety and bipolar disorder and idk if these play factors in it either and i read on google that it could be hormones and such but i dont know anymore i dont know whats wrong with me. i have previously self harmed weeks ago but ive been clean ever since",6,4,1753916376.0,mentalhealth,user_3266,True,True,2025-07-31T10:00:39.980340
1mdvbus,Why did our boss do this?,"Our boss ,the CEO, never does this. He answered a private call next to me yesterday….
This year, I suffered from a tremendous loss. My mom, she died after battling diabetes, seems like her body couldn’t take it any longer. She did not know she had diabetes, she was so sure about it.


I never thought this would happen so soon. But it did. And so sudden , in two weeks. I carry guilt,( I was depressed and panicked in front of mom and I wanted emotional support from her)


I don’t have siblings , dad divorced mom 30 years ago, I’m 30 now. I didn’t have many interactions with him as he traveled for his work and never wanted to be responsible. He wants reconnection now, but he flirts on the phone. I don’t think I want to rekindle now. Talking to him now seems creepy since he brings up his sex with mom, tells me I’m too attractive I should cover up, tells me he wants me to treat him as mom did. He follows porn with underage girls and other women who look like me. 


My coworkers don’t know the details but they do know I’m going through a tough time. I don’t have money to pay for the apartment… everything is going downhills and I’m trying my best to stand on my own two feet. I’m ignoring the pain of losing mom and the longing. Deep inside, I want to go with her. Everyone at work knows I’m all alone in this life now.

I went to a trip somewhere calm , far away for 5 days. When I got back. I noticed the CEO looking at me differently, like he can’t speak . His voice is too low speaking to me. 
The CEO, sat next to me yesterday . And pointed at the screen of the pc , his chest brushed my arm three times. I think it was uncomfortable but unintentional. He is married and has kids, he is happy with his family. Then, he  answered his phone. And spoke to his mom. Even though he told me his mom died right after my own mom died.


I don’t know why he kept saying mom, and looked at me in a weird way and smiled. 


I think he intended to call his mom in front of me. But why now? I’ve just gotten back from a trip to heal.",1,1,1753947694.0,mentalhealth,user_1125,False,True,2025-07-31T10:00:39.980340
1md8l5w,Do mentally healthy people really just decide it will be a good day and it is?,"I assume pretty much every day will be a bad day and I'm usually right. I've stopped trying to tell myself that a day will be good, or even okay because it's not likely to happen. I have always gotten a little annoyed when people tell me to have a good day, because it's not up to me. I can tell myself to have a good day, but I'm going to be at work all day, and I hate my job, and there's genuinely nothing positive about it, and I don't have friends to spend time with or hobbies I like to do after work to make up for that. 

My boyfriend lately has been especially annoying because when he says ""Have a good day!"" and I say ""I'll try."" he says ""You will have a good day, just have it, make it a good day."" and it makes me feel insane. Can more mentally well people literally just tell themselves to have a good day and they do? Even if they spend the entire day doing something they hate, or they know they'll be in pain by the end of the day or if everybody they interact with is mean for no good reason, can they just choose to be happy at any given moment and they are? 

He's making me feel like I should be able to flip some sort of switch and be happy about doing all the things that have made me miserable for months, and I'm losing my patience. I know he means well telling me to have a good day, but I really don't feel I have any control over it, and when I come home from another bad day, he seems disappointed because I didn't choose to make it a good one. ",21,36,1753886927.0,mentalhealth,user_3267,False,True,2025-07-31T10:00:39.980340
1mdmgpd,Girlfriends mental health,"I’ve posted on here before about my girlfriend and her self harm and how I blame myself , today she talked to me about how she had the strongest urge to kill herself and I was only reason she didn’t do it , I am distraught she gets angry she says hurtful things and she’s explained it stems from something deeper within her , it’s getting so hard for me I’ve tried to get therapists and am actively trying but I can’t stop blaming myself for her self harm and if she were to kill herself I can’t imagine how much I would blame myself and think I could have done more , I also have never had so many thoughts about leaving this relationship this was whole heartily the girl I want to marry and spend my life with and I still do but I don’t know if I can put myself through if she kills herself I also don’t even know if us not being together would even make a difference in that way , I will try to be as supportive as I can it’s just so hard , I am sorry if this doesn’t make much sense as I am in kind of shambles right now I just don’t know what to do lol ",4,1,1753919474.0,mentalhealth,user_3268,True,True,2025-07-31T10:00:39.980340
1mdr6pn,is this ocd,"
I have been diagnosed with ocd back in 2020. I have had a variety of obsession and compulsion throughout the years. But I don't know if this is ocd or not. For almost a year now I have this thought of living at college dorms to make lifelong friends. Right now when I'm with ppl and friends I feel empty, lonely and sad. I have met a lot of people and more than handful of friends to hangout with in a new country and university. But I still want more. I still feel unhappy and lonely. I feel like once I go into dorms, I will be happy and emptiness feelings will be gone. (for dorm I need to take out 15k loans)",2,1,1753933018.0,mentalhealth,user_0784,False,True,2025-07-31T10:00:39.980340
1mdv16q,I feel like I'm losing myself,"This condition is difficult to explain. It was very frequent if not constant some time ago. But thanks to working with a psychologist, I was able to reduce this unpleasant feeling. But now it's happening again. At such moments there is a strong fog in my head, I simply stop feeling like myself, emotions disappear, everything becomes gray and meaningless.  
Has anyone encountered something similar?",1,2,1753946490.0,mentalhealth,user_3264,False,True,2025-07-31T10:00:39.980340
1mduzup,Uncomfortable for the stupidest reason,"Sometimes, my boyfriend tells me that 'If [insert character] were real I'd fuck them' and it makes me feel fucking AWFUL. There are people like that out there, and it makes me feel really fucking inadequate and then it makes me feel so bad for feeling that because its such a non issue.

I don't know. ",1,1,1753946347.0,mentalhealth,user_3269,False,True,2025-07-31T10:00:39.980340
1mduq37,Off my chest: Everything that reminds me of home is so painful,"This is so stupid and so first world problems. Im a college kid, Im back home for tbe summer and im about to return back to school.

I also love my car. But my car currently needs a repair, my parents don’t want me taking it. Totally understandable. However the other option is the car I drove for throughout highschool. 

I don’t know how to explain iy but being home is so painful. that car is just an extension of that. Like I cried for a solid two weeks when I got back. Everything feels like it did when i was 14. Being in that car makes me feel 16. And incase it wasn’t clear 13-18 wasn’t exactly roses for my mental health. 

Its dumb. Its stupid. But everytime i drive the car its not mine and its just immediate tears. Like i hate that car. It makes my skin crawl because just everything comes flooding back to me. 


And its hard because i can’t communicate that with my parents. They don’t really understand how I process and feel things (I have HSAM), and im highly sensitive, so its safe to say I’m not trying to be this over dramatic or whatever. I just can’t help that sitting in that car feels like whatever I was going through throughout highschool.

Im not really sure what im looking for here. I’m greatful for everything, Im aware of just how dumb this is. I just think its like I love my car, I love being at school. And i feel like taking something that is so highly associated with so much pain and my home to my safe space persay is really messing with my head.

",1,1,1753945289.0,mentalhealth,user_3270,False,True,2025-07-31T10:00:39.980340
1mduo34,Idk how to feel about not being able to remember my biological fathers voice,"For context, I was put into foster care multiple times from the ages of 0-6 usually for a few months at a time. This happened at least 5 times in my childhood until I was permanently removed from my father’s custody. Both of my parents were crack addicts and were very rarely present. My older brother helped raise me up until the point of being adopted. As I’ve grown older I’ve started to look more and more like my father. Because of the nature of crack addicts I only have 6 or 7 photos of me from that time. I feel like I’ve become my father and it has genuinely stressed me out. In my thoughts all I can think about is how I don’t remember his voice and it eats me alive. I’m scared that I sound like him and I don’t want to turn into the terrible man that he was. ",1,0,1753945087.0,mentalhealth,user_3271,False,True,2025-07-31T10:00:39.980340
1mdunuh,Feeling suicidal after reading news about child sxual harassment,"Please open with careful, it might triggering. Contains : sxual harrasment, s.cidal thought

>!I feel disgusted, afraid, sad, hopeless after reading news and knowing that there are many sexual harassment to children happened in my country recently. Police arrested culprit but I’m anxious that psychological trauma victim has experienced could never healed and I’m afraid they could also be next offenders. I know some victims become advocate on children safety when they become adult.!<

>!I read 3 news and few headline news. It’s in different news, and victim are various age range from 4 years old, 9 and 11. Some are anonymous age minors. Culprit was near neighbor, their uncle, religious teacher and even victim’s own father. It makes me feel disturbed, hopeless and afraid to trust human. One of culprit confessed he did harassment bcs of unresolved past trauma.!<

>!I want to escape, i can't help them. i have bpd, social anxiety, do social isolation. live is overwhelming and feel not safe!<

>!i need reassurance or understanding please!<",0,1,1753945061.0,mentalhealth,user_3272,False,True,2025-07-31T10:00:39.980340
1mdubjp,Does Being Flaky Make Me A Bad Person?,"Hi all, I planned a trip and told everyone I’d make it (it’s in another state) but have to cancel now. I have a reputation of being flakey. I feel really guilty about it (I know it doesn’t do me any good even if I do). I just want to know if this makes me a bad person? I’ve let a lot of people in my life down because of this, even asking “are you really gonna make it this time?” 
I have kinda always struggled with my mental health and that was the main reason usually. I’ve been struggling with school now too. I just don’t know. 
Please let me know your thoughts. Thank you. ",1,1,1753943763.0,mentalhealth,user_3273,False,True,2025-07-31T10:00:39.980340
1mdu8d4,Free Pro bono Session,"
Hey fellow Redditors,

As an MA Psychology student, I'm offering *free pro bono therapy sessions* to help with:

- Anxiety and overthinking
- Stress management
- Goal clarity
- Relationship issues
- Grief and loss
- More

If you're interested, for contact details. Let's prioritize mental health together.

I'm here to listen and support you.
",1,1,1753943433.0,mentalhealth,user_3274,False,True,2025-07-31T10:00:39.980340
1mdu74w,How do I help my partner with severe dissociation when she seems to push away from any help.,"Hello, I recently got into a relationship with someone who has a lot of past trauma and used disassociating as a way to stop it all. When they were about in the 2nd grade they had crippling anxiety and depression. This made her use dissociation as a way to escape. Recently she opened up and said maybe 5-10 minutes of the day she isn’t dissociating. This deeply pained and saddened me as someone I’m so close to is fine with living almost constantly out of her own body. So I asked “is there anyway we can work on it together?” She followed up saying “Well it doesn’t really bother me.” Which I was surprised but also somewhat relieved. Well after a longer time in this relationship sometimes I’ll be talking to her and she will zone out and if I bring up an emotional subject along the lines of our relationship she will refuse to speak at all. I don’t know how to help someone who doesn’t see this isn’t healthy. She doesn’t understand how this could be hurting her or even me as her spouse.",1,0,1753943311.0,mentalhealth,user_3275,False,True,2025-07-31T10:00:39.980340
1mdq1h9,Nothing makes me happy,"I can't talk about it with anyone because from an outside perspective I should have plenty of reasons to be happy. I don't understand why I feel this way. 

Somethings changed recently. I'm either neutral or depressed. I'll have brief periods where I feel really upbeat but afterwards I'm neutral. When something upsets me I spiral and it completely throws me off. 

No matter how well I do at anything there's a voice in my head telling me someone else would have done it better or that I'm not good enough, and it's right. People always say you need to love yourself but you can't really do that when the person you are isn't someone worth loving. I know I'm able to see good in people when it's there because I see it in others all the time. Its just not there in me.

I can feel the people in my life growing sicker of me day by day. I don't want to lose them but they'd probably be better off. I don't want to be this way.",2,4,1753929600.0,mentalhealth,user_3276,False,True,2025-07-31T10:00:39.980340
1mdu5l1,I'm feeling empty,"I've spent 10 years of my life fighting depression, I'm thinking that perhaps I can't get fixed.",1,1,1753943143.0,mentalhealth,user_3253,False,True,2025-07-31T10:00:39.980340
1mdu4b7,Should I talk about it?,"Additional Tags & Flair: VENTING, Comparison, Insecurities, Question/SUPPORT

tldr: should i talk about my insecurities with my friend? i dont want to give her the power over me. this insecurity is eating my life, literally.  


Hello, its me again. Please let me vent, all I ask is empathy and understanding from anyone. Idk who to talk to. I cant talk to computers anymore I feel more lonely.

I have a friend let us call her G. G is 1.8 years younger than me. I can't deny, she is very pretty, beautiful inside and out. Captivating, adventurous, Mature, Creative, the perfect girl next door. She really has everything. Even when she has problem she and breaksdown it is in a way that everyone will care for her. And im not saying this out of anger, I do genuinely love her platonically. but i do have hidden insecurities towards her. and i opened it up back in HS, and everything is okay for a while but i realized  7 years later, i never healed.

During HS, everyone had a crush on her. everyone. even the ones i have a crush on. It came to the point that they will go to me to admit they have a crush on her... even my crushes.. and when they couldnt get her, they became my friend. it is the closest seat they could take to be next to her...

I didnt think much of it until I actually fell inlove. I was courting a guy and befriending him.. then later he admitted (knowing that i love him) is he had a crush of my friend, G. His bestfriend then flirted with me.. and i flirted back to move on. but i later found out he initially tried to flirt with my friend and she turned him down.

every guy i met before.. relationship or not, chose her first and me second cuz they cant get her. it may sound like im exaggerating but im not. 

i have a bf now who I met online. I was relieved because meeting someone online means he never chose my friend.. but now that were going so well, Im afraid the time for my friends to meet him is coming up too.

i cant sleep, i am so afraid. i am so afraid to be that person again.. 

I talked about this insecurity with my partner and he tried to reassure that im the only one he loves but expresses that its weird that I warned him about my friend. 

i know by opening it up to him, he will grow interested, he will think ""what's with her friend? i want to know? if her friend is better why am i with this girl(me)?"" 

She (My friend) draws, logical, cool and beautiful, she knows boundaries, confident, handles money well, and everything a guy could ever ask for and all she has to do is to say no to them. and i cant be like that. i am not like that. i will never be like that. 

im debating whether i should talk about this insecurity with my friend but i dont want to give her any more pride knowing a girl close to her is insecure and give her the power over me so i choose to stay silent. 

But i am so afraid. there is not a time where i didnt think that i am enough for anyone. i always feel not enough, ugly, every negative emotions. 

i really want to d*e because of this. i know i may be deemed weak but, i am so tired of being the second best, the last choice, the settlement. 

i want to love and i have so much love to give, i just hope... i can be worthit to someone else too. 

it came to the point that im looking for vases. im trying to remove my parts so that it will be easier for people to forget about me....

please help me.. 
please be kind...

",1,1,1753943009.0,mentalhealth,user_3277,True,True,2025-07-31T10:00:39.980340
1mdu1lf,I need therapy but I can’t afford it,"I really need therapy. I’ve avoided it for a long time and have been putting up a front my entire life so no one could see my OCD or other problems. But now that I’m 18 and planning my future, I’m afraid my mental health is eventually going to affect everything. I know what’s wrong with me, but I don’t know how to fix it or make it more manageable. I’m trying to save money but I can’t do that and get therapy once a week or every two weeks when it’s $160 per visit. I can’t use insurance because my parents will find out I’m getting therapy, and I don’t want to cause drama. I don’t want to get counseling at my college because it doesn’t feel super confidential, nor do I think they would be able to help me, as my issues go deeper than depression and anxiety. I don’t know what to do. But I need something. ",1,0,1753942726.0,mentalhealth,user_0790,False,True,2025-07-31T10:00:39.980340
1mdu13h,Would it be too much for me to run away from home because I need a gap year?," (18F) graduated from high school this year and got accepted into a somewhat prestigious university .

I understand how lucky i am to have that opportunity, but after some things that happened this year, I feel completely burned out and I mentally just can’t go straight into another year of intense learning without some time to just step back.

I have proposed to my mom my plans during this gap year: to work and to enrol in an online architecture course. Of course, with the promise of applying for the next school year as well. However, every time I bring up the idea of taking a gap year and try to have a conversation, it always ends up with her blaming herself for how I turned out, and never a compromise. 

Now, I am thinking of leaving for a bit. I don’t want to run away forever, I just want to take some space until she is willing to listen. I have some savings and a car, and a rough plan of what I would do during this time. I don’t want to completely cut ties with my mom, but at the same time , I can’t just force myself to pretend that everything is okay with the current state of my mental health.

And yes, she is paying for my education. However, I do not know whether that would still be the case or not if I were to force her into allowing me to take a gap year. I know that I don’t want to give up on my education, and even if she has no plans to fund it in the future, I will take up student loans to pay for school.

I am not expecting her to magically agree with me, but rather to stop shutting me down every time I try to talk to her about what I need, and without guilt tripping and blaming herself. If she says no after a real conversation, that is okay with me.

So, would it be too selfish or stupid to leave until she’s willing to have an honest conversation?",1,0,1753942675.0,mentalhealth,user_3278,False,True,2025-07-31T10:00:39.980340
1mdtvxj,Childhood happy memories?,"Is it just me... or am I just the only one who doesn't have a happy memory? I mean.. i remember some of my childhood memories but i don't remember ever being very happy or genuinely happy... Like, I'm just ok ok... but not really happy. ",1,1,1753942151.0,mentalhealth,user_3279,False,True,2025-07-31T10:00:39.980340
1mdtoca,Psychiatrist sending me to virtual IOP but I have cPTSD…,"Has anyone experienced Pathlights virtual IOP program? It’s under their mood and anxiety treatment center and to be honest… that’s not really my issue. I’m dealing with suicidal ideation (with no plan) and cycles of depression and anxiety all stemming from childhood trauma. I was in traditional talk therapy for years and finally got a trauma therapist who practices somatic therapy and it’s made a huge difference but I have to pay out of pocket and can only go twice a month. I’m afraid a virtual IOP program will be a bunch of group therapy sessions run by an associate. My mental health is way too complex for that. I’m afraid of being retraumatized or diving in deep to something and not having the right support while I’m already fragile. 

I’m 30F and run a business and part of me also feels like this is juvenile. Feel free to check my pride on that one. I want to do whatever I have to get better and will listen to my care team but something is telling me this just isn’t a good fit. I’d love to hear others perspectives.",1,0,1753941422.0,mentalhealth,user_3280,False,True,2025-07-31T10:00:39.980340
1mdto21,love you all,"You don’t have to rush to be okay. Healing, clarity, peace—none of those are on a timer. Sometimes the most important growth happens when it looks like nothing is happening at all.",1,0,1753941390.0,mentalhealth,user_1044,False,True,2025-07-31T10:00:39.980340
1mdtmh9,“Some days”,"Some days, it’s hard to get out of bed. Not because you’re lazy. Not because you don’t care. But because your mind is tired from holding up what no one else can see.

Some days, everything feels heavier—like your own thoughts are too loud, your skin too sensitive, your heart too fragile. And that’s okay.

Dealing with mental health isn’t about always being okay. It’s about learning to sit with yourself in the not-okay. To breathe through the noise. To ask for help when you need it. To take the walk. Cancel the plan. Cry it out. Try again.

It’s learning that healing isn’t a straight line, and strength doesn’t always look like smiling. Sometimes, it looks like showing up. Or resting. Or staying.

You are not behind. You are not broken. You are human.
And you are doing the brave work of making it through.

P.s love ya",1,0,1753941235.0,mentalhealth,user_1044,False,True,2025-07-31T10:00:39.980340
1mdtkxe,I bottle my emotions to the point it's about to ruin my friendship.,"My friend (20M) and I (21F) constantly get into fights. We play video games and he gets mad at the game, telling me what I did wrong (he's autistic and I perceive his tone as angry when he's not. I have learned to understand that he is just trying to help and push any feelings of hurt aside). Today he made a comment that he and another teammate were the only ones on the team, I got upset. I went off on him, telling him he does this with every game. I told him what he said was hurtful and I felt stupid. I cooled down a bit, but didn't have a true break from the convo. I tried to explain to him how I felt others treated me like I was stupid in my life constantly, and I felt incompetent in my life everywhere. I said how when he said those comments (prefacing that I know he wasn't calling me stupid at all, and he was just making a minor comment that I felt particularly hurt by) I felt like I was stupid. I was crying as I explained this, as I also had 2 incidents at work that day where I felt others were calling me stupid (they weren't, I just felt that way by their reactions).

Overall. I didn't say anything egregious to him in anger. But in his perspective I just blew up at him suddenly. Then he was told how a comment he made hurt someone deeply. He felt so guilty that he refused to continue playing the game with me anymore because he felt like he ruined every game we played, because I said he does this with every game. He then very clearly felt extremely guilty, also crying because of how I said how stupid I felt.

I kept apologizing because I never intended for him to feel this way. I just wanted him to see my perspective, and see me, and see that what he says does affect me. We spent the whole night feeling guilty and horrible, constantly saying ""I'm sorry."" and I tried to reassure him over and over, telling him he's a good friend and that I shouldn't have lashed out, I should have told him I was upset in a better way. I told him it wasn't his fault how I responded, that his comment did hurt me but I shouldn't have yelled at him. He left the convo, not feeling better.

I left the convo feeling like a bad person, and like I just made him feel like some major asshole for a comment that was overall, not a big deal. We have similar arguments constantly. It doesn't escalate to this level, but it usually starts with him making a comment and me getting so upset that I blow up, he feels bad, I then feel bad that he feels bad, we go in circles with our guilt and apologies, we calm each other down. Repeat.

I realized now that the source of this is really me bottling up how I feel. I feel so horrible. I feel ashamed, and afraid I will lose my friend. I know how to acknowledge how I'm feeling. But I don't know what to do past that. I don't know how to tell someone how I feel without going too far and causing them to feel bad, or dumping too much onto them.

I have this overwhelming feeling that I ruined everything and that I need to fix is NOW or else I will lose everything. I feel like I can't fix anything I need to right this very second, that he still thinks it's his fault, and therefore I feel extremely anxious and like the world is about to fall out from under my feet. I'm overthinking our entire relationship, worrying if I've ruined him. I'm terrified that I am a bad person that hurts others. I don't know what to do when I feel like this.",1,0,1753941077.0,mentalhealth,user_3281,False,True,2025-07-31T10:00:39.980340
1mdpamu,concerns about eating habits,"hi reddit, ive been having some thoughts about my body. during college I gained about 20 pounds due to drinking, I was very ashamed. I managed to lose it by restricting my diet and working out. I lost the weight however recently I am starting to become terrified to eat because I'll gain weight. my body image is constantly on my mind, sometimes ill go whole days without eating and if I do eat ill feel very ashamed. I don't think I have an eating disorder because some days I will eat normally but im not sure. I really want to lose lots of weight but yeah idk help? is this something to get concerned about ? I just wanna eat food like normal but I must keep dropping pounds",2,0,1753927470.0,mentalhealth,user_3282,False,True,2025-07-31T10:00:39.980340
1mdtc66,I think im genuinely crazy,"I need opinions on this, i think i did something really insane. So last year I had this extra account on tiktok to use in case i got banned. I gave it a name of a girl from a show i was watching, Quinn. At this time was my best friend was getting close with another girl and it made me upset. I began to use this Quinn account to befriend her. I made her a whole personality, family life, and backstory. Her interests were similar to my best friends to make sure she would like “Quinn”. I told her that i met her through me and we were good friends(“Quinn” and I). I wanted to make her jealous. I slowly began to make my best friend pity me by telling fake stories about myself to her through Quinn. I learned everything my best friend thought of me. I then began to make her do things through Quinn.For example, I would tell her to text me, then I would ignore her to get back at her. I also began to make a whole fake friend group. I would post how much I loved them when she was too busy to do something with me. I was manipulating her and I’s whole relationship. This went on for months until I told my best friend through Quinn to cut me off. I still don’t really know why, I guess I thought she wouldn’t do it. That was back in October. I just needed to get this off my chest ",1,0,1753940199.0,mentalhealth,user_3283,False,True,2025-07-31T10:00:39.980340
1mdt6xg,Does anyone else have this like weird feeling where you feel like agitated and frustrated or angry type feeling that makes you get like physical anti existence feelings but your heart and soul want to live and love life when you aren't suffering?,I'm not sure how to describe it but I hate these feelings sooooo much. It makes me not feel like myself and is so scary. It's like a feeling I don't have the words to describe. I dunno. Anyone else?,0,1,1753939674.0,mentalhealth,user_3284,True,True,2025-07-31T10:00:39.980340
1mdt54z,"When You Stop Forcing, Life Starts Flowing","Learn to live life in a flow. Not everything needs to be controlled, fixed, or rushed. Sometimes, the most powerful move is to surrender, not out of weakness, but out of wisdom. Flow means trusting the timing, embracing the pauses, and letting go of what weighs you down. It’s not about giving up, it’s about growing through what comes, without resistance. The most grounded people aren’t the ones who fight the current, they’re the ones who learn to ride it with grace, patience, and quiet strength. Life isn’t a war to win, it’s a rhythm to move with.",1,1,1753939501.0,mentalhealth,user_3285,False,True,2025-07-31T10:00:39.980340
1mdt4kn,I often find myself wishing/daydreaming bad things would happen to me,"I don't really know what people normally put in these so I'm really sorry if I say or do something wrong 

But I've found myself daydreaming about getting hurt, or taken, sometimes even dying by tragic accident and what people would do or react to those things happening. Sometimes they get really gruesome and vivid and it's just I don't know. 

I don't know if this is the same thing or different, but I also find myself wishing I had some kind of illness, or like I mentioned something bad happening to me, or losing friends and family 
Except this is more like in the present and me not zoning out and daydreaming 

It's been kind of hard to think about because my life is pretty fine, I'd say I'm a little spoiled, my family gives a lot, and there's no abuse or anything. ",1,0,1753939446.0,mentalhealth,user_3286,True,True,2025-07-31T10:00:39.980340
1mdt3vu,"Teenagers and former teenagers!
How did you feel when your heart went silent, surrounded by chaos?","They say teenagers are rebellious.  
It's a messy phase  
The phase where you're expected to behave like an adult, but still treated like a child.  
The world always has advice, always something to say…  
But how often does someone sit with you and talk through the changes you go through?  
Mentally, physically and emotionally.

If you're a teenager, or once were one who felt unheard, neglected, or just lost in it all  
I want to hear how you feel/felt.  
Teenagers & adults - share your story.

 I'm here to listen.",1,0,1753939377.0,mentalhealth,user_3287,False,True,2025-07-31T10:00:39.980340
1mdhm3m,You've got this!!!! A message for those who need to hear that I believe in you.," I know you're struggling, mental health can be a bitch and just a terrible burden to bare, but, you've got this!!! You can do anything and everything you want to accomplish, you STAND FIRM, HOLD FAST, BE BRAVE and don't EVER give up the fight!!! Keep going, embrace yourself and believe truly that you're going to get through this hard time. I believe in you, 100%, all you need to do is believe in you, too!!!   I hope your day/week/month/year/life turns around for the better and you see yourself the way I see you, a beautiful soul with a beautiful mind and gorgeous smile who can and WILL get through anything! Take that new found smile and go share it with others who need a smile shared with them!!  Lots of love and positive thoughts to you all! 

Here's a good motivational [video](https://www.facebook.com/reel/1057960569851478)!!! His message is perfect!",4,1,1753907467.0,mentalhealth,user_3288,False,True,2025-07-31T10:00:39.980340
1mdojln,Had a dream that felt like a message for me to change,"I had this dream that felt way too real. It was like I was in this game or world where people were hurting or ending each other, and I kept trying to escape. I made it all the way to this rooftop, like I was finally safe or above it all.

Then someone came up behind me and started talking, saying something like, “We gotta face this.” And I just remember replying, “Can I at least change my clothes first?” And then we started fighting—and that’s when I woke up.

It’s been sitting with me, because it feels like how I’ve been feeling in real life. Like there’s a whole new version of me I haven’t met yet. A new world even. I can feel it’s there, I know I’m meant to reach it, but I still feel stuck in this old space. Like I’m halfway between who I was and who I’m becoming.

Has anyone else felt like this? What has helped you move through it",2,0,1753925324.0,mentalhealth,user_3289,False,True,2025-07-31T10:00:39.980340
1mdsww8,What to do?,I have a friend who is in her 50’s. She holds a job and is responsible and is a ray of sunshine. I am also afraid she is schizophrenic or has some other mental health issue. She thinks people are out to get her and harm people she loves. She thinks people are watching her and following her. The list goes on and on. She won’t talk to me about certain things unless our phones are no where to be seen incase they are listening. Here is the big issue. She came to me and said she wants to protect people she loves and is sick of living this way and has a plan to kill herself in a few months. I have no idea what I should do. I worry if I tell her those things aren’t true she will stop talking to me. So I just go along with it. She said she doesn’t want to take any medication when I talked to her about depression or anxiety. I also worry if I get her committed she will be able to pass off that she is sane and okay. Please help! ,1,1,1753938720.0,mentalhealth,user_3290,True,True,2025-07-31T10:00:39.980340
1mdswgp,I need help ASAP,"I have seen gore before and I have been going to therapy but it hasn't helped, I saw it about 5 months ago and I haven't been able to get it off my mind. I need very quick advice on how I can cope and calm myself to get rid of some of the trauma. (right not the only answers I want are how i can get help without therapy) because my therapist has been out of town for a while and I would like some help. I can't really word this as I am writing this at midnight. I also am able to go to sleep well and I have tried to do things such as game, draw, code, watch something such as youtube or a movie. But whenever it gets quiet or calm those thoughts go back to my head. I would like the best help possible till my therapist gets back in town.",1,1,1753938677.0,mentalhealth,user_3291,False,True,2025-07-31T10:00:39.980340
1mdsvn8,"In every social situation I feel small and powerless, why is this?","In every social interaction I’m in I feel like there’s always a power dynamic where I’m the weaker one in said dynamic. This happens with everyone, strangers and people I know, I always just feel so powerless, like I have to concede and bend to the will of those around me. If someone bumps into me and it’s probably their fault, I apologize because I feel I need to, if someone is walking I freeze in my place to let them pass because I’m scared to be in their way, if someone says something either untrue or hurtful to me, I let them, I ignore it. And this happens with everyone, old people, young people, everyone. 

And I don’t know why but I feel so scared to actually use my voice out of fear of conflict, even if using my voice and voicing my opinion on something wouldn’t even cause any kind of conflict. 

Why is this?",1,0,1753938591.0,mentalhealth,user_0874,False,True,2025-07-31T10:00:39.980340
1mdstmv,When HA wakes you up,"I have been battling health anxiety for 9 years, with a few years of remission in between. However recently ive been experiencing morning health anxiety where it literally wakes me up usually very early in the morning. I get heart racing symptoms and i cant breathe, feeling weird and light headed.
I wanted to share some of the stuff i do to manage it.
- i play some traditional native American music. Not to meditate, but just to relax. I dont know why, but it has been helping for some time now.
- i do the grounding practice. I basically lay down on the floor or bed (the best would be a hard surface like floor if you are able to do that), i close my eyes, put my arms next to me and just breathe and focus on breathing. Playing native American music while doing this helps too.
- i take xanax. Not gonna lie, i usually self medicate in these instances. I have got xanax from the cardiologist i have visited the last time for my palpitationcand i have been taking a half of it when i feel like this...
- drinking water. This helps to calm down my heart,especially if its cold water. Plus, you get hydrated!
- going out for ""cat hunting"" (as i call it). If nothing helps, kitties help! This one is my favorite way to cope because i am a big fan of cats and generally my mood instantly changes when i see a cat outside, especially if i can pet it. There is an old building nearby where a lot of stays live, so i go there, bring some kitty food, and i forget about my issue instantly. Plus, i feel like if im outside and something bad happens such as losing consciousness or heartattack, someone will find me and hopefully help me (i live alone). I think all we need in those moments are distractions in order for the attack to pass, so this one is currently my favorite. Its also cool to go out early in the morning cause there are not many people outside and and there's a clear morning air.
I really hope i have managed to help or give some advice here to anyone... Just know that you are strong and that it will probably pass. Also, its okay to ask for help and seek help, anyone making fun of it or trying to undermine it, well fuck them... Also know that remission is possible and you are sooo close to it. It will happen for you and trust me, you will laugh about this one day. :)

Love,
Fellow HA warrior


P. S. Im here for any questions or more advices, sorry for the long post too. Im going through an episode right now while i was typing this hahaha",1,0,1753938394.0,mentalhealth,user_3292,False,True,2025-07-31T10:00:39.980340
1mdsp6p,Healing Isn’t Easy But Sharing the Journey Helps,"Hey! I’m a 19 year-old still figuring out how to navigate my mental ups and downs. Some days I feel like I’m making real progress, and other days I just want to hide from the world.

I’m learning to be patient with myself, even when my brain won’t stop racing. But honestly, sometimes all I want is someone who gets it  someone kind, down to earth, and maybe a little playful too.

If you understand those restless nights and quiet struggles, I’d love to connect. We can swap stories, share tips, or even debate the great mystery: is cereal really soup? (My money’s on yes.

Let’s support each other and sprinkle a little lightness on the healing process. Maybe even share some smiles along the way.",1,0,1753937980.0,mentalhealth,user_3293,False,True,2025-07-31T10:00:39.980340
1mdo00x,How long did it take you to feel like you really overcame your addiction?,"For context, i have been an alcoholic on and off since i was 18, im almost 26 now. it stemmed from a traumatic event that i wanted to forget. It worked for a while but eventually it turned into an all day everyday thing. I would drink when i woke up not just to cure my hangover, but because i couldn’t stand the idea of being sober and feeling my feelings. 

I was very functioning as an alcoholic, i would get my shit done as much as i had to, then i’d go straight from work to my friends to drink and do drugs. a dui at 19 didn’t even set me straight. I still found a way to go out and get wasted and high. it got me into a lot of shitty situations that i can’t say i didn’t deserve.  

I quit at 21 and fell into it again less than a year after thinking I could overcome the addiction aspect. I was wrong. it quickly turned back into   all day everyday and making poor decisions and feeling sick all the time and drinking to stop feeling sick. I told my doctor one day when i was over it, and she gave me naltrexone. which saved my life i like to think. I am just over 2 years sober from alcohol and 1 year and some months sober from weed. I like being sober, to an extent. But I crave it still some days. not physically but mentally. I still want to forget, and let loose, and just feel like a normal person that has self control. I miss the feeling of being drunk on a warm summer day and doing crafts outside and swimming and just being drunk. 

Will i ever grow to not have the urge to drink? I wish i never even tried alcohol. but it’s too late for that. ",2,1,1753923749.0,mentalhealth,user_3251,False,True,2025-07-31T10:00:39.980340
1mdsg79,Has anyone figured out how to be completely honest with a therapist WITHOUT getting put away?,"I've been struggling a lot recently and I'm not in therapy but am on medication. I want to speak to a therapist but I've had so many and been doing it for so long I almost feel as if I know exactly what they would say to me so there's no point if I'm self aware enough and just unsure of how to do it or whatever it is that I need .I only thought to ask this as well because I sat down and was thinking ""I wish I didn't take advantage of all those therapy sessions in my teenage years"" but also know even if I'm not a danger I could be sent to a facility. I'm bipolar and would like to ask a professional about some more deeper things im experiencing but don't trust them because they are mandated reporters. How can I talk about deeper unhealthy behaviors and thoughts and feel okay to lay it all out without being scared I'm gonna get the last thing I need? Has anyone done this? Is there a phrase?🥲",1,1,1753937097.0,mentalhealth,user_3294,True,True,2025-07-31T10:00:39.980340
1mdsa69,Worried I'm not goingto be able to keep going,M40 Throwaway for obvious reasons. For a long time now my purpose in life has been making sure I give my kids the best opportunity and experiences on top of making sure I raise them to be the best possible humans they can be. I feel like anytime I let them or my wife down that ive failed. That really maybe once they all have jobs and are taken care of it would be time for me to peace out and see what is next. I cannot sleep due to an instance of me once again feeling like after a few years this is probably best. Im tired of feeling like no matter what I will always disappoint those I care about most. Truthfully im just tired of feeling like it will never be good enough. ,1,3,1753936530.0,mentalhealth,user_3295,True,True,2025-07-31T10:00:39.980340
1mdac9v,"Can I be ""high"" functioning while bed rotting?","Hey, I can't tell if this is bed rotting or not? So I wanted to ask. I know that whatever this is it's still not good, I know I'm likely depressed. But I stay in bed, all day, every day. I don't want to he this way, I want to do things but it feels like too much. But I have still gotten up to brush my teeth or shower because I have sensory issues when I feel icky. But I don't know if this still would be considered rotting? Or is this something else? I don't want to be in bed all day, I have so many things I'd rather do, but I just can't.",10,5,1753890974.0,mentalhealth,user_3296,False,True,2025-07-31T10:00:39.980340
1mds081,What do I have?,I’m longing for a girlfriend and my loneliness is getting worse like I’m listening to girlfriend asmr to put me to sleep people say I’m young I don’t need one I know I need a girlfriend I just don’t know what to do. Girls don’t like me I feel like I’m gonna be alone forever and my past mistake are getting to me. And again about gf asmr I literally hug my own pillow/blanket. What do I do and what do I have? I like this community because it helps me out a lot.,1,2,1753935596.0,mentalhealth,user_0809,False,True,2025-07-31T10:00:39.980340
1mdczr6,What are your best tricks/things you implemented for helping your mental health?,"I'm really struggling at the moment and I was wondering what are your tips and tricks, the little things that helped the most. 

Whether its aps, certain routines you implemented, etc. I'll take anything at this point. 

Thankyou so much. ",7,8,1753896937.0,mentalhealth,user_3297,False,True,2025-07-31T10:00:39.980340
1mdrrhb,Could use somome to vent to and vice versa,Could use somome to vent to and vice versa,1,1,1753934810.0,mentalhealth,user_3298,False,True,2025-07-31T10:00:39.980340
1mdrqf1,I think Jojo Siwa has alters [osdd/did],"Recently, she's completely switched again. People for years have been trying to figure her out, saying it's most likely BPD, but there's a lot of signs that she has OSDD/alters. She's also said she has ""multiple personalities"" and has used ""we"" to speak about herself. I believe she obviously is going crazy for views and a song release, but if you look at her personal/daily life pictures and videos, I think she's a new alter fronting right now or maybe switched hosts. She's a different person, even speaking with a different voice in some videos recently, as well as saying she has memory problems. Idk, just some thoughts I've seen from other people as well. Not tryna start something, just throwing this out there.",0,0,1753934714.0,mentalhealth,user_3299,False,True,2025-07-31T10:00:39.980340
1mdrnk3,why didn't I think of it like that?,"today on a tiktok live someone said these 2 things

1. ""People with lawyers lose all the time.""  
2. ""Just because they have an attorney doesn't mean they'll win""

  
Bro, my anxiety has been worse than ever - like i've never had this kind of chest pain & someone said this and I am sitting here like - well shit - why didn't I think of it like that? It helped for a bit but still wanted to share it.",1,0,1753934473.0,mentalhealth,user_3300,False,True,2025-07-31T10:00:39.980340
1mdrm0d,is it valid to try and get diagnosed with adhd?,"ever since i was young, i've always been known as someone who's ""lazy but smart"". i never study because i just can't.. i dont like doing tedious work. 

and its not just that. i also struggle with routines, like my mom had to scold me multiple times (as a kid) and FORCE me to take a bath and brush my teeth. i never liked doing things that u do repeatedly 😵 (and i still struggle with this, im ngl)

when i do try to study.. i keep on doing side quests so i dont really do much. and ofc, procrastination. during hs (i was in a specialized highschool (science highschool)), not studying and not being organized really blew my grades. teachers talk to me all the time, asking me why im like this. why i didnt do my hw, my project, etc. even had to excuse myself multiple times because i didnt study for a huge test in math. it was hell, but idk whats wrong with me either.

i talked with my friend abt it, and he told me he has adhd (hes diagnosed and drinks meds). he said hes positive i have it too.

but i looked into it and im not really hyperactive.. and i heard its vv expensive to get checked too.

idk if its worth the money.. idek if what i experienced is like.. valid. like, maybe i am really just lazy.... but idk its been years. and im tempted if a medication is possible to solve these...

(i thought abt this because im starting college in a top uni in my country soon, and im scared im gonna blow it all up again. the thing is i have 2 scholarships, and they have grade req. so im really scared im gonna lose them. if i lose them, i have to pay so so much money for my tuition)

",1,0,1753934348.0,mentalhealth,user_3301,False,True,2025-07-31T10:00:39.980340
1mdf7yx,Has the onset of depression come on super fast for anyone else too?,"Bit of context: I was a very happy child. I had quite severe anger issues and the occasional anxiety attacks which progressively worsened but apart from that very happy. 


After a nightmare, I woke up one morning when I was 11 and I felt severely depressed. I even remember crying to my parents about how I felt sad and they let me have the day off school. All of a sudden, my world seemed to have completely flipped upside down, everything looked and seemed different, even scenery and familiar places, and nothing brought me joy. I started developing some bizarre thoughts after being plagued by nightmares that I was trapped in some sort of purgatory or I’d been replaced because everything seemed and felt so different. It was so strange and everything seemed and felt so bizzare and off. Everything just randomly changed overnight. 


It didn’t improve and never went away. I’m now 21 and diagnosed with BPD. I was wondering if anyone else just randomly woke up extremely symptomatic??

I’m expecting a few comments saying “maybe it came on more gradually than you thought” but this basically came on overnight. I changed into an entirely different person and saw the world in a really warped and twisted way, experiencing extreme dissociation. Am I the only one?",4,6,1753901944.0,mentalhealth,user_3302,False,True,2025-07-31T10:00:39.980340
1mdmlk8,How do you guys deal with anxiety I need help,I’ve been struggling ,2,3,1753919846.0,mentalhealth,user_3303,False,True,2025-07-31T10:00:39.980340
1mdr9mx,Nothing makes me happy anymore,"I'm just so tired of existing like this, every day is a chore",1,3,1753933274.0,mentalhealth,user_0754,True,True,2025-07-31T10:00:39.980340
1mdmg3l,I have given up on trying to feel good about myself,"I can never feel good about myself. I can never feel pretty. For years I’ve tried everything and every single time my body and my mind betrays me. 
I have been on diets and seeing dietitians since literally elementary school. Doesn’t matter how consistent i am  and every time i lose weight i just gain even more.
I have been biting my nails since childhood every time i get it under control it just comes back.
I have used drugs for years to help with my acne seen dermatologists and nothing helps it just comes back. 
No matter how much i take care of it, no matter how many or so little products i use for it, my skin is always bumpy red and scaling. 
Shaving, waxing and every other method on the book i have tried it but i can’t seem to get rid of my body hair even after many laser hair removals.
My hair is always thinning and my stretch marks never fade. My neck hump only seems to be getting worse. My teeth are too certainly getting any whiter. 
I feel so tired of trying to feel pretty for years and years i have been trying so desperately to be pretty but i cant do it. 
I am tired of being embarrassed of every single inch of my body. It became so overwhelming recently that i cannot go out. I always look down never look at peoples faces so they don’t see how ugly i am. Even more embarrassed for trying to look pretty i feel like an imposter with makeup all over my face. 
People saying “you don’t need to be pretty to be worthy” i know. I know I’m smart and funny maybe and a good person but that’s not what i want i want to feel good about myself when i look in the mirror just for once. 
I just wish there was a magic wand not to change my appearance but to put me in a body where the things i do matter.
I want to have a body that I’m happy with not too skinny or fit just one that fits into clothes. One that i can shape into that at least. 
I do not want to look like an instagram model really just to be able to help myself when i try.",2,0,1753919429.0,mentalhealth,user_3304,False,True,2025-07-31T10:00:39.980340
1mdr400,"Trying to get out of a bad living situation, any tips?","Sorry, this is very long and I don't know how to format it!

I am an autistic adult, I live in a 3rd world country where most people still believe autistic people are only those who cannot speak at all or have only very limited communication. In terms of symptoms, I have struggled a lot but my family took my struggles as a personal failure and cry for attention rather than a disability becoming apparent. 

I was diagnosed as an adult after going to the psiquiatrist for the first time in my life and four different brain doctors and one therapist all came to the conclusion I am autistic, they were very firm about it and had no doubts in any part of the process that I was on the ASD. They struggled to come up with any other diagnoses for me since my symptoms are so apparent, specially regarding how much it impacts my daily life and how I can't ""function"" as well as I should be able to as an adult (cannot follow basic instructions, I often get lost easily even with a cellphone and GPS, can't go the bathroom properly, I can't ""grip"" things properly so I'm always breaking stuff, can't do math at all, I have more than once been lured into strange men's houses when only meeting them for 5 minutes, etc.) 

I have severe depression and anxiety, cannot have friendships and romantic relationships. I can't function at all, I've had a job for a singular day and then quit on the second day because I kept puking from anxiety (they made me a caxier and the job description was NOT a caxier, I struggle with math and dealing with money was too much for me). Because of it nobody will even give me a change to get a job at all. 

I go to college, but on a useless degree on education that I don't even want to work on anymore. 

Simply, everything in my life is useless specially me. 

My parents are awful people but nobody seems to agree with me since they are surrounded by people just like them. I lived with my father until I was 18 and then moved out to live with my ex-partner, we broke up last year and in order for me to not be homeless without a job I had to move in with my mother. 

I was taking meds and doing therapy however because I don't have means to afford it anymore it I had to quit it. (Lexapro 30MG, Bupropiom 300mg, Quetiapine 100Mg, Litium 600MG).

I have a complicated relationship with her and this situation is only making it worse. I made an attempt on my own life last year and ever since I have been dreaming about my next try, but I want it to work out this time so I'm very methodical about it, I have even read some articles and papers about the most effective methods and other related things (poisonous plants, toxic household items, etc.). 

I just feel like I don't have another choice. I will never get a job and even if I do so what? It'll be hell and I'll probably want to attempt even more. ",1,0,1753932789.0,mentalhealth,user_3305,False,True,2025-07-31T10:00:39.980340
1mdr08n,Does it ever get better?,"I've been a victim of abuse since my earliest memories. It all started during pre school , my single mother forced me to go outside to socialize in my estate. Thats the first day the r4pe happened these girls took me to a bush and forced me to yk with them it continued until I was 10 since I stopped going outside. 
As an immigrant child beating was discipline but my mom would lash out every second I did something. Like how i would stutter she would slap me and beat me with her heels, charging cord (metal part) hangers , if i didn't eat right , slapped, sit right , slapped. It got worse after my first assault at 5 cause I searched up what they where doing and fell asleep. Woke up to hell on earth and her beating me and saying I was a liar. Since that day she would sexualise me and say that all I do is lie.

Whether it was outside home or in home I felt like I couldn't escape my misery. 

I then began to hate myself , I hated when anyone would touch me. I felt disgusted that I could never say no , It was so bad I kept bedwetting till I was around 9ish. 

And then one summer she brings in an ""uncle"" and I shit you not the next week she's pregnant. I was like wtf. She then says they're going to get married , I told my family that i didnt like him and that he felt off. No one listened to me. And thats where the traumatic experiences just progressed. He left when she was pregnant and i helped my mom during her term by cooking food, cleaning, everything. I named them, and i babaysit them after school everyday , put them to sleep, then he came back. 
I was 10  going 11 after church when he r4ped me, everyone told me he was supposed to be my new dad and that I should be grateful since my dad abandoned us.  I felt disgusted, I couldn't scream , I couldn't cry, I just suffered in silence and rotted away after that night. 

I was too scared to leave his room that night so I stayed until morning. My mom called me out and I went outside he followed me outside and slapped my ass in front of my mum and grandma. And guess what they did nothing. I told her i didnt like it, she told me hes family he can do that to me if he wants. Then she slapped my ass aswell.
He would then do that to me every chance he got and rub me and walk in on me showering, using the toilet. He would use every chance I had alone to creep on me and touch me. When him and my mom would do it he would come into where I was and ask for tissue to ""clean up"" and he would give me such a disgusting look. 

Obviously like this is not even all that happened to me , there's the religious trauma , starvation, body shaming and eating disorders  and all this trauma that shut down my body.
My memories of my childhood every day keeps haunting me and coming back to me, I forgot most of it but everytime I would look at pictures of my younger self i would shake like crazy. And now I know why fully.I feel like since im going to uni and cutting off my family, myfreedom is so close , im overwhelmed.

I don't want to experience what I went through ever again, I dont want to ruin my future experiences because of this trauma I have. I've made a lot of progress but If it still makes me shake like this and overthink then I'm not over it. 

Atp I feel like I need my memories to be erased but I already went through ts, my body remembered my trauma unfortunately, but my brain didnt so maybe i think I need a factory reset. 

But fr guys will it like get better when I leave? ",1,1,1753932464.0,mentalhealth,user_3306,True,True,2025-07-31T10:00:39.980340
1mdqzys,I'm struggling,"
I'm 24M left my country when I was 16 because of  war 
I'm depressed, I feel lonely.
I always dreamed of going back to my country when the war ends to see my best friend.
The war ended, but my best friend died last year with a heart attack .
I'm struggling with my faith .
I'm struggling with my health.
I'm struggling with anxiety and depression.
I just don't know how to move on.",1,0,1753932438.0,mentalhealth,user_3307,False,True,2025-07-31T10:00:39.980340
1mdqy8i,Mental confusion and childhood nostalgia,"What kind of people who feel that the world and life are so extremely confusing and suffer from mixing different thoughts in their mind, so much overthinking, so much inability to think clearly, a very extremely strong and deep childhood nostalgia, and how to solve this issue?",1,0,1753932294.0,mentalhealth,user_3308,False,True,2025-07-31T10:00:39.980340
1mdqwa2,"Help. I thought I’d never say this publicly, but I think I’m depressed.","I thought I’d never say this publicly. I’m usually calm, controlled, emotionally mature.

But I’m so sad and depressed, and I’m not sure what to do.

I’ve been praying, workout out, etc., but I’m just so tired and sad.

What should I do?",1,3,1753932128.0,mentalhealth,user_3309,False,True,2025-07-31T10:00:39.980340
1mdlvcd,How do I heal extreme escapism?,"I've just been slowly realizing my whole life is just me running away. I drop out of schools, I end relationships abruptly, I get infatuated with women just for relief, I used to daydream all day every day until I stopped having the ability to visualize, my phone's an escape, everything I do is an escape from my life. everything I do is to escape my reality and yet it's never a true escape. Just another situation that puts me in misery.
I have been working on everything but the one thing I've been avoiding is healing escapism. I dont know how to. How am I supposed to stop escapism where there's no where safe to be? How do I even start? books? I have a therapist but she just sorta enables me to become worse instead of better.",2,3,1753917884.0,mentalhealth,user_3310,False,True,2025-07-31T10:00:39.980340
1mdlp86,I have a guilty feeling my boyfriends depression is partly my fault,"(this is a throwaway acc if thats what its called)

So I’m a teenage girl my boyfriend is also a teenager, please don’t undermine this situation solely because of this.

My boyfriend and I have been dating for around ten months and known eachother for around a year and a half, today we had a long deep talk about his mental health.

Hes been depressed(?) for the past 6 months (Idk what to call it else than depression, for him it manifests as anger for everything and feeling empty all the time, also losing interest in anything in his life) and it started around winter time and has gradually gotten worse especially in these past months. Why I feel like it was partly my fault is because I was super annoying to him around winter time, I for example once slapped him in the face because i thought it was a funny joke but he took it really serious and got mad for a very long time which I didn’t really know as he didn’t really talk about his feelings before at all so I couldn’t give him a true heartfelt apology like he deserved because I didn’t think it was that serious (very shitty of me, I know.) I also was an asshole to him before we started dating because I was really avoidant with him and just left when it all got too real like two times before I asked him to be my boyfriend and I still feel so guilty of everything I’ve done but I know my guilt won’t erase the past and purify me. I just feel like all I did caused a butterfly effect on him and one day he just got really depressed and it hasn’t gotten better ever since. He told me nothing special happened during the winter except the things i mentioned but he told me that it can’t be them and that he doesn’t hate me. I want to believe his words, I really do, but something deep inside me tells me that I’m making it/have made it worse for him withoit even knowing it and I don’t know what to do, I love him so much and I can’t see myself without him, but what if I’m causing him all the pain or even some pain and he just doesn’t want to tell me? He doesn’t want to break up with me either but maybe hes just blinded by love and can’t see that I’m the parasite all along? I’ve tried my absolute best these past six months to be everything I can for him and it just dawned on me that I can’t fix him at all especially if the one hurting him is me. I’m sorry if this sounds very selfish and that I’m making this all about myself I just can’t think straight ",2,2,1753917431.0,mentalhealth,user_3311,False,True,2025-07-31T10:00:39.980340
1mdqi2x,Anyone have experience with inpatient or intensive outpatient services/programs?,"In short I've been struggling with my mental health most of my life and I'm wondering if it's time for me to get treatment through an inpatient, intensive outpatient, or similar type program.   
  
Has anyone here had experience with this type of treatment? Can you share your experience?",1,0,1753930932.0,mentalhealth,user_0053,False,True,2025-07-31T10:00:39.980340
1mdidhk,My Final Attempt,"tonight is the night, the night of my last attempt at su*c*de, if it works, i just want to start out by saying im sorry. it was nobody’s fault, i tried to be understood, and i tried to show people how i feel but it never worked. nobody understood me or what i was going through, but that’s okay i won’t be here anymore so nobody will have to pretend to like me🙂

goodbye to the people i love, goodbye to all the people that tried for me, i’m sorry but i just can’t be fixed. 

to everybody reading this, i hope you feel better about yourself, i hope you start to realize how important you mean to someone. i’m sorry i couldn’t do that for myself, i guess im just selfish haha.

in advance im sorry for making the sky’s ugly, forgive me.
",3,8,1753909253.0,mentalhealth,user_3312,True,True,2025-07-31T10:00:39.980340
1mdqanj,is it weird that i’m extremely confident in my looks but severely depressed,"
so, obviously (as stated in the title) i’m super freaking confident in my appearance, like, i don’t have any insecurities at all, but im severely depressed and suicidal too? i feel kinda weird about it because i never heard about anyone else feeling like this so. i just wanna hear people’s thoughts abt it bc im super confused ",1,0,1753930337.0,mentalhealth,user_2316,False,True,2025-07-31T10:00:39.980340
1mdduoo,The conflict within the avoidant mind,"I understand that as someone with an avoidant attachment, connections feel like a threat and make me uncomfortable because I fear abandonment and don’t want to get hurt. But what I don’t understand is why do I start pushing people away from the very beginning?

Not after a few months.. sometimes after just a few weeks, or even days. I start feeling so uncomfortable and suffocated even though the only thing I want in this life is a genuine connection and a good friend.

I end up ghosting or blocking them and I’m hit with this unbearable sadness… but eventually I feel some kind of relief. 

I do regret it, but in the moment I start doubting everything. I question their intentions like maybe everything they said was a lie. Other times it’s not even about them it’s the feeling that I overshared or showed too much vulnerability. It makes me want to disappear. 

There are times when their sudden lack of ""enthusiasm"" triggers my fear of abandonment. Why do I overanalyze every word and tone of voice turning it into a threat when I’m not even a judgmental person?",4,1,1753898836.0,mentalhealth,user_3313,False,True,2025-07-31T10:00:39.980340
1mdq6v5,"Anxiety, insomnia , and how it relates to neuroplasticiy","Some years ago I started experiencing anxiety induced insomnia. I’ve used various tools to try to combat and cope with it over the years. I thought I had it handled until I had a resurgence last October in 2024 with WEEKS of little to no sleep and extreme anxiety.

I have since found a therapist and psychiatrist to help me on this journey.

All of that to say, I recently felt like I had adopted some useful coping mechanisms, visualizations, mindfulness etc. and have just this last week fallen back into a bout of insomnia riddled with anxiety

I keep trying to understand my brain and why it reverts back to the old pathways of anxiety about sleeping when I have given it so many tools to not be that way. I found another post that explained that new pathways are indeed possible but the old ones are resilient and it’s easy to fall back into old habits.

Not really a question or anything here just simply observing how interesting (and frustrating) it can be to think you’re on a good path and instantly fall back into an old debilitating way of thinking",1,0,1753930027.0,mentalhealth,user_3314,False,True,2025-07-31T10:00:39.980340
1mdla4j,Is this normal? I feel like I’m the only one who did this 😅,"Hi, I'm from Morocco and I want to share something personal that happened to me.

At one point, I experienced some shrinkage in my penis, and I didn’t know what to do. Out of confusion or maybe anxiety, I wrapped it in toilet paper and tied it with a thread. I don’t know why I did that — it just felt like something I had to try at the time. Now, thank God, I’m doing fine physically, but I still feel weird about it.

I wonder: is this something anyone else has experienced or done? I feel like I’m the only one.

I'm not looking for judgment, just some understanding or maybe similar stories. Thanks.

",2,3,1753916362.0,mentalhealth,user_3315,False,True,2025-07-31T10:00:39.980340
1mdq2xy,Could really use someone to talk too rn,"Just need some support, really struggling atm ",1,2,1753929713.0,mentalhealth,user_3316,False,True,2025-07-31T10:00:39.980340
1mdpza5,I can’t remember my ex girlfriend,"I don’t know why this is happening? I think it’s probably a good thing, since dwelling on those things is stupid, and trying to think about her at all makes me feel weird and scared, but it concerns me because it feels like the entire year I dated her is just gone?? What little I can remember feels blurry and fake, or at the very least not mine, but I still have texts with her so I know it’s real. It’s mostly just the relationship that’s gone, I can remember other things, even small details like class assignments (I swear I remember my group project partners I had like one conversation with once more than I remember her) or specific tangents teachers went on, they also don’t really feel like my memories if that makes sense, kinda like when you load up a game and the character your playing as has a set backstory that you’re aware of, but it’s obviously not yours, it’s the character’s. At least they feel real, though. Is this normal? It’s only been around a year since the relationship ended I think. ",1,0,1753929415.0,mentalhealth,user_3317,False,True,2025-07-31T10:00:41.132327
1mdpwtu,Everyone person in my life sucks.,"
Sorry in advance for the long post.

There are a few exceptions, my mom, my brother, my bestfriend (when it's just us), my dogs, and a few teachers. That's all.

My dad constantly says how I'm not responsible, how I'm not good enough, how he doesn't trust me, how I forget stuff (he once forgot to make an eye doctor appt for months which caused me to have daily headaches) 

My stepdad called me fat, lazy, ungrateful, didn't talk to me for months because I forgot to put my dishes in the dishwashers, exploded on me because I asked him to turn down the tv, does this just to annoy me, remakes my bed because I don't do it right, threatens to move me back upstairs to my brothers room. 

My friends always have something negative to say, they always look at the bad

They all wonder why I'm distant, why I dont leave my room, why I don't talk to them. I'm not even 15. 

My mom worries too much. But other than that she is my favorite person. She sees how responsible I am. She sees when I step up and help when she's dealing with my stepdad, she's the only one who has never said anything that made me feel bad.

My brother is my rock. He's the person I laugh with when he's home (he's with his girlfriend a lot, I don't blame him, our homes suck) hes always there when I need a ride. I'm litterally crying writing this because he's going to stop going between my mom and dads house when he starts college. 

My bestfriend is my only friend that's good. She's my person. Whether we're on the softball field, or just hanging out. However, I have a crush on her (I'm bi, but haven't told anyone) she has a boyfriend and is really religious, so I can't tell her.

My dogs go without saying, they just bring joy, Idk what it is abt dogs but they're just amazing. 

There's a few teachers that make school bareable and I'm forever grateful to them.

I still see the good, so I'm not a lost cause, but I'm still lost. I can't talk to anyone because I can't let them worry about me. I'm too scared to talk to anyone so I'm talking to strangers on reddit. Everyone expects me to be the happy weird kid who's not afraid to be myself, but high school sucks. High school is unbearable when you have a sucky home life.

I feel like I can't talk to people because they'll say my problems aren't bad because I'm not getting abused and I don't want to like... die. I hate it when people are mad at me, or worry about me. I need to make people happy. I physically get sick to my stomach when people are anything but happy. 

I always try to see the good, but it's getting harder and harder when everyone besides a handful of people are so negative.

I don't really know the point to this. I don't know what to do. I'm 14, and a girl if that matters. 

Sorry again for the long rant",1,0,1753929217.0,mentalhealth,user_3318,False,True,2025-07-31T10:00:41.132327
1mdkwyp,Spiraling after embarassing myself texting a crisis line,"I just don’t know what to do anymore. I opened up to a crisis line (text based) and they said I was “brave for talking about this with a stranger” and applauded me for my “honesty”. 

I don’t know what’s wrong with me. Whenever I talk to mental health professional they always say something like this. I feel like I’m too honest and give stuff away. Obviously when I’m not talking to therapists I don’t I guess unload like this but I thought I was doing the right thing. I feel like socially I always mess up and I’m so disappointed with myself. 

I just want to block the number and cry.",2,3,1753915427.0,mentalhealth,user_3319,False,True,2025-07-31T10:00:41.132327
1mdpt8i,how do i deal with this ?,"TW: derealization

ive felt sad/neutral all the time since i was a pre-teen and now (due to some stuff that happened) i feel even worse. just when i think i can handle the way i feel i start feeling bad again. i just feel numb and lots of times i feel like im not even real. i started going to therapy again a couple of months ago but idk how to bring up this stuff. im always really nervous bc therapy has never worked on me when it comes to this stuff.
any advice ?",1,0,1753928936.0,mentalhealth,user_3320,False,True,2025-07-31T10:00:41.132327
1mdhj9h,"Don’t fight AGAINST your demons, instead BIND and INTEGRATE them","We all have parts of ourselves that we are ashamed of, parts we don’t like and push down into the depths of our hearts, out of sight and out of mind. But these parts will fester and if left unchecked will start to cause problems behind the scenes, spoiling our inner state and derailing our progress. 

I’ve been on the self-development journey for many years now and even I still have to face these demons from time to time; today was a perfect example of this. I felt frustrated at being unable to achieve the tasks I had set out for the day, even though I had allocated the time and showed up to do them, mental blocks stopped me from completing them. 

I felt a rage I haven’t felt in along time couldn’t understand what the problem was; then an old voice resurfaced telling me to just give up, that I wasn’t capable and that I was doomed to be a failure. So where’s this voice coming from? It’s coming from an old fear, a past hurt that I haven’t integrated, an expectation that everything I do needs to be perfect or I won’t be accepted by others.

So what did I do after this? I called off my tasks and I accepted they weren’t going to get done today. I instead got in tune with my body and realised I’ve been overdoing it this week (and probably for several), a low blanket of stress was covering everything and blocking my creative flow.

So I took the evening off and watched a movie, I prioritised refilling my cup and doing what I love most which is enjoying a new story. Now I feel recharged and can address this part of me I’ve been neglecting and integrate it, accept that even if I have the discipline and can show up to do the task, sometimes other factors are going to come into play and things won’t work out - and that’s FINE! 

I don’t have to be perfect all the time, I don’t have to constantly be at my best, to accept that even if I stumble or make a fool of myself I don’t have to be ashamed, because I know that anyone worthy of my respect won’t laugh at me for trying. So I can forget about the ones who mock and just keep moving forward, keep refining myself and accept that there will be times that I fail and that’s OK. 

Failure really is a necessary part of the journey and while uncomfortable, is a wonderful teacher that we should be grateful for. So don’t be scared of failure, be brave and learn from the corrections it teaches you. ",3,0,1753907285.0,mentalhealth,user_3321,False,True,2025-07-31T10:00:41.132327
1mdkqnd,I stopped my medication to punish myself,"Hey everyone, as the title says I stopped my medication. It's just day TWO. 

What happened:

Long story short, I'm in a relationship that the problem is the other person's parents. We are both uni students but the other person's parents aren't okay with our relationship. This situation created a lot of problems.

Today I decided to tell my gf that I want some space until she decides what she will do. This thing happened to me with my previous relationship too. I can't stand it twice...

I didn't want to tell my gf that I need distance because I can't without her, and I love her, but the situation was only making me worse. 

From yesterday I don't take my medication to punish myself for something I don't even think I had another option. Now without my meds I feel worse and worse. I have depressive, psychotic episodes and panic attacks.

The worst part is that I know cutting my meds is the worst thing I could do, but I can't persuade myself to do else. 

This is not an asking help post, I just wanted to write and get it out.

Thanks for reading till the end.",2,1,1753914990.0,mentalhealth,user_3322,False,True,2025-07-31T10:00:41.132327
1mdpnj3,How do i stay calm during conflict?,"
In my mind i’m actually not afraid of confrontation at all i’m really confident but when it happens in real life even just a hint that something might lead to a confrontation/argument etc makes me anxious and scared. 
And when confrontation/argument does happen, i freeze out of fear.

I don’t know why, it’s like my brain subconsciously fears fighting. 



sorry if wrong sub :)",1,0,1753928482.0,mentalhealth,user_3323,False,True,2025-07-31T10:00:41.132327
1mdpkqp,What’s wrong with me?,"I don’t understand what’s wrong with me. I try so hard. My mom told me that I have a superiority complex and she might be right. I’m in high school but I don’t do a lot of the high school things like getting drunk at parties and hooking up with guys. I love acting and being in theatre but almost everyone there does those things and they treat me so differently. They are my friends (really only because of proximity) but they exclude me and act like I’m the preachers daughter or something. I don’t go around saying that I think making bad decisions so young is stupid, I do believe it is but I don’t say it because I don’t want to hurt anybody’s feelings. I just don’t know what to do. I lash out a lot and I upset my mom with my words. I hate myself so much and therapy isn’t an option, plus what are they even gonna do anyway. I don’t know. I think I might have a superiority complex and I might be a narcissist. The only person I can talk to about this is my boyfriend but he doesn’t get it, I’ve tried. How do I fix myself? I’m tired of hating myself and feeling like everyone else does too. ",1,0,1753928258.0,mentalhealth,user_3324,False,True,2025-07-31T10:00:41.132327
1mdh9vd,Spouse in Psychosis,"I filled for divorce back in 2023. Husband was abusing adderal to the point of psychosis. Things seemed to get better and then worse and the end of 2023 he went to rehab. About 6 months of OK.....then everything started again after he started abusing adderal again.   
It's been a year. I've gotten a DVTRO (now dismissed), moved out, got temp majority custody of our kids with him having visitation only. He got a DUI and is probably about to loose his job.   
He's spiraling big time right now (telling people our kids are microchipped, he's being stalked, cameras are in his house, etc etc etc). I'm fighting in court to go back to supervised visitation but keep getting denied without enough proof and them saying it's all hearsay. His family has hired an interventions but everyone seems to just keep waiting for something else major to happen. 

What else can I do?? He is in total denial he needs help and I feel like everyone is just waiting for something else to happen. (Even the interventionist seems to be waiting for more court orders) I'm trying to make sure the ""something else to happen"" isn't something irreversible. He sometimes thinks I'm involved with the stalking etc and then other times says he's protecting me and our kids. Very scary situation. ",3,1,1753906674.0,mentalhealth,user_3325,False,True,2025-07-31T10:00:41.132327
1mdpcw7,How can i get my life back,"How to get my life back

I am 21F. I feel like people will read this post and think that im doing fine, but the truth is my mindset has been suffering so much. I am a gymrat. I love to workout and i used to go to the gym and lift six days a week, used to be super disciplined, eat healthier and i had a lot of mental toughness. But this year i have been dealing with a back injury and it has torn me up pretty bad mentally. I still try to go to the gym but the pain just takes the wind out of my sails. A few things that are making things worse:
I dont think i have an eating disorder, but i do struggle with overeating/bingeing and restricting. As a gymrat, I want to be lean and look like i workout, but i also have a big appetite and cutting is so hard for me that i end up bingeing because im so hungry/stressed/bored. I have been trying to cut the last few weeks because Im going to NYC on vacation but this week i have binged almost every day and i have gained back all the weight and then some. I just want to feel confident in how i look and i feel like i ruined everything. I also am very alone in life. I just moved into my own place a few months ago and i dont have any friends so its really hard for me to leave the house. I live in a town with less than two thousand people so theres nothing to go out and do(and i dont drink or party so i cant go to bars). So my mental health has gone even more downhill, and i turn to food and im glued to my phone all the time when im not at work so i dont have to be alone with my thoughts. I used to have my life together and be disciplined and i feel like ive lost the vision for my life. I have passions but no motivation to actually do them, or im too full from eating. Im going on vacation in a little over a week, too, so i want to be in a good headspace for that. Where do i even start? I feel like im headed down a very dark and dangerous path. 

If youve read this far thank you. I hope someone out there will have some advice for me. I know these long reddit posts are cringey but i dont really have anyone else to talk to. 😅💔",1,1,1753927648.0,mentalhealth,user_3326,False,True,2025-07-31T10:00:41.132327
1mdpbjw,facial dysmorphia,"omfg its getting so much worse 

all that bullshit that literally everyone else keeps telling me is making everything worse atp 

like u telling me that u like my face isn’t going to help me like it 

idk if this is the case for anyone else but for me atleast, whenever someone makes any remarks on my looks it makes it even worse 

idfk what to do atp bc what the professionals offer me to do doesn’t work for shit nd when i tell them its not getting any better they stare at me as if i js morphed into a horse or smt 

idk man


",1,0,1753927543.0,mentalhealth,user_3327,False,True,2025-07-31T10:00:41.132327
1mdk9f7,Debilitating dopamine addiction,My mental health has been pretty sucky recently. I need an escape but nothing works anymore. In school and college I just blamed the system's at play and said it'd be better once I was out. I've had a full-time job for 2 years now and it was ok at first but all the feeling are back and I feel like a failure because of it. I thought I was doing better. So it hurts more this time than it did last. I spend work hours home ours and sleep hours doom scrolling to feel something. I feel defeated ATM and just need to recoup before fighting again. But man I thought the fight was finally over...,2,2,1753913805.0,mentalhealth,user_3328,False,True,2025-07-31T10:00:41.132327
1mdjx3o,Hello World,"Behind this screen is a real person who poured their heart into creating something meaningful. This isn't just a digital file; it's a handshake, a connection, a moment of shared humanity. Your $2 support is a signal that in this digital world, we can still connect and lift each other up. Thank you for seeing the person behind the product.""",2,1,1753912967.0,mentalhealth,user_3329,False,True,2025-07-31T10:00:41.132327
1mdon0k,25 in need of some reassurance,"To be fair I don’t know why I’m posting this but fuck it here we go,

I’m 25m, imagine watching a tv show for the first time and seeing your own personality on screen, well imagine carmy from the bear… that’s me the exceptions are that I’m from uk and I’m a bartender not a chef but everything else is similar. I’ve just gone through a break up like 3 months ago now with the most perfect woman, we will call her B for this story, B and I were together and life was good she hated my long work days but understood that excellence in hospitality his where I thrived, we broke up and now I relocated to the south of france for my dream job and I’m trying to be excellent but it’s not good enough and when I come home I’m alone and reminded that I probably never will be and I miss her and I want to be better at work and I try so hard. I don’t know, I’m not sad and I’m not angry or bitter I’m just living a life that’s so fast and so crazy but I think I need it or I’ll crumble ",1,0,1753925590.0,mentalhealth,user_3330,False,True,2025-07-31T10:00:41.132327
1mdokgt,I don’t know what is wrong with me,"Sometimes I just lay in my bed, days on end, thinking about what the point is in all of this. Why wake up? Why get up? What is the point of doing anything at all? I don’t even shower, I don’t take care of myself at all. I didn’t wash my hair for 11 day now. I don’t talk to anyone, I avoid everyone - i cant see the point of friendships or anything.

I lost the interest in caring. I stopped. It doesn’t matter, nothing matters. I just mask most of the time but i dont have the energy to even do that. 

When i get to socialize a bit i feel like i can do it but it lasts for a few hours and it is gone. Back to square one. It is not even emptiness. Just lukewarm existing",1,0,1753925393.0,mentalhealth,user_3331,False,True,2025-07-31T10:00:41.132327
1mdj6xp,Nothing I do will ever be enough.,"I'll never be enough.

I'll always hurt people no matter what I do.

I can't be helped or fixed.

I don't care what you have to say, I can't be.

I'll always end up feeling the same and doing the same things in the end.

I'll always end in the same place, hurt or dead.

I just want the death to come quicker.

I'll amount to nothing.

I'll just hurt everyone no matter what I do.

It's all I'm good for.

I'll be successful one day.

Let's just hope that one day is soon.",2,2,1753911215.0,mentalhealth,user_1390,True,True,2025-07-31T10:00:41.132327
1mdfqym,I hate looking at myself,"I’ve went through some very traumatic/stressful situation the past few months, I’ve noticed my hair is thinning, my face is breaking out so bad, and I feel fat even though I weigh 130 pounds I hate even being in pictures I always cover my face now anytime I notice I’m gonna be in a picture. I used to love taking pictures. I never had a problem looking in the mirror, now I’m constantly wearing baggy clothes cuz I hate seeing the weight gain. I can’t even do my makeup cuz even with makeup I feel extremely ugly. Others around me tell me all the time that’s not the case but my brain just doesn’t believe that. I’m currently crying while typing this, I need advice on how to change up my lifestyle and get healthy and look good again. I hate when people even look at me because of this. Even my boyfriend tells me everyday that I’m beautiful but i just can’t see it myself. I’d really appreciate the help.",3,4,1753903137.0,mentalhealth,user_3332,False,True,2025-07-31T10:00:41.132327
1md9na5,My schizophrenia is getting worse,"Its been getting worse over the course of years, but now ive noticed a sharp uptick of hillucinations both auditory, and visual. I was used to seeing the shadows, and fog, hearing voices and explosions that werent there, swapping colors. Those were normal for me and as soon as i acknowledged them other than the shadows and fog they would go away for a time. Then they stopped going away after i acknowledged. That too was fine a new state of normal for me. Then only a few weeks later, i started not being able to tell if they were real or fake. only for a few seconds but in those moments i was genuinely fearful of the shadows, couldnt see things through the fog,  talked back to the voices looking for their bodies. Then last night i saw a mosquito, not uncommon since i see them in my camper from time to time, but every time i tried to swat it it would swerve or evade at the last minute with impossible dodges. Then it landed on my arm and i tried to smack it, but it just stayed there like nothing happened. I tried a few more smacks and nothing affected it. I sterted freaking out and it started digging into my arms. I scratched myself pretty badly trying before the pain made me realize that i didnt feel and pain when it started digging into my arms. I dont know what to do i feel like the cheese has finally slid off my cracker. Like im awaiting the inevitable collapse into wonderlandish nightmares. ",5,0,1753889376.0,mentalhealth,user_3333,False,True,2025-07-31T10:00:41.132327
1mdd07q,Is it a bad sign that when I get upset my mind goes straight to violence.,"For the record I can get offended and upset pretty easily and when I do get angry my brain just goes straight to extreme violence.Things like mutilation,murder,mass murder,arson,torture,drugging and I think you get the picture.also I feel a lot of blood lust when I think about these things ",5,15,1753896966.0,mentalhealth,user_3334,False,True,2025-07-31T10:00:41.132327
1mdo0d7,Intensive outpatient treatment,I’m starting a program next week for mental health for 2 weeks. I’m terrified to do this but it’s this or I end up going inpatient again which I am trying to avoid. Any advice on navigating this? I’m so nervous..,1,0,1753923777.0,mentalhealth,user_3335,False,True,2025-07-31T10:00:41.132327
1mdnxbu,Intrusive images of my familiar?,"They’re like images. Theyre innapropiate pictures. When I lay down my mind has trouble trying not to think of weird pictures. It feels like the pictures are there. Like I keep imaging a head and like try to keep it day way from my body… it’s like a mental struggle. People just say I’m crazy but I thought it was some from some type of ocd. I like so desensitized to it that I don’t even care, but theyr are very gross an innapropiate.",1,1,1753923541.0,mentalhealth,user_3336,False,True,2025-07-31T10:00:41.132327
1mdnujj,Racist intrusive feelings and thoughts,"Hello everyone, I have a question. So I get these thoughts and feelings about a certain race group and the thoughts are usually anxiousness and negative. I know the thoughts are wrong but they still keep coming back. Every time I’m around a person of that race I get these negative and anxious thoughts and feelings and I fear that the people of that race notice it and do not like me. I do not want to be labeled as racist. I do not discriminate and treat everybody equally I even step in and correct someone when they are being racist by telling them it is wrong to say or act like that. But sometimes these thoughts and feelings make me feel like a bad person.. there has been moments where I have cried because of the guilt that I have felt from these thoughts and feelings and I even try to pray about it to stop them. am I racist? If so how can I change or even what can I do about these thoughts and feeling? ",1,3,1753923323.0,mentalhealth,user_3337,False,True,2025-07-31T10:00:41.132327
1mdnpw5,Moved across country and struggling,"Hello, I (24) and my partner (25) over a month ago moved across the country to live closer to their family and I left my home town which I have never moved away from before. We have been doing tons of activities and dinners with their family every chance we get (understandable they haven’t lived near their family in 5 years) and I am exhausted. I’ve never been close to my family so that alone is a lot for me to get used to. I am working on getting close with their siblings and parents and it all is fine! I have a job and I’m getting in to new hobbies to hopefully stay busy so not really anything scary or stressful going on but I have just been feeling so angry all the time. Like irritable and everything is upsetting me. It’s starting to affect my relationship because I just feel like I’m about to boil over with any simple conversation. Not to mention crying all the time. 
Is this normal when moving and leaving things behind? Will it go away? I plan on going to therapy once my work benefits kick in but I just don’t know what to do in the mean time. How can I feel less angry and upset about every tiny thing? ",1,1,1753922958.0,mentalhealth,user_3338,False,True,2025-07-31T10:00:41.132327
1mdnmmg,Constantly struggling with fear of death,"Writing this during one of my more panicked episodes so I apologies if it isn't too coherent. I'm currently shaking thinking about death and possibility of no afterlife. 

These thoughts have been a rough battle and I just fear that they will get worse. Any suggestions of how to erase them from my mind?",1,1,1753922705.0,mentalhealth,user_3339,False,True,2025-07-31T10:00:41.132327
1mdnm5e,Suicidal thoughts are normal and really common,"I’ve been recently reflecting a lot on how suicidal thoughts are perceived, and I want to share a perspective that might be a little different from the usual narrative. From my experience and understanding, suicidal thoughts are not inherently a sign that something is “wrong” or that someone is broken beyond repair. Instead, I see them as a natural part of the complex human mind, a natural mental mechanism, much like intrusive thoughts or emotional pain.

These thoughts can arise during moments of deep suffering, overwhelm, or exhaustion. They’re not dangerous by themselves; what matters is how we relate to them and whether we act on them. For me, recognizing suicidal thoughts as “normal” allows me to observe them without panic or shame, like noticing an uncomfortable signal from my brain, rather than a command.

Of course, this doesn’t mean anyone should face these feelings alone or ignore the need for support. But removing some of the stigma around these thoughts can help people understand themselves better and feel less isolated.

I'm actually starting to think suicidal thoughts can be good in some cases.

I’m curious, has anyone else found that accepting these kinds of thoughts as part of their natural mental landscape actually helped them cope better?",1,1,1753922669.0,mentalhealth,user_3160,True,True,2025-07-31T10:00:41.132327
1mdnlpm,Meditation for Depression/Anxiety?,"I've been seeing a therapist for a little bit, and she recently recommended that I try meditation for my depression and anxiety as a way of rooting and grounding myself. Does anyone have any sort of experience with this or recommendations? I gave it a try and detailed the full experience in my previous and only other post, and while I did feel relief from my depression and typical anxiety, I experienced a whole other type of anxiety that I had never felt before. As I got deeper into this trance state, which I almost felt like I was getting pulled into, I felt a very primal anxiety. Does anyone have any experience with meditation and recommendations about how to maybe help with whatever this new kind of anxiety is? 

Here is a link to my precious post in r/Mindfulness: [https://www.reddit.com/r/Mindfulness/comments/1mddecb/my\_meditation\_experience/](https://www.reddit.com/r/Mindfulness/comments/1mddecb/my_meditation_experience/)",1,2,1753922633.0,mentalhealth,user_3340,False,True,2025-07-31T10:00:41.132327
1mdn70a,Is this dissociation?,"I was trying to do mindfulness and going inside my body, and it triggered somatic flashbacks (sexual trauma) and my body suddenly went frozen for 20 minutes and I couldn’t ground no matter how hard I tried but my mind was aware and conscious. Is this dissociation or something else? Ive already processed my trauma so why would this happen?",1,1,1753921472.0,mentalhealth,user_3341,True,True,2025-07-31T10:00:41.132327
1mdn6hk,"I feel like I have no memory, even important people, I forget everything in only months.","I'm in my twenties, and I've long noticed something  honestly quite painful: I can't remember much about people who were very important in my life just a few years ago. I don't remember anything from my childhood.  


For example, five years ago, someone I used to talk to every day, someone who emotionally supported me during a hard time, someone I was very close to... now I remember almost nothing about them. Not even how we met. I have full conversations saved from back then, and when I read them, it feels like I’m reading someone else’s life. I understand it happened, but when I read it it doesn't really connect to any memory (maybe except 1, but it's only a glimpse).   


It's not just one person, it's everything. I feel the same about an ex I dated for more than a year, until 2 years ago. I can access the emotions, but not detailed memories from back then (I need pictures). It’s like my memory is limited to the last 1 year, and everything before that is a fog. I can't even remember more than a second of our first night, even though I spent a lot of time repeating it to mysel.. I don't want to forget.   


Is this a known psychological thing? A coping mechanism? A trauma response? Or something else?   

I am very into science, and any explanation around psychology is hard for me to understand or believe, I feel like I simply have something wrong in my brain and can't remember...

Thank you.",1,0,1753921433.0,mentalhealth,user_3342,False,True,2025-07-31T10:00:41.132327
1mdhqwo,I'm a loser at 21,"Sorry if eng will be bad. Google help me to translate my text. 

I am 21 years old. I live in Moscow, Russia. I am currently a 4th year university student. In 2 months I will be 22, but I am an absolute loser. 

The most disgusting part is that it’s all my fault. Usually, the brain prefers to blame someone else, but in this case, it’s entirely my own mistakes. I’m studying a field that I genuinely like, something I feel connected to, but I haven’t been able to find a job in it for a whole year. Almost all of my acquaintances already have two years of work experience, while I’m just scraping by with side gigs. That’s why I still live with my mother—there’s simply no money even for rent (the average rent is around $400). At my current part-time job as a copywriter, I make $300.

I also have some issues with acne, which I’m treating, but the progress is very slow. On top of that, I’m overweight not critically so, more on the chubby side. You probably wouldn’t even call me fat. And right now, that’s the only thing I’m somehow managing to work on. Still, I feel uncomfortable in my own body.

I’ve completely lost touch with all my hobbies. I used to love doing graphic design, writing stories and fanfics, analyzing characters (like figuring out why they did certain things). Now, nothing interests me. Days pass by in a blur of work and studydull, monotonous, and without any spark. It’s summer now, my last summer break ever, but sadly I have no one to spend it with. I have no friends, no close people left—either we stopped talking or I couldn’t fit into the group (for some reason, I seem to push people away). I don’t even have anyone to share my emotions or thoughts with. I’ve been bottling everything up for over a year, and it has really taken a toll on my mental health.

There’s nothing worse than being alone with your own thoughts for too long. And, of course, I’m not in a relationship either. I think that part’s obvious. Loneliness is what’s killing me the most, even more than issues with my appearance or career. Over time, I started feeling like maybe there’s no real personality in me. Like I’m no one.

Right now, I feel like I’m on the edge of falling into that hole I hate the kind of life where you just lie in a pile of trash without even trying to get up. I don’t want that, which is why I’m still trying to fix things before it’s too late. I just wanted to share what I’m feeling right now, to tell someone that I’m at my breaking point.

My therapist told me that even this just talking about it is better than bottling everything up again. But honestly, I don’t have the strength to change myself anymore. It feels like nothing will work out again.",2,3,1753907781.0,mentalhealth,user_3343,False,True,2025-07-31T10:00:41.132327
1md728b,What are some of the things that make you stressed and anxious?,"I feel stressed when i know i have upcoming tests and exams, despite reading, how about you?",7,10,1753883258.0,mentalhealth,user_0984,False,True,2025-07-31T10:00:41.132327
1mdn0ki,Stop clinging to things,"I saw some random person on here give advice that’s actually helped a little lol. (Can’t remember where I saw them)

I was trying to figure out how to stop caring about certain negative things in my life. 

Then I saw this person say something along the lines of “it’s not about ‘not caring’ and instead about ‘not clinging.’”

This simple word change has helped me get a tiny bit better at understanding, in the moment, that I **can** care, but I **should** let it go. 



",1,0,1753920971.0,mentalhealth,user_3344,False,True,2025-07-31T10:00:41.132327
1mdhepu,What‘s wrong with me?,"Hey there. I’m just sitting somewhere, don’t know what to do. Thinkin bout life. Not happy right now. My eyes tell me to cry but I think i shouldn’t cause I’m in public place with many people passin. 
There’re many reasons I feel like shit but don’t want to tell any details. It’s about family. It’s about friends and girlfriend. Don’t have any. I’m all by myself. No therapy yet. Difficult to find help, cause I need it now…",2,1,1753906989.0,mentalhealth,user_3345,False,True,2025-07-31T10:00:41.132327
1mdh4sj,"my brother is 18 and schizophrenic, and my mom and I are trying to get him help (Sacramento CA county)","hey guys, so my younger brother (18) is diagnosed with schizophrenia. My mom and I are trying to get him help, as he lives with us and is a danger to himself and everyone else in the house. We have tried 911 and the fire department, both stated that they are unable to do anything for us as 911 doesnt answer mental health calls anymore, and the fire department wont come out due to feeling unsafe. We have also tried 988, but they told us in our county they dont provide any help unless my younger brother is willing to speak to them and go on his own. we are looking into the CARE act or anything else court or resources related, please we just want to get him help. (Sacramento/Rancho Cordova CA county)",2,0,1753906345.0,mentalhealth,user_3346,False,True,2025-07-31T10:00:41.132327
1mdmkz7,Why am I doing this to my body …,"I’m recovering from a broken hip surgery today and forced myself to do 14k steps today and want to do more tomorrow, i feel like im faking my broken hip just to be lazy or over exaggerating it.

I am being told that im risking damaging my bone but i dont feel like i care enough to stop..

What is wrong with me?",1,1,1753919805.0,mentalhealth,user_3347,False,True,2025-07-31T10:00:41.132327
1mdmj8r,"I’m 17, and I feel stuck. I wish I could get a diagnosis now.","- Hi. I’m 17 and I strongly suspect I have PTSD. I want to go to therapy and get a proper diagnosis, but I can’t. The psychologist I reached out to said I need my parents’ consent, BOTH of THEM. I CANNOT involve my FATHER (he caused my PTSD). Telling him would make things even harder for me emotionally and mentally.

- So now I feel trapped. I feel like I’m just counting down the days until I turn 18, which is the legal age where I live to go to therapy without anyone else's consent, doesn't matter which professional you reach out to. I know that’s not so far away, but every day feels incredibly heavy, and I’m tired. I wish I could get help now. I don’t want to waste more time feeling lost and misunderstood. I want to know what's exactly happening to me, whether it's PTSD or something else.

- I’m not trying to self-diagnose for attention or anything. I just need some clarity. Also, I can't tell anyone else. Telling the professionals at my school would make things worse because they know me. It's something very personal that I don't feel like sharing with anyone else except with a psychologist.

- Thanks for reading if you got this far.",1,1,1753919668.0,mentalhealth,user_3348,False,True,2025-07-31T10:00:41.132327
1mdmheq,Lithium / Lamictal,"I have BP2 and I was on lamictal which helped a lot with depression but I feel like not as much with mania. I’m on lithium now and it’s the opposite! I’m wondering what other medication have you taken with lithium or lamictal that leveled out both ends? 
Also does lithium give anyone else diarrhea orrrrr just me?? ",1,0,1753919527.0,mentalhealth,user_3349,False,True,2025-07-31T10:00:41.132327
1mdme8p,My father's aggression and trauma,"Long story short my dad was abused physically and mentally between the ages of 8-15 by strangers because he was a victim of child labour due to my grandfather losing his vision to an accident and my grandmother having a paralysis attack and none of the extended family helped...so being the eldest son he had to do something.

Now at the age of 15 he got involved with criminals I will say....and that put him in serious danger..

Swear he was the sweetest boy but they made him evil and when he tried to escape he was abducted and was made to watch his other friends (who were involved) being physically emasculated and a lot more violence towards the people he loved and cherished.

Then he became aggressive towards the whole entire world I would say kinda paranoid and overprotective of people he loved.

He somehow escaped and changed his identity. Now when he was 17 he ran over a man with his neighbor's car he stole (he doesn't had licence at this time) and didn't feel guilt instead he laughed about it and at 19 he shot a man in his leg for simply touching his newly bought car.

He thinks incidents like these makes him cool and powerful. He's so emotionally absent to the point I didn't know the man in the house was my biological dad. He also couldn't sleep and never really smile.

Even now 40% of his friends were unalived and some are in jail and the rest..he ignore them.

Well he's not diagnosed but I'm sure there's something wrong and he refuses to get help since he doesn't believe in mental illness or mental health in general.",1,0,1753919287.0,mentalhealth,user_3350,True,True,2025-07-31T10:00:41.132327
1mdgtn0,New Etsy Shop Open,"Just opened a new Etsy shop that includes mental health journals, trackers, and planners. I also sell mental health and dog apparel. I have also created other planners and guides if you are interested in reselling products. Please go check it out. Anything can be customizable. If you have a different design idea reach out.

  
[https://theholisticgroup.etsy.com](https://theholisticgroup.etsy.com)",2,0,1753905624.0,mentalhealth,user_3351,False,True,2025-07-31T10:00:41.132327
1mdm9xx,I think I am depressed.,"Hello guys, many years ago you helped me overcome my teenage hardships . It has been 8 years and again I feel like I am going mad.

Since then , i got a girlfriend, probably gonna marry her next year, we have our first apartment too. I grew up poor. The type where I constantly felt a push on my back to not seem like im poor. Didn’t help that i went to schools where for some reason most kids families were stupid rich. 

I vowed to never be poor and to not live like that and to raise my future children in an environment were they can prosper in their interest without me fearing that I might not be able to support them and help them grow. I don’t just want to keep them alive. 

I am fairly young still (21M) but became immensely successful, earning as much in one year as both my parents combined earn in 3 years.  I coasted through all my life with ease. Always got good grades(except geography, i suck at that), i speak 3 Languages fluently and so on. I felt great. I could finally buy a car. I could buy clothes that i liked. I could buy food for shelters and help my family. I felt like my life was finally going the way i had hoped and worked for. ( i have been actively working beside school since i was 15 and finished my last year already working full time , mostly 12 hour weekend nightshifts) 

I do not yet have a certification or degree, what i have is basically high school. Since I had to move out with my girlfriend. But I got job, eventually i was allowed to help our manager with her tasks and was learning about the position. Yet the world is a harsh place financially, especially lately and me and other colleagues and management were laid off. I moved to a bigger city in march and have not found anything to do for work eversince. Thankfully i could use some connections to secure a spot for my gf in her field, so we wont starve, but i have not been feeling like myself. I cant eat or sleep, lost all and any motivation for anything that is not doomscrolling or games. I feel broken and see our savings drop everyday. I feel like i am that child again. But know i understand not just the effect but the cause too.

My mind is going 100 mph all the time yet i stand still, unable to make sense of all of it.
I am afraid of failure, of not making it, of having to life a life without the feel of safety, of options 
And i do not wish to live a life where i fight to survive and carry on with my sorry existence, having nothing to show for it. I am scared everyday. And know that on every corner i have met rejection, i just totally got lost. I have a stunning resume, recommendations, language certificates, for my age, it is about as good as it gets for the average 21 year old w no diploma, so resume shouldn’t be a problem. I just feel like everything has turned on me, and my most priceless thing in life, my girlfriend is working really hard , and i sit here trying to make sense of my own madness, while browsing jobs and act happy for her, so that she feels a warmth of home, which she never had with her own family .

I know many of you have had worse experiences, and what i have described might not seem as much, but i have been so traumatised as a child by these experiences that what really scares me is to feel the same way as i did then.

If anybody made it this far, thank you <3
",1,0,1753918970.0,mentalhealth,user_3352,False,True,2025-07-31T10:00:41.132327
1mdm3qm,Is this normal?,"I’ve been in a lot of stress for more than a year now because of senior year and I have to get a really high grade and still have some exams to answer.

But lately I’ve been very worn out and my mind just doesn’t stop. At night I often think about how when I go to sleep someone will come murder me and that honestly gives me peace. I close my eyes and imagine someone cutting my throat or someone stabbing me and it gives me peace of mind it’s like a relief from all this stress.",1,0,1753918510.0,mentalhealth,user_3353,False,True,2025-07-31T10:00:41.132327
1mdlzjs,Everyone looks down upon me because I’m lazy.,"Please, don’t try to tell me I’m not lazy or that I’m “just depressed”. The more I deny it the less I accomplish.

My girlfriend is my age. She has a car, a full-time job that she’s held for 4 years, and is on her 3rd year of college.

All my siblings have jobs. I can’t keep a job for more than two months, I apply to 3 jobs a day and whenever I land an interview (rarely) I see the email too late. I’m only applying to remote jobs because I’m trying to see if they will be any better for me. And it’s hard for me to get to physical locations at times.

I want to become a writer one day, but I probably won’t even be able to keep a job like that. I’m saving up to go back to school in the spring. Can’t do that if I can’t find a job bc of a debt from previous years.  I’ve been writing a lot to get used to productivity, but even that has its limits.

I just turned 20 and all I ever do is cry and make excuses for myself. I’m ready to change and get better, but I don’t know how to start.",1,1,1753918202.0,mentalhealth,user_3354,False,True,2025-07-31T10:00:41.132327
1mdly9j,Feeling like I tricked myself,"Hi everyone
Recently i feel as if my best friend isnt as really here. Our conversations are so short rn and stuff that we normally don’t hang up for on FaceTime we do now. Shes also pregnant and due any day now but her last pregnancy we talked all the time and that never felt like this. 

I feel like I’ve myself into thinking I made friends when really people only talk to me because they feel like they have to. I feel like I’m annoying people and Ive become too much and to comfortable with them and they see how weird i can be and pull away. Weve been friends for 8 years.

I really can’t tell if I’m going through a massive depression episode, if my brain is being stupid, or if its actually happening 

What are your thoughts? Tyia.",1,0,1753918108.0,mentalhealth,user_2592,False,True,2025-07-31T10:00:41.132327
1mdacto,How do I help my boyfriend?,"Hello all! I just created this account as my boyfriend follows me on my main.

He went to a psychiatric clinic recently, they took a test that included over 100 questions and then he was required to do thematic apperception test (TAT) as well. We just received the report and went through the results, some of them are likely to be true but there are certain things which are extreme, overly harsh or simply dont reflect who he is. My boyfriend feels the same way.

My questions are:

1. Is this normal or do we need to go for a second opinion before going further with the reports.
2. How can I best support my boyfriend? His family isn’t very supportive and doesn’t take mental health seriously. I’m willing to go out of my way to help him but I’d really like to hear from you all, what would be the most helpful things I can do? (I’m asking because my boyfriend is worried that this might overwhelm me and that I might want to leave him. I just want to make it clear thats not true and I don’t want him to feel that way)",3,4,1753891008.0,mentalhealth,user_3355,False,True,2025-07-31T10:00:41.132327
1mdgb24,Genuinely Whats the point,Im struggling to find any reasons to continue besides the fact that my mom would be in shambles and I would feel selfish ,2,2,1753904419.0,mentalhealth,user_1117,True,True,2025-07-31T10:00:41.132327
1mdlvy2,Talking about emotions and stuff part 1,"I just want to start of by saying that I not really used to talk about my emotions or feelings. I just feel uncomfortable talking to people I know about it and because of that I’m trying it here to see if it helps ( don’t know when I’ll make part 2 )


1. I feel like I never really fit in ever 

I have all my life been around people who never really seem to understand me and like me because of a lot of things like my skin color or how I am or aren’t . And a lot more I think people just don’t like me and I’m a bit afraid of never actually making a real connection with anyone else doesn’t help that my siblings are social butterflies and keep making friends. I guess they got the good genes from my parents and I’m just what’s left. I have had friends don’t get me wrong but I never really got the connection to them that my siblings did with there’s. 

2. My friends right now 

I have a group that I kinda am friends with but my closest friend of them all just randomly distanced himself from me and I don’t know why. I don’t know if I did anything wrong or he just got tired of me but he seems to just out of the blue hate me. He was the closest thing I’ve had to a best friend I could always turn to him if something pissed me of.  I scared to confront him and ask if anything’s wrong between us I don’t wanna come of as weird or over emotional as they would think of my haven’t had a conversation with him in 2 months I think 
It’s come to a point where I get annoyed just thinking of him but it’s not like I hate him I’m just mad he never said anything to me he could at least had said if there was a problem or something instead of just cutting me out of the friend group. I’m getting kinda emotional just talking about this ( I know it’s corny sorry ) I just wish thing could go back to what they were it just feels like he wanted to fit in with them and to do that he had to not talk to me or maybe I’m just overthinking things

3.  I feel like I’m not good enough 

I never felt good enough to anyone In my entire life I don’t even feel good enough to myself. I hate myself for never being good enough for anyone my friends and teammates and more always feel like I don’t do enough and don’t deserve anything I feel behind everyone else and I feel like if I talk to anyone about this and more they will just say get some help. I wish I could just scream into a void and all my problems would be solved.

4. Im not good about talking about my feelings 

It just seems to make me uncomfortable to talk about them and especially when it comes to venting I feel like putting all my problems on another person is just an inconvenience to them and so I should just bottle my feelings up I think it’s because where I’m from talking about you’re feelings is seen as weak and wired to people 



I’m sorry if you can’t understand or read some of the text I’m not from an English speaking country and it is not my native language but if you read all of this please comment you’re thoughts on some of this but thank you for reading I’m going to go to sleep 

 

",1,0,1753917931.0,mentalhealth,user_3356,False,True,2025-07-31T10:00:41.132327
1mdlvfh,Please respond 💗 (vent),"
I just wanted explain myself and put this out there as I really want some insight,or validation at least, for the way that I’m feeling. I am so so desperate. Anything anybody says will mean the would to me because I feel so alone at the moment. I’m just going to ramble and tell you about my situation as I’m not very good with my words. 

I’m living with my grandparents at the moment. I don’t want to disclose my age exactly, but I’m a young teen. I’ve been here ever since I was about 6, as i had to be taken away from my mother as she was neglecting me pretty severely. Prior I had been witness to a lot of domestic abuse and substance abuse. And a lot of things I remember quite clearly now. I have no contact with my mother, nor my new little brother, or any of my pets. I see my dad occasionally but if anything he makes me feel uncomfortable, and I dread my time with him as it makes me so anxious. He has had multiple partners, and each time they break up it tears me apart and I feel I’ve lost everything again as I place so much hope in these people.

My current house is very unhappy. My grandmother is a raging narcissist and makes the simplest task, like making a quick meal, feel unbearable. I avoid eating, or moving around the house so she doesn’t interact with me. My grandfather does not stand up for me and my needs, so it leaves me feeling incredibly alone and frustrated. When we aren’t at each others throats, or my grandmother is constantly telling me what a horrible person I am, or how badly she wants to hit me, I’m by myself. Constantly. I cannot sit in the same room as either of my grandparents as it makes me feel sick to my stomach. Even looking at them, or hearing them breathe, or chew, or anything makes me want to bash my brains out. 
 
I don’t really have any hobbies. I have a passion for art somewhere in me, I’ve tried so many mediums, and so many instruments. But nothing sticks simply because doing anything feels so fucking pointless. Unless I create something amazing, or I’m rewarded with validation, nothing fulfils me. So I rarely do anything. I maladaptive daydream instead. I pace my room for hours at a time, sometimes even days without any breaks. Imagining scenarios in which other people love me, adore me. The only other ways I’ve found to soothe myself are cutting or touching myself. Which I feel quite ashamed about. 

Even when I do try to do things, like go to gigs for instance, or see my friends. I try so desperately to connect with people and fill that hole in me; family, teachers, friends, literally anybody I meet who will give me the time of day. But I come away feeling way worse. I feel gross, and ugly and disgusting, and want to hurt myself more than anything. I come away from these things that should’ve made me feel better, or at least content or okay, feeling like I don’t want to exist anymore. And it’s so exhausting. I never feel good. I never get any respite from how horrible I feel. 

",1,1,1753917891.0,mentalhealth,user_3357,False,True,2025-07-31T10:00:41.132327
1mdcmzd,My college is aaa,"not even a month has passed since the classes have started and I feel like I wanna  give up on everything (from academics to fucking existing), my ugly puberty face repelled every single girl in one second cause they think I'm a creep bro I'm trying not to die by my own hands. Also most college students can just take a day off for any reason, while my shitty parents think every single class day matters like this ain't high school anymore 🥀
right now I'm fucking sick and I took a day off and my dad was mad abt like bro if youre serious ant this then why don't he go there and take classes for me?
Also thanks to my fever I get hungry every time and I eat less than usual bro this is hell",3,4,1753896143.0,mentalhealth,user_3358,False,True,2025-07-31T10:00:41.132327
1mdlogy,School Starting Soon Breakdown,"Alright, I know this is probably gonna be ignored, and it makes sense. It's not as important as all the other things that are happening to others in the group (extremely sorry to all of you guys, that sounds terrible). But yeah, pretty self-explanatory, school starts on the sixth, and pretty much the whole summer I did absolutely nothing. 

I'm going into 8th grade, maybe not as much of an monumental grade to some, but there's a bunch of high school classes I'm taking in it for high school credits.  Especially with me having the gifted kid burnout in 7th grade and somehow redeeming myself at the very end, I'm worried the same thing will happen. And that's pretty bad considering that it may or may not be a big part of my overall credits.

Second, the people. Teachers gets stricter, which won't be as bad, my 7th grade teachers literally slapped some kids. But the real problem are the students. I love all of my friends, but there so many students vaping in the bathroom, school drama (obviously) and a lot of records of harassment (in the not so good ways) from specific teenage boys.

I know there's some people that might be like ""Well, it's just like this in the real world."" I get it, I do. But I want to remind you that I'm a teenage girl. Just barely a teenager. I shouldn't have to be used to such environments.

So yeah, thanks for those who even viewed this post, let alone responded :) I really hope whatever you're going through works out in the end!",1,0,1753917380.0,mentalhealth,user_3359,False,True,2025-07-31T10:00:41.132327
1mdlm15,"Some compassion and encouragement, if you need it.","I wouldn't say im ""mentally healthy"" per say but I have mostly recovered from a 10 year battle with suicidal depression and panic disorder so if I can do it, anyone can. I worked. I worked on myself over and over. I tried different therapists, different medications, different self help books, exercise, diet, meditation, yoga etc. I failed at everything. I failed at everything over and over again for years. I am still trying and failing but every little effort chips away at that mental illness. Eventually, after so much effort, you find a few things that work and you hold on to those things.  There is no magic fix that I know of. There is only work. Hard work. But if youre persistent with it, it will pay off. There is a light at the end of the tunnel. Keep walking. I know you're tired. But you have to keep walking forward.",1,0,1753917206.0,mentalhealth,user_3360,False,True,2025-07-31T10:00:41.132327
1mdljzr,"Is it normal to feel like this? Should I bring it up in therapy? If so, how?","Im not sure how to bring these kinds of feelings up to my therapists and stuff cause I don't even know how to explain it, Ill try the best I can. 

So I kind of feel detached from myself in a way, and it's almost like I'm watching my life be played as a game amongst a group. Everyone in said group has like their own... Them, but they are like in my brain? I don't know- I'm not sure if its my anxiety like making me think weirdly- or if I just need to push it away- like is this even something I should bring up in therapy. ",1,1,1753917064.0,mentalhealth,user_3361,False,True,2025-07-31T10:00:41.132327
1mdljcp,OCD is making it hard for me to be productive,"Hi,  
I have OCD and it’s really affecting my productivity. I want to work and learn new things, but my thoughts and habits keep blocking me.  
It’s frustrating and I don’t know how to deal with it.  
If anyone feels the same or has advice, I’d be happy to hear it.  
Thanks.",1,0,1753917017.0,mentalhealth,user_3362,False,True,2025-07-31T10:00:41.132327
1mdlgni,I really don't know how much longer I can act like I don't want to kms,"I don't remember the last time I felt this utterly helpless. I really don't want to keep going. 
I just left my long term relationship with a man I truly thought could be the one. He had just about everything little thing I really could have wanted, but with both of our issues mentally/physically, him not being able to satisfy me intimately, how differently we do things, plus at least 10 different minor stressors every day, it stopped working for us. It was over in my head months ago but it just ended officially a couple weeks ago. 
I gained so much weight during that relationship and that's making it so much worse for me because I used to be able to work out and keep high muscle tone which contributed to the weight and kept me semi-confident, but now I'm closer to 215lbs and that's over 30 lbs past what used to be my body's 'normal weight'. Yes! That is my fault too, but due to a pretty severe back injury and crippling depression/anxiety I can't find it in myself most days. 
On top of that I got into legal trouble(not searching for sympathy on this point but I can't say it isn't a major point of stress) and have to do my duties on that point(attending classes, group sessions, paying my fee, appointments with my PO), I'm having family squabbles and emergencies frequently, I lost my job shortly after the legal trouble so I'm having to rely on odd jobs and not paying the equal part that I was before. My dad, who I thought was in recovery and much better than he was in the years prior, might be relapsing and is reacting to things how he did when I was little which, I can't lie, is making me spiral a bit.  And the biggest thing so far is that the person I thought was my best friend for life/my platonic soulmate sent a message to our gc a couple of days ago that we have with a friend from HS, very, basically saying ""our friendship isn't the same and I don't think we mesh anymore due to us growing apart so I don't think it's necessary for us to keep up with each other anymore"". I don't think i should add the screenshots because I'm not sure if anyone will recognize it, and I'm still trying to process it and get over it myself. 
It was extremely amicable between the two of us, not so much on our other friend's part, and while I'm hurting more than I ever have, I don't hold it against them at all, because I know where they're coming from. 
In the last 2 days I have felt more pain than I did with my dogs death and the end of my relationship combined. I am at a loss. I'm crying every couple of hours, having strong moments of devastation, and feel like I'm falling apart.  I don't know what to do. Legit, the only reason I'm still going is because of my 2 dogs and my niece and nephew. I want nothing more than to not be here anymore and I really have considered it, to make this fucking grief go away. 
I take medication, I know how I should be coping/dealing with this, I know I shouldn't want to take the blades out of my fucking razor again. But I do. I really don't know how I can feel any semblance of normal, for more than a couple of hours, again. 
I'm so hurt I really don't know how to react to everything. I want to scream, I want to cry more, I want to isolate myself for the foreseeable future like I did as a teen during the covid quarantine. I know I can't.  But I want to and that feeling is taking over my day to day life. ",1,1,1753916820.0,mentalhealth,user_3363,True,True,2025-07-31T10:00:41.132327
1mdlcyh,Not sure what this is,Hopefully not a triggering question for anyone. I haven’t had this since I’ve been in another state and now finally feel safe and more relaxed but I use to sometimes have this feeling of like darkness or lack of consciousness closing on me. Like someone was closing the lense of a camera. The circle closes. If I was in more extreme stress. Is that like disassociating or like I almost feel like it was a mental breakdown starting. Idk. I just instinctively knew that if I didn’t fight it and allowed it to fully happen I would lose reality. Like get hospitalized,1,0,1753916550.0,mentalhealth,user_3364,False,True,2025-07-31T10:00:41.132327
1mdkxjf,I Need Someone to talk,.,1,1,1753915466.0,mentalhealth,user_3365,False,True,2025-07-31T10:00:41.132327
1mdkx6k,Does anyone else feel like they has to shut out other people thoughts?,"It's like if my mind would constantly had a small voice and that small voice is always someone's thoughts that irritates me and I don't want be influenced by them. I know that this is unrealistic but no matter what I do I can't overcame this (I used to have other contantly popping up thoughts but over time I could overcame them). At this point I can't even sleep because it feels like I contantly have to keep this mental barricade up in the back of my head because othervise I get influenced etc. 

And I don't know why do I have thoughts so much that I don't want to think about or how seriously should I handle this. ",1,0,1753915442.0,mentalhealth,user_3366,False,True,2025-07-31T10:00:41.132327
1mdks0n,I can't do it anymore,"I need someone to talk to Snapchat: marcopelleq2024 
Telegram: Marco Pellegrin ",1,0,1753915084.0,mentalhealth,user_3365,False,True,2025-07-31T10:00:41.132327
1mdkhjx,Living at home 27(F),"I turned 27 this year and I started to feel society’s pressure more so about moving out, getting their own place, getting married, having kids, etc. I haven’t moved out or lived on my own so I do feel some sort of inferiority complex at times compared to my peers. Being the eldest daughter of an Asian family & having to be responsible for the collective can be challenging mentally. Although this is the circumstance I’m in, I remind myself I’m at home taking care of my grandma, working as a registered nurse, going to school for my MSN  & paying off my student loans so in some ways it does workout. I’m currently saving for buying a home but living in SoCal with the expensive cost of living, it can feel defeating at times.  Thankfully by living at home I’m able to travel a couple times a year but there are times I wish I can have my own space & be only responsible for myself. Does anyone feel like they are in the same boat I’m in and if so, what is your advice to keep pushing & to stop comparing yourself? Feeling stuck in this era. TIA <3",1,0,1753914357.0,mentalhealth,user_3367,False,True,2025-07-31T10:00:41.132327
1mdkbeh,I try so hard to make everyone happy and just end up making things worse (need opinions/vent),"I didnt really know what subreddit to put this in but i suffer with a lot of mental health issues and feel safe in this one so ill say it here.

My whole life i try to make everyone happy who i care about ( and some people like my parents who i know treat me badly) and everything goes fine and i feel like if something goes wrong its all my fault and i didnt do something right.

My boyfriend isnt talking to me and he was asking to play games with me ans his friends and i said no bcus i felt ill and i felt sad that u try so hard to make him happy but he just spent all day on his game when i just wanted to spend tome with him. I understand he doesnt see his friends often and they live far away and im at his house everyday but he had just come back from a 4 day trip and i missed him and just wanted to spend time with him. He got all mad at me bcus i didnt wanna play with him at like 10 30pm /11pm and then we didnt talk till like 2 in the morning. We were cuddling and chatting and it was all fine and in the day after it was okay but then he kust randomly got really mad again and wouldnt talk to me. I was asking if he was okay but hed just say he was fine when we was very clearly not and then i messaged him when i got home trying to explain ky feelings bcus i didnt know how to do it in person and he just asked why i did it over message. I told him i didnt know how to say it in person and i love him but he just ignored me.

We are only 16 and i do basically live with him full time and i get he probably wants alone time sometimes but i just dont understand why he doesnt jyst tell me that beacuse he knows i get upset when im ignored rather than just talking about whats happened. 

I just dont know what to do because he is my only friend really (my other friends are also his friends) and i really do love him and hes genuinely the sweetest guy ever i just want to make him happy and i dont understand why i mess up with everyone i try to make feel positive.

Edit: 2nd para abt his friends who live far away- hed spent his 4 days seeing them and came back on sunday and we were happy and fine but then he kust spend all the week on call with them and idm but it made me feel sad bcus i spent the time away in my abusive household and i just wanted to spend time with him but he was calling his friends. I DONT have an issuew wirh him talking to his friends bcus ik he misses them but i just want cuddles and ik im clingy but i just dont understand what i did wrong ☹️",1,0,1753913932.0,mentalhealth,user_3368,False,True,2025-07-31T10:00:41.132327
1mdkauc,Confused about my wife's statement.,"Recently started going down a mental health path i have been diagnosed with ptsd from sexaul abuse, adhd and manic depression. I sarted opening up to my wife about things I have been holding to for years that I know that would hurt her. Example after we got married 7 years ago she told me about one of her sexaul encounters and that was a pretty shitty feeling I held on to and still resent her for it. My therapist told my I need to talk with her about it, after speaking with her she made a comment ""The things you say really hurt me"" 

I asked her about more information she said she was just telling me.

I don't know what to do with that information. Do I stop talking with her? Should I try a less direct approach. I guess I'm just confused of what to do with it, I keep thinking that I am missing something. It feels like it's right in front of me but I just don't get it.",1,12,1753913897.0,mentalhealth,user_3369,False,True,2025-07-31T10:00:41.132327
1mdatq4,Does the weight gain go away after some time on Abilify ?,"I've started Abilify/Apriprazole in February. Since then I've been over eating, mostly at night oddly enough and I've gained about 25 pounds. It's been working well for my Bipolar disorder but I've been wondering if the symptom of weight gain is something that goes away or if it lasts as long as I'm taking the medicine. I used to think weight gain as a symptom was BS until I got on Abilify. Its like I wake up craving breakfast and when it comes to bed time, my mind is thinking about snacks I should eat. I wasn't ever like that before hopping on it so I'm debating on holding on till it controls itself or if I should just quit taking it. ",3,0,1753892048.0,mentalhealth,user_3370,False,True,2025-07-31T10:00:41.132327
1mdk47x,My hair and appearance are ruining my mental health. How do I move forward? Please help.,"I really need help. I’m moving in with a new person besides my mom tomorrow and I’m scared. I don’t leave the house often because I hate how I look. I’m so frustrated and done with myself and it feels like everything I try to do to fix the problem doesn’t work.

I have curly hair which has been absolute hell my whole life. Since I was a kid I got bullied for it. Now as an adult I asked for honest opinions about my hair and was told it looks witchy, wirey, and isn’t full. I don’t know what to do anymore. I try to style my hair in all sorts of ways (straighten it, braids, wigs, curly girl routine) and it just doesn’t look good. I’m so scared of people judging me and me being socially oscasterized for this.

I’m also just very frustrated with my general appearance. Sometimes I get negative comments about how I look and it hurts so bad. I feel like when I put the best effort in, I only got rated an 8/10 by the internet and those were 40 yr old creepy men ( I didn’t know at the time ). I feel so lost and need help. 

How do I move forward? ",1,3,1753913451.0,mentalhealth,user_3319,False,True,2025-07-31T10:00:41.132327
1mdk0hl,I don't know how to show my emotions,Just so you know I am female and 15. I push down all of my emotions and don't show them. I just put on a smile and act like everything is okay when it's not. I hate when people are mad at me so I try to please them. I care about everyone to much and it ends up hurting me in the process. I have a hard time opening up to people but when I do it feels so much better to get it off my chest. I feel like my family hates and that I am to much. I feel like I am fat. I feel like I am annoying. I feel like I talk to much. I feel like me having ADD makes me weird. ,1,0,1753913196.0,mentalhealth,user_3371,False,True,2025-07-31T10:00:41.132327
1mdjk2b,I’m not coping,Can I talk to someone ,1,0,1753912086.0,mentalhealth,user_0788,False,True,2025-07-31T10:00:41.132327
1mddkxh,I fucked up being friends,"I don’t want to go into detail, but I treated someone that was close to me like an asshole. Asshole would actually be an understatement. I eventually realized how much of a dick I was and have since been apologizing profusely.

He said that it was ok, and that we could make new memories together. But how I treated him keeps me up at night. In addition to losing sleep, there’s this horrendous pit in my stomach that rarely goes away. As selfish as it is (pertaining to why I crashed out), I still want to talk to him more. I’d strike up a conversation more often, but I don’t know if I could. I treated my best friend like shit, and I don’t know if he still sees me the same. I wouldn’t.

I miss hearing him nerd out, or hearing about his day. He’s not my only friend, but he is my bestie. I hate myself for what I did.",2,4,1753898238.0,mentalhealth,user_3372,False,True,2025-07-31T10:00:41.132327
1mdjd8n,What is the point in liking someone if the result is always rejection?,"This is something I never quite understood. When you proposition someone for romantic interests, that's the most personal thing you can do with another human. How can you not take it personally when you get rejected? I'm not saying you should act poorly and blow up or anything, I just don't see how that can't be taken personally.



And if it keeps happening? When you keep getting rejected for, in my case literal decades without a single point of success, how can you not be bitter? I've seen women say yes before a guy finishes asking them out. I've seen women agree to dates with people because they are bored, because they want free food, to get back at someone, to try someone new or just out of pity .....but somehow I'm exempt from all of them.



I don't adhere to incel ideals and think they are awful but they contain kernels of truth that resonate with disenfranchised men. For me, the idea that women rejected me but chose men who treat them like garbage is genuinely making me bitter. I am in my 40s and I think all the women I've befriended my age are like this. They love when I'm their 'emotional tampon' to vent. They love when I'm there for them, when I make them laugh, when I inspire them, helping them out, but they aren't dating me. They have all said in some form or another they aren't in a place to date anyone, until they are of course.



I'm growing bitter and I don't know how to combat it. I'm probably going to retreat to own devices for awhile , find a new hobby or something. I've done this pattern for so long now: find new hobby . Excel at hobby and then realize i have no one to share my growth and success with, then I go try to find someone only to end up being rejected and a little more bitter than before.



Just to clarify: In social terms, I don't care about virginity, I just don't. Whatever momentary embarrassment it could cause would evaporate fast. A large part of me doesn't even care about sex. I mean want sex but I never had it. I'm more interested in forming connections with people and at this point, I don't care how brief or satisfactory it is. The real tragedy of being a virgin late in life is that it's often a sign of someone just not knowing how to form the type of relationships that lead to companionship. Intimacy will lead to sex, I'm confident of that, but I can't even get started and that's frustrating me.",1,0,1753911624.0,mentalhealth,user_3373,False,True,2025-07-31T10:00:41.132327
1md9w52,"""To the Endings We Deserve""","“I hope that one day, life will take us to the place we wish for, to happy endings that we deserve, to the nights when we finally rest from the pain, tears, and sadness of all the past years.”",3,0,1753889934.0,mentalhealth,user_1138,False,True,2025-07-31T10:00:41.132327
1mdj3hr,Insurance making me want to give up,"Around the beginning of June I finally decided after years of struggling to start with my mental health journey by seeing a TeleHealth Psychologist through ZocDoc, with a focus on ADHD and my sleep, The visit was out of state but was still covered by mt insurance(atleast so I thought), I get the final bill about a month later and I have a bill of 205$🙃, ironically causing more mental health damage and stress then even remotely justifying the visit costing that much, this just feels like such a set back and i don’t know where to go from here, I cannot afford that every single visit wether it be weekly, bi-weekly, or monthly. I haven’t tried any places in person because they were all 6+ month waits. Just looking for some guidance or advice ",1,0,1753910993.0,mentalhealth,user_3374,False,True,2025-07-31T10:00:41.132327
1mdiywa,I’d really appreciate someone to talk to tonight,"To be honest I don’t really like it when people compliment me. When someone says I did something well or that I’m talented I never know how to respond. I can’t just say “not at all” or something like that because I don’t want people to see me the way I see myself you know? So I learned that if you say things with a funny tone it makes it easier. Like “Yeah I know I’m just too good haha.” But in my head it’s more like “That was mid at best why are you saying it’s good? Are you mocking me or something?” I used to apologize constantly whenever I made a mistake. I still do sometimes but back then it was more like “Sorry I’m just trash I’ll do better I’m really sorry.” Now it’s more like “Yeah my bad sorry your highness.” I turn everything into a joke. I look like I’m always happy but the truth is I’m just covering the mud with a pretty carpet so everyone else feels comfortable. I don’t really allow myself to get angry or to break down. I feel like if I look at the void under my feet I’ll fall and never be able to climb back up on that tightrope again. Even if walking it is stressful and makes me feel like I don’t belong it still feels safer than falling into the dark. So I keep going. Even when everything feels meaningless. I don’t have dreams anymore or the will to chase anything. I just keep moving so the people around me won’t get sad. Because deep down I’m not really alone and I feel like I owe it to them. I’ll keep making them laugh keep being funny keep smiling and reacting to everything they say. Because that’s the only thing I know how to do. But the truth is even if I don’t care much about anything anymore I’m still scared. I’m scared of life. I’m scared of disappointing the people I love. I’m scared of anything new. But I don’t have a choice. I have to keep going because most people won’t freeze their lives for someone who stands still. They move on. And if I don’t move too I’ll end up alone. And I don’t want that. So I found a way to survive by making the people I love happy. I still have a few things I care about my computer my cat (even if it’s not a “thing”) my family and some online friends. But happiness… happiness doesn’t really exist in my life. Even if I love those close to me everything I do is just a relief it doesn’t make me happy. I feel like I am happiness itself but I’m hollow. My happiness is just a shell that hides all the things I don’t want to face the disgust the hatred the self-loathing. If you take away that shell there’s nothing left. Just everything I couldn’t deal with. I feel like I’m nothing. And the worst part I can still feel it. I can feel how miserable I am. How much I hate myself. How little I think I matter. I don’t want to live anymore. But then I see the beauty life has to offer and I get thirsty. I want to taste it. But I know I won’t. I’ll just keep watching from the outside. Because I’m not meant to be full.

If you read this, thank you. I’m not asking for advice, just… maybe some understanding. Sorry for this big message 😁",1,1,1753910682.0,mentalhealth,user_3375,False,True,2025-07-31T10:00:41.132327
1mdiyuy,Pls help? Thx,"This is just a dump of random disorganised thoughts any advice would be greatly appreciated 
I don’t know what to do moving forward with regards to my mental health
I am in therapy and actively going to a psychiatrist, I have been taking sertraline for 3 months and not really seen any improvement other than my mind is less busy most days. I still have plenty of negative thoughts and when one comes, it’s easy for me to spiral.
This last year has been hell to get through, I am in an active state of burnout and each day I drag through it- I don’t find enjoyment in really anything and I’m always exhausted- this was because I had stressed and overworked myself so much over school exams and I haven’t been able to pull myself out of this no matter what I do.
Day to day, I am just surviving and don’t find anything important or worthwhile- I haven’t been myself and have been in extreme cases suicidal for periods at a time- where I will spiral and call a hotline only to feel fine the next day- this happens maybe once a month. 
It feels like I variate between absolute boredom and depression to extreme anxiety and overthinking and I haven’t been happy in so so long.
I have been interested in someone romantically recently but have felt like my emotions have been completely blunted and like I can’t move forward with a relationship because I don’t feel the connection with my emotions like I should when I’m ready for a relationship, this has been the cause of my anxiety for maybe the last 3 months and the last thing I’d want to do is lead them on so I am trying to work on myself desperately. I feel calm around them and have a great interest in their life and everything about them, I think about them a lot but when I hang out with them- I feel weirdly flat and I don’t think I’m in the right frame of mind to be totally present in the relationship and because I’ve not been myself for a long time I don’t trust my feelings not to change and fluctuate- this is the reason I’m stopping my antidepressants for a while- I’m coming off them gradually and seeing if it gets better but I don’t want to jeopardise my progress for a relationship because I really really do need medication. I feel really stuck and have been tirelessly researching this whole situation with them online and on subreddits etc trying to figure out what I actually feel and it’s exhausting I just want to feel secure and want to know what to do!!
",1,3,1753910679.0,mentalhealth,user_3376,True,True,2025-07-31T10:00:41.132327
1mdis48,Does anyone have an answer for me,"I have adhd, mdd, and anxiety I take Zoloft (50mg) and Focalin ER (10mg)

Lately when I go to sleep it feels as if I hear voices from the past like my papaw that’s been dead for 4 years and it feel like I go in and out of dreams I’ve been paranoid a little bit lately and haven’t been sleeping or showering as much also I haven’t ate as much or been wanting to hangout with people as much as I used to I used to be a people person that would love to do anything and when I close my eyes I start seeing things I can’t explain I am a user of cannabis but it’s been happening even without cannabis use I’m not sure if it’s any side effects or if I should talk to somebody about but if anyone could reply and help I would appreciate it ",1,9,1753910223.0,mentalhealth,user_3377,False,True,2025-07-31T10:00:41.132327
1mdin4t,How can I stop the downward spiral thought patterns that come with anxiety?,J,1,0,1753909891.0,mentalhealth,user_3378,False,True,2025-07-31T10:00:41.132327
1mdcghi,How can I put this into words for my psychiatrist,"Before anyone comes at me for being a horrible person I know I am and im thinking of writing all this down in a letter/note type thing to give to my psychiatrist in 3ish weeks time so I dont have to say it out loud. For context they only really know abt my depression

-I love looking at gore and watching people suffer/be hurt
-i hate my family like genuinely i dont even know why, they arent abusive or anything
-I wrote a 'story' describing how id kill someone when I was 14, my first CAMHS appointment with a lady did include talking abt that but I lied and said it was just creative writing and she believed me but i was thinking of killing my mum at that point and still kind of am
-if I have a close friend and I know something abt them that I could make fun of or something, ill do it and make them feel bad abt themselves so basically I like bullying people
-whenever i see a kid under the age of say 13, I imagine hurting and abusing them and I wish I could actually do it

Also is this actually worth bringing up with them and will it like impact my future at all?😭
Also posted this on a couple other subs cus I genuinely dk what to do
",2,9,1753895738.0,mentalhealth,user_3379,False,True,2025-07-31T10:00:41.132327
1mdidmf,"I lost my mom, my dream, and now… maybe myself too","I don’t know where else to write this, but maybe someone here will read this and help me.

I started my Computer Science journey with one hope to pursue my passion and make my parents proud, and to become a great software engineer. From my first year, I worked harder than before i landed internships, built projects, spent countless sleepless nights in learning Development.

Then, in my second year, my entire world collapsed. I lost my mom. The one person who believed in me the most. Her wish was to see me succeed in my life I had never imagine one day this will be going to happen with me i lost my track my days went in her memories i used cry alot near her grave 

But i didn't lose hope trust god I promised myself that I will not stop.

So, I didn’t. I kept hustling. I cracked another internship, More efforts than ever before. 

But now, months after graduation, after sending out hundreds of applications, endless LinkedIn follow-ups, I’m met with nothing. Silence. Rejections.

And today… I’m tired. I’m scared. And for the first time, I’m losing hope.
If anyone is reading this please… tell me how to keep going. Tell me how to make it through this storm. Tell me how to survive this world that feels so heavy right now  im getting sucidal thoughts 🙏.

I just want to make her proud. I just want a chance. Please, someone… help me. 😔💔
",1,2,1753909262.0,mentalhealth,user_3123,True,True,2025-07-31T10:00:41.132327
1md25md,I am going to meet my guy best friend one-on-one to thank him for not ending our friendship even when I confessed my feelings for him.,"I used to keep my words on my own and never really talked about the confession incident with him. Frankly speaking, I felt embarrassed. I felt guilty of making him feel betrayed. I felt so much that I decided to bottle them up in myself. But now I realised: even after he rejected me, my guy best friend has still reached out to me when I was struggling with personal issues (dropping out, admitting into psych ward). Even when he might choose to just end the friendship, he chose to continue being friends with me. I just realised that there were so many things that he has done for me, and I wasn't able to thank him for such. So out of a sudden, I decided to ask him to have a meet-up because I wanted to say things that I was afraid of sharing: how is my feelings for him now, what was going on during the period where i 'disappeared', and really just thanking him for accepting me as I was. This post is a mess but I just really wanted to send the message to those who has something to tell but kept to myself, will your future self regret not saying it in 10 years? if yes, I think it's time for you to tell that person(family member/friend/whoever) how much you love them, and that you are thankful for having crossed paths with them. :)",8,2,1753868280.0,mentalhealth,user_3380,False,True,2025-07-31T10:00:41.132327
1mdi4o3,The thing is,"I am seeking mental health but I currently have no income, no health insurance, no funds, and no job. I live in South Carolina and I have never held a job. I am 31 and I do not have a drivers license, I need help. At the moment, I’m staying in a shed on my parents property. Ive suffered with my trauma since i was 18 and I regret never seeking out mental care before. My situation feels overwhelming, but I truly want to take steps toward healing. Thank you for your time  and any help you can offer. I’m reaching out in the hopes that someone can guide me and help me make the correct steps in this process.",1,0,1753908676.0,mentalhealth,user_3381,False,True,2025-07-31T10:00:41.132327
1md65m3,Emotionally Available ... And then not,"Open letter 

There was a time I believed we were real—at least in the spaces between the meetings, the glances, the way we talked like the rest of the world didn’t exist.

I saw you. Or I thought I did. The version of you that laughed with me, listened deeply, lingered long enough to feel personal—but never quite long enough to be accountable.

Then came the silence. The distance. The blur between friendship, flirtation, and something I couldn’t name.

I loved you, or maybe I loved the version of you that felt safe enough to hope for. And when you shifted—when ambiguity took over—I kept trying to rewrite the script with grace, patience, empathy.

I stood by you through your divorce. Held the weight you wouldn’t name. Let myself believe our bond meant something.

And when the dust settled... you disappeared. Left me to sweep up the emotional wreckage, alone.

Empathy without reciprocity is just self-erasure.

I wrestled with whether it was manipulation or misunderstanding. You held the power by withholding clarity. I stayed soft and loyal, even when I felt emotionally abandoned.

You vanished. I unraveled. And then I started to rebuild.

This isn’t about exposing you. It’s about reclaiming me.

If this sounds familiar… maybe it’s because somewhere, in some version of us, it was real.

But I’m not waiting anymore—for closure, for confirmation, for who you used to be. I’m moving toward emotional clarity and away from the ache of ambiguity.

I hope someday you choose depth over avoidance. Because someone, somewhere, might love you for real—but not if you keep hiding.

#Reflection #EmotionalAmbiguity #emotionalmanipulation #iftheshoefits #lostmybestfriend #mentalhealth",4,0,1753880915.0,mentalhealth,user_3382,False,True,2025-07-31T10:00:41.132327
1mdhras,Help me? I’m 18 with no job or GCSE. Still in college. A woman.,"All my family came to Jordan for a holiday and they all were going out except for me, I got ready like every other girl and put on my best of clothes for 2 days in a row and no one was taking me out, no matter how much I begged. Than I became moody, I was sleeping all the time and didn’t wanna go out anymore which than my brother came up to me and asked me why. I spoke in a harsh tone and said “it’s because no one is taking me out” he told me to “shut up” and than went. My dad came in my room and said to me “your brother is waiting to go out with you” I said to him “I don’t want to go because he’s being mean. Than my dad left me alone. I got a message from my brother saying “are you ready” I thought about being moody but I just replied “yes” and than I went out. I came back and my dad saw me and he said to me “weird person” as soon as I came in the house so I said to him “no you are” than He got up and followed me in the other room. He started barking at me saying “what the fuck did you just say to me” I remained calm and said “you called me weird so I said it bad” than he went up in my face barking “I don’t give a fuck I want you out of my house I can’t deal with this fucking attitude, I want you to fuck off, go fuck off out of my house” Now he is saying I’m a bitch to my grandad and saying that “I don’t want a messed up woman like her in my life and she’s going to mess up the rest of my children” He goes to him that “when she sees the man outside and what they do to her than she will realise” “Book her flight back” My mum said to me “why do you want to go? You who do you have in England? You have a girlfriend?” She said “he says crazy things, that doesn’t mean we should listen to him” 

After 2 days - My brother wanted me to move rooms so he went and took me to another floor and than I mentioned to him “it isn’t fair that when I go to college I’m not allowed on trips and next time I’m gonna go without asking him” he started getting mad and saying that “if everyone around you is wrong , that means your the problem” 

Than I was downstairs and I said to my mum I’m closing my room door, she said to me “why are you closing the door, are u doing wrong things that’s why?” In a really aggressive angry tone. Than I said “yeah I am, what are you going to do about it?” And than she got triggered, she came close and put her hand up and threatened to slap me and said “I’m going to hit you that’s what I’m going to do about it, for the past few days you haven’t been talking to anyone and you’ve got a face pulled” I said “you know why I’m upset”  than she said “everyone knows that he talks like this but you’re trying to be his mum now who do you think you are?” then I said I am his mum, yeah and then she said to me that “you’ve been saying you wanted to go to England when we all wanna go Saudi Arabia, you have a big issue trying to make things worse” and then I said “yeah that’s what I wanna do” and keep in mind that she was shouting like unbelievable shouting that my grandparents ran into my room to see what was happening",1,0,1753907805.0,mentalhealth,user_3383,False,True,2025-07-31T10:00:41.132327
1md8a0m,"Women do you live in fear, if not why not?","Short version: Wife is pretty much scared of her own shadow - how to help?

Longer version:
It's hard to set the question, but I don't walk around daily normal life in fear...

As a man I rarely have fear of anyone... its not 'cos I'm 'ard and can wreck anyone' I'm not...there are plenty far stronger people and then folks skilled in fighting...Its just I know I'll never put myself in a life or death situation I can't handle and/or aren't comfortable in, logic dictates that crime is statistically amongst people that know each other, skilled fighters are rarely out there attacking random people and I also know I won't go down without a fight and I'll be real nasty..
Now I'm also referring again to daily normal life.. This isn't nightclub scenario or apocalypse scenario its just walking along normally to the shop or something, see someone suspicious, I'll act accordingly - change my direction of travel, take the next turn instead of the one they're on etc etc.

But my wife, she is fearful and whilst I get it..but also dont..
1. She's not very big
2. She's never been in a fight
3. She's read the shit in the news about violence left right and centre and effectively how we should all be petrified about everything.
4. Probably the biggest factor, when she was a teenager she had a sort of bf and his friends be very nasty to her (won't go into details).

What do I do? I've definitely agreed that fear isn't wrong and I've agreed with her emotions, but I've tried to rationalise with her that news sensationalises violence for clicks, negative news sells, no one we know has ever been in a violent situation in the last 10 years, a lot of violence is known to each other - rarely random, we live in a very safe area etc etc she actually agrees, she was even angry when I thought about it and then told her that the news gets to make money riling people up and worrying them making them scared so that they read more and more and she totally got it and was like ""yeh, I never really thought about that"" but she's still so fearful.",3,5,1753886197.0,mentalhealth,user_3384,False,True,2025-07-31T10:00:41.132327
1mdblc7,My wife is 2 weeks from giving birth and I have an overwhelming sense of anxiety and dread,"I'll perface this by saying I'm sorry if this isnt the right place to post this, I'm also going to post on some mental health subreddits but If anyone else has shared any of what I'm going through please reach out and tell me how to change it. I can't talk to my family or friends about this and also why I'm using a throwaway because people know my reddit account. I've spoke to my wife and suggested trying to reach out to anyone who has had similar experiences.

My wife is 2 weeks away from giving birth, it's our first and a complete surprise as we were told years ago because of my wifes health it was be nearly impossible to have children. This didnt bother me as I never wanted children anyway. Then comes a phone call 9 months ago and since that call my brain has been filled with fear, anxiety, dread, resentment, horrible thoughts and guilt.

  
I've always struggled with my mental health, but not had a serious bout of depression in a long time, the past 9 months it has been getting steddily worse. I've been having horrible thoughts of wishing my wife would miscarry so I dont have to deal with the change a child brings and then the guilt kicks in because I dont want that to happen to her or the baby as it's neither of their fault. 

I have fears I'm going to be a terrible dad not being able to love our daughter because of how I've been feeling.

The pressure of everyone saying how amazing I'll be and how perfect our family will be, and all the while I sit and agree whilst thinking I'm going to be worst.

And then the self loathing because I keep thinking these thoughts and I dont want to be thinking them, I want it all to be amazing, I want to have this unconditional love and I dont know why I dont, this then feeds back into guilt and the pressure and the stress of it all.

I just feel so low all the time and it's so hard trying to remain upbeat around friends and family, I feel like I'm reaching a breaking point where I just want to cry all day and I don't want to feel this way anymore, if anyone has gone through this please help me.",2,4,1753893792.0,mentalhealth,user_3385,False,True,2025-07-31T10:00:41.132327
1mdbc57,"Trouble expressing myself, self-loathing, and possible anxiety","In public and in private, I feel extremely uncomfortable doing anything. I think it came from my childhood, whenever I would try something new, my parents would call attention to it and sort of make me ashamed or embarrassed for it, albeit unintentionally. I feel awkward and stupid trying anything, and for the most part, I feel emotionally constipated. I have trouble crying in public or in private. Some friends have suggested I try screaming or physically letting out my frustration, but I can't even when no one is around or will be around. I just feel stumped and in a weird place.

I just also feel kind of gross in my own skin, like literally. Feeling the sensation of my fingers touching each other or other parts of my body makes me feel itchy and gross as long as I'm aware that I am me and human. I want to try drawing, but seeing my own skin and at least being aware that it's my hand there makes me lose motivation and kind of ""icks"" me out. 

I also hate going outside. There have been times when I have not left my home in months, but I am a student on a scholarship,so this behavior is kind of ruining my life. I only feel motivated (or pressured?) to do things when other people are doing them, but I don't want to rely on others for my basic needs and it seems kind of pathetic. When I lived with people in a dorm, I would only go out to eat in public when they did, and when they were gone for vacation for weeks, I would just starve until I was desperate enough to go outside, and even then my heart would be pounding and I would be really stressed. And don't get me started on making phone calls or setting up appointments. I'm worried that I am just making excuses to be lazy and such, but at the same time I don't know if this is actually a mental health problem.

  
Anyways, I'm ruining my life and probably disappointing my parents and myself, but I don't know how to stop. Getting a therapist only goes so far, and my motivation to get better comes in bursts that I don't know how to capitalize on. I'm just kind of lost and feeling like I am just floating through a current that's life.

  
Thank you for reading and hope you guys have a great day!",2,0,1753893210.0,mentalhealth,user_3386,False,True,2025-07-31T10:00:41.132327
1md7snv,Life is just so overwhelmingly unbearable and terrifying,"My last bout of existential OCD has lasted nearly two years. Two years of constant intrusive thoughts and invisible mental rituals to try and make them better. I don’t know how I’m still able to convince myself the rituals will work.

I don’t know how to bear being alive when we all die. I had beliefs about the afterlife at one point, but beliefs aren’t certain enough for OCD and I need to be able to be okay with the worst case scenario, and I can’t find a way to be okay with the fact that one day the people I care about will die, and one day I will die.

I’m tired of imagining scenarios where they’re not alive any more. Or visualising positive recent memories over and over until I can’t visualise it properly because I’m so scared I won’t remember it one day. I’m tired of feeling like crying so much and not being able to explain it to anyone. I can’t enjoy anything any more because the unbearable thoughts are right there.

My friends are so lovely and caring to me but I feel so stupid because really they’re just work friends so we see eachother often but I’m not a huge part of their lives, they have their own lives and families. I don’t have a big close family, just my mum, and I don’t ever see myself marrying or having children, so my work friends are a huge part of my life. I watch everyone else interact and cope with life and do the things humans are meant to do, and meanwhile I can barely function because the concept of life is too unbearable to me.

I don’t understand how I’m ever supposed to be at peace with the fact that we all die. I don’t know how I can ever enjoy life again. I’ve become very good at pretending, or I’ll wake up one day and it feels less bad but it never lasts. I dread waking up as I never know how bad the thoughts will be. What’s the point in being close to other people when we all just die?

I’m making steps to see a doctor soon and hopefully go back on medication. I’ve been unmedicated for somewhere around a year, which hasn’t helped. I just don’t know how to cope in the meantime, or if the doctor doesn’t help. It all feels far too much. I’m not at work at the moment due to holidays, so I won’t really see anyone or speak to them much for another few weeks. Work usually helps as it keeps me busy. This is unbearable.",3,2,1753885052.0,mentalhealth,user_3387,False,True,2025-07-31T10:00:41.132327
1mdb6cj,offspring with schizophrenia,"My child is nearly 30 and had an week long episode in a mental hospital where they were diagnosed schizophrenic at age 17. Been getting along pretty well since, but abhors work, so hard to make a living.

Met a mate who supports them and they moved to Portland when Trump got ""shot"" fearing he'd get elected (they're LBGT). They were thriving up there until a recent second schizophrenic episode.

I sent some emergency cash and replaced their broken phone. My wife feels like I should support them more, but I'm unsure. I paid their rent for years until they found their current mate.

My brother had a similar situation with two Russians he adopted. One is schizophrenic living on disability his whole life and the other is a drug addict. He recently stopped paying her rent after many years.

How does one decide what and/or how much to do in situations like this?",2,5,1753892841.0,mentalhealth,user_3388,False,True,2025-07-31T10:00:41.132327
1mdb4zv,feel like i’m here but not really here,"  
so this is kinda weird to explain but… lately i just feel really disconnected. like i’m around people, i talk to them, smile and stuff — but inside i feel alone. like no one really *sees* me, you know?

sometimes i just sit there and zone out, like my body’s here but my mind is floating somewhere else. i miss the old me, the one who actually felt things more.",2,0,1753892756.0,mentalhealth,user_3389,False,True,2025-07-31T10:00:41.132327
1mdajsl,"Struggling with masking, school, and feeling overwhelmed — looking for advice","I have ADHD, and have I am constantly ""masking"" in front of family. I'm Fairley sure it started when my parents split up. My dad has ADHD as well but I rarely see him anymore, but when I do get to see him, he is one of the only people I don't mask in front off. I don't know why I feel the constant need to mask Infront of my family, and its only gotten worse now that my mom is dating someone new that I don't know, I feel like I have to mask even more now, and often come off as quiet or as if I don't like him. I hate thinking that he thinks I don't like him, even though I find him funny. I don't know how to stop masking in front of people, and it gets mentally exhausting.

My ADHD also effects me a lot at school, the teachers at my school don't do anything to make sure you complete any work, so most the time I just end up doodling in my book, and day dreaming in class. My grades are horrible and I'm usually labeled as lazy or stupid by my classmates, and I feel like I've just accepted this as how I am. The only time I feel like I can stop masking is when I'm with my close friends. As soon as I'm with even one of my close friends my personality completely changes from introvert to extrovert, and even people from my school have noticed that I have a completely different personality whenever I'm with my friends.

Another issue, is that my room is always a complete mess. Whenever I wake up I just try find a pair of cloths that seem clean of my floor. I have tons of rubbish just laying around. I feel like I'm letting my mom down, and she can get pretty mad at times If my room gets to messy. I've had a lot of issues with truanting school and recently have started ""self medicating"" with couple substances, and have no idea what I want to do when I get older.

I feel like if I don't get my life in order soon I'll just ruin my life. Does anybody have a suggestions on what I should be doing or any tips to stop masking so much?",2,1,1753891433.0,mentalhealth,user_3390,False,True,2025-07-31T10:00:41.132327
1md7506,Relocated from a village to a city and I'm just done,"Hi! I had to move from a clean, nice village to a city and I feel terrible. People don't say hi, they look gloom af, nobody is smiling, streets look like shit due to litter and graffiti everywhere and smell like piss. I'm just done. What do I do?",3,1,1753883445.0,mentalhealth,user_3391,False,True,2025-07-31T10:00:41.132327
1mdgg8g,Help me please,"Hello I’m 21, I’ve had a girlfriend for 5 years and about every 2 days I have gooned without telling her, to some stuff she would find disgusting, trans etc (nothing illegal) I have always struggled to concentrate at school and I have been addicted to gambling for many years and even the look of it on instagram boosts me so much, same with the porn I can’t stop watching it, one day I’m like I love my gf I never want to hurt her I only want to be with her forever and then the next I’m gooning and I can’t help it? I’ve always been told I have adhd but I refused to get tested, now I think it’s time and I’m not sure if I’m just fucked or this is adhd. I can’t sit still, I can’t concentrate, I ca stop dopamine chasing I eat ice cream for breakfast ffs, I can’t stick to hobbies I eat the same food for 3 weeks then leave it, whenever I’m holiday I don’t miss my family even though I love them, I told my gf about the gooning a few months ago and the guilt made me stop for a few weeks, she accepted on 1 condition I never do it again, but I can’t help it and can’t stop, I’ve not told her since. I never want to hurt her but I can’t help it, it’s like I get taken over. I’m currently on the list for diagnostic but would you recommend me going private and getting meds asap as I struggle with most aspects in life, including always being the first to make jokes about someone to make other people laugh as I crave their approval, and feeling bad about it for the next few days but I think that’s my anxiety, I need help yall",1,2,1753904752.0,mentalhealth,user_3392,False,True,2025-07-31T10:00:41.132327
1mdg3ki,Why should I not d*e?,"Is there really a reason why should I not leave? 
I know my mom would be sad, my friends would be sad, my partner would be sad... but how about me? I am already sad. 

Emotions comes and go, i know, but i live with these voices in my head that tells me im gonna be happy when its over..Its been 11 years, and im only 21... 

maybe my legacy is to kms. maybe its a calling... i will be sad cuz the chance of seeing my fav bands and artists will be nothing cuz im not alive but as if im gonna see them anyways... 

do i want to live? not really...not anymore.. 

",1,4,1753903940.0,mentalhealth,user_3277,True,True,2025-07-31T10:00:41.132327
1mdg1jo,Why can’t I like things normally?,"Hello everyone, this is my first time ever writing on this app so apologies in advance if I do something wrong! Every time I find something new to fixate on, I can’t just fixate on said thing in a “regular” way. Currently, I am fixated on Percy Jackson(the books and the show).

I’ve noticed that every time I see something in relation to Percy Jackson-like the new trailer for season 2 or even small things like just hearing the song Riptide-I get this weird feeling. The best way to describe it is like that same gut dropping feeling you would get when a wave of anxiety rushes over you. Sometimes this feeling lingers for minutes until I have to stop thinking about everything and clear my mind.

This has happened to me before with other topics like Marvel, The Hunger Games, DC, etc-but I’ve never been able to figure out why it happens. Sometimes it’ll get so bad to the point that if I think too much about the topic or even if I read the books for long periods of time, I’ll start to feel sick/nauseous. So I would just like to know why this happens to me and if there’s anything I could to do to make it stop. Thanks for reading this!",1,0,1753903809.0,mentalhealth,user_3393,False,True,2025-07-31T10:00:41.132327
1mdfxs4,Why do i get like this at night?,"Every night my reality changes. I get extremely paranoid and have panic attacks and feel
no purpose in life. It gets to a point where i feel contemplate sui cide. Its horrible i dont know why this is happening. I cant describe it fully but it feels extremely scary at the time and how my brain is functioning it doesnt clock to me thats not how i think usually if that makes sense? Im worried for my safety because its really strange and i cant tell anyone because theyll probably think im being dramatic or crazy and i cant explain it fully. I see shadows and i see energy on a daily basis anyway but it enhances 10x more. My whole perception of reality gets awful and its an overwhelming feeling. Does anyone know what this is?",1,2,1753903567.0,mentalhealth,user_3394,True,True,2025-07-31T10:00:41.132327
1mdfru0,I dont know.,There is so much on my mind.. and i just want to give up.. i feel like my friends dont really like me anymore they just tolerate me.. i hate my fucking job i work my fucking ass off to feel like im not getting ANYWHERE with my life… i need to fix my car and i dont even have money for that… the girl im talking to.. is an absolute MIRACLE… i just hope i dont end up pushing her away. I also have other things i want to do and accomplish.. but with the time i barely fucking have what am i suppose to do???… i have a problem with seeing what others see in me… they can be in my face telling me how much i’ve helped them through hard times or that i’ve just been the light in peoples lives but i dont feel it… how do i FEEL that?… i just say “thank you.” And walk away…. HOW CAN I FUCKING LOVE MYSELF IF I HATE MYSELF SO GODDAMN MUCH?!?!,1,0,1753903190.0,mentalhealth,user_3395,False,True,2025-07-31T10:00:41.132327
1mdfr55,Does bio oil work well on sh scars?,"Ive got some thin scars on my leg, i want to wear shorts again but i dont want to spend £15 on something useless yk",1,0,1753903148.0,mentalhealth,user_1474,False,True,2025-07-31T10:00:41.132327
1mdforq,The Pirate Therapist,Has anyone else checked out The Pirate Therapist on YT? So far so good. Defs worth a check out!! ,1,0,1753902996.0,mentalhealth,user_3396,False,True,2025-07-31T10:00:41.132327
1md6dr0,I have terrible self esteem,"I am a 27 Male that feels horrible after each date. Everytime is the same. Girls are excited to see me, then during the date, at the end, while I'm being myself, trying to get to know them, they seem bored, the put excuses that they are tired. And I feel terrible, unwanted, like I'm not good enough, that something is wrong with me. Is it my accent (spanish living in Montreal), is it my height (5'7), it my teeth (one semi broken teeth, that one girl made the remark sometime...). I just feel not good enough. Rejection after rejection, feeling like I'm dissapointing them despite that the date starts good and they seem enjoying my presence at first. 

Something I sabotage myself, saying some dumb thing before the date, postponing it. Because the result will always be the same. ",3,0,1753881511.0,mentalhealth,user_3397,False,True,2025-07-31T10:00:41.132327
1mdfk8n,I don't know what to do about our home situation with a newborn and mental health struggles.,"Using a throwaway, I'm at a loss for what to do. I don't even know how to organize all of my thoughts coherently to communicate this. I (M,35) and my wife (F,35) have a 2 year old child and a 3 month old baby. We've both struggled with depression and anxiety for years, but she's also going through severe post partum depression on top of that. 

I've been going to solo therapy for almost a year, and she just started solo therapy with someone who specializes in PPD last week. Her doctor also switched her antidepressants. This week in the evenings she has gotten extremely angry and seems very off, like accusing me of threatening to take her children because I offered to take them to visit family for a weekend so she could have a break. And running off into the night in her pyjamas, screaming and swearing at me, calling me names, accusing me of being robotic in the way I speak. I don't think she's a danger to the kids or me or herself (yet) but she has been talking for years about wanting to die and has been saying it a lot the last week, just no plan or details. I don't know if she's been honest about those feelings with her family doctor or therapist.

The other big thing is that years ago she told me that a psychiatrist she tried a couple sessions with told her that she likely has Borderline Personality Disorder. At the time I didn't know anything about it, but I've been reading up on it lately and it makes so much sense. Very black and white thinking, always the victim, always fighting with friends and family and writing people off. Blaming me for everything and hates my family.

I've been taking about it in therapy but I'm at the point that I don't know what to do. My therapist said it's an abusive relationship and I know that's true, but I know I could have been a better partner, because I never helped a fair amount with the chores and cooking and planning. Part of that is due to my ADHD, but my wife gets mad and says I'm just trying to use that as an excuse.

Now I can't talk about my mental health at home at all because she says I'm making it about me and she's the one who has PPD. She acts disgusted and mad if I cry, and I just don't want to be around her but I don't want to leave the kids.",1,0,1753902710.0,mentalhealth,user_3398,False,True,2025-07-31T10:00:41.132327
1md9gcf,Am i actually happy?,"There has been a phase in my life where i have never felt happiness for few years and now have forgotten how it feels like, now after moving out of my house into collage hostel i am in a friend group and they sometimes make me laugh , but even after getting away from the toxic environment i still have bad thoughts , when i laugh or smile i dont know if i am actually happy or just do it out of habbit , during the past few years i had developed a habbit of faking smiles and laughs to get through tough times, but now how do i diffrentiate it from the real thing ? I cant tell the diffrance",2,0,1753888940.0,mentalhealth,user_1304,False,True,2025-07-31T10:00:41.132327
1mdfaxs,I detached myself!,"Recently, after internal movement I was shifted to a different team and there I met a colleague who would make every moment fun.

Slowly, we built a bond like siblings as he is way younger than me. We started discussing everything. Despite, him telling me that he doesn't like emotional talks, he ended up sharing his life stories and asking mine but in brief.

Now, it went on for weeks. We chatted for like even at night and one day after an argument he turned like I was to be blamed for everything that was wrong. He asked me to not share with him and neither would he share anything.

Then I decided to maintain a distance but, by that time I felt that I've been attached to him and it felt like losing someone very close. I held my breath and decided to make that distance anyway.

I stopped joining the group for lunch. However, a female colleague who otherwise, called herself my best friend, found an opportunity to fit into the gap between us. On other days she always denied saying ""Why should I go with your team without you?"" But, as now she gets attention and judges every other girl for that, she is enjoying it. Pretending as if it's invisible!

The space taught me a lot about the complications I was tolerating just to be friends with people. And, now I'm ready to face anything while keeping a healthy distance from these people. I'm greatful of my decision to have the space!",1,0,1753902125.0,mentalhealth,user_0930,False,True,2025-07-31T10:00:41.132327
1mdfa8b,How to support my bf who’s lost purpose and is burned out,"Hi everyone. 

I want to start off by saying I’m not interested in fixing him. I know that ultimately he needs to help himself. So what I am wondering is if there’s something I can suggest or how to give him support?

He’s been to a really, really dark place recently and also last year. He did say to me yesterday he feels like he has no purpose. Which I know is like good that he’s realised that as a first step.

He is incredible at his job and has a wonderful reputation, but he’s also recently stepped down from a group leader job because it was full of paperwork and stupid crap rather than what it should have been - him working on the more complicated tasks. He thought about this for a long time and now it’s finally happened (his work took 2 months to finalise it) he feels like it was a mistake.

He seems really burned out to me and potentially has autism too but he’s on the long waiting list although had been on it since 2023.

Any advice, or things that may help him that I can suggest would be appreciative.

I’m taking steps to look after myself too and try to not hold it for him. It was making me buckle and I’ve focused on looking after me so I’m not pouring from an empty cup too. 
",1,2,1753902080.0,mentalhealth,user_3399,False,True,2025-07-31T10:00:41.132327
1mdf5kf,I need someone to convince me to give my parents a note,"Tw// mention of sh


I have a note drafted in Google docs telling my parents about my sh and coming out to them as trans. It’s been lying about in my files for over a week now but every night I plan to print it I just get scared and chicken out. I plan on leaving it in their bed as I go to sleep so that, when they find it later on in the night, they have some time to think t over and process it before seeing me in the morning.

Logically I know that they probably won’t be mad, my mum at least is very supportive— but I just can’t do it. Any chance of some help?",1,0,1753901787.0,mentalhealth,user_3400,False,True,2025-07-31T10:00:42.399803
1md5gmy,I’m an evil person,"I’ve done too much genuinely awful shit. I’m not a good person, I have no idea how to atone for my horrid behaviour.

I was 16, damn well old enough to know better. ",3,0,1753879048.0,mentalhealth,user_1268,False,True,2025-07-31T10:00:42.399803
1mdei6r,Is dialectal behavioral therapy for me?,"Hi, all. I have been going to the same therapist for four years. He’s nice and talking to him helped me a lot during these past years. I asked him what exactly is his therapy style and he said dialectal behavioral therapy. I basically would tell him about things that had happened (focusing on the bad), he would ask how they made me feel, then helped me reframe my thoughts through perspective, mindfulness and just focusing on other things.

I have now moved so I need to find a new therapist. My biggest problem throughout this years has been to not focus on bad things, specially in my romantic relationship. The past four days I have been on a loop rethinking and overthinking a very stupid thing, overthinking my partner’s relationship with a friend.

Anyway, EDMR was suggested to me. It was also suggested to me that I might have OCD seeing that I have these recurring loops that I cannot get out from for days. DBT has worked so far as it has given me tools to unfocus, but I am not sure I have been able to “correct” all these thoughts or not behave like that anymore i have gone on these loops so many times the past years and even if I am better for a while, I feel like it is not “solving” the issue.

Should I look for another type of therapy? If so, which one do you recommend? If not, am I just not trying DBT hard enough? I know, too, that it depends on the therapist, on my relationship with them, but I would like to try the type of therapy that works better for me for my problems, because I am tired of going on these loops…

Thank you all so much. ",1,0,1753900321.0,mentalhealth,user_3401,False,True,2025-07-31T10:00:42.399803
1mdegw6,"Severe ocd, how can i calm my mind?",I am suffering from severe ocd. I live lonely. I am looking for someone who knows how to control their mind and thoughts. I am restless everytime. I want to be normal please share if you know something that can make me feel better.,1,1,1753900242.0,mentalhealth,user_3402,False,True,2025-07-31T10:00:42.399803
1mdegeb,Help with Borderline Personality Disorder,Hello all.  Does anyone know any resources to go to in order to help a young adult (almost 18 y/o) with borderline personality disorder?  Current doctor and therapist are not providing the right support and things are progressing in the wrong direction. Any tips would be appreciated. Thank you,1,1,1753900210.0,mentalhealth,user_3403,False,True,2025-07-31T10:00:42.399803
1mdedek,florida psychiatrists?,"hi! 

do any of you happen to live in central florida and have psychiatrist recommendations?? 

every psychiatrist i’ve had seems to be brain dead. thanks!!",1,0,1753900022.0,mentalhealth,user_3404,False,True,2025-07-31T10:00:42.399803
1mdea3k,What will happen to my cats?,"Have a grippy sock vacation I can’t put off any longer. I have sibling cats I’ve had since they were weaned. I have a friend who said they’ll take care of them. They have a cat from the same litter. The friend made the most sense but, I’m starting to doubt their busy schedule. I get to be home most of the time. My cats are sociable, friendly, talkative, snuggly creatures. I’m afraid when I come back they’ll be quiet and aloof. The routines I’ve leaned on for my mental health I know will deteriorate after the 8 weeks I’m expected to be gone. 

In the hospital, when I’m falling apart, I won’t be able to have their faces to pull me back together again. I feel like our relationship will be irreparably damaged. How am I supposed to heal when my heart is re breaking every day without them? I feel so dramatic. I feel so stupid. 

I know I need to go and get better. I know I shouldn’t have put it off in the first place. I needed to be able to talk to my friend; it was a hard conversation. I still don’t know what’s going to happen to them. They wear their feelings on their paws. Big hearts. Big criers. All they want are hugs and kisses. They share my fruit at breakfast most mornings. We have ham sandwiches at lunch. We watch movies at night. I’d almost rather keep my routine and be sad. ",1,0,1753899821.0,mentalhealth,user_3405,False,True,2025-07-31T10:00:42.399803
1mde9g5,idk man help,can someone help me my grandma loves to find anything and everything to yell abt and she specifically targets me and she goes through a whole gallon of wine each week shes 75 like 2 days ago i went to get something to eat and she said what are you getting i told her and she asked what have i had for dinner i told her and she didnt believe me and so on then it got to the point she slapped me when she told me to go to bed but came to slap me when i went to bed and tried to sleep then she told me to clean up my room after she js told me to go to bed if i got up she would've yelled even more she even grounded me to where i cant go to my sisters party plus shes like stop back talking me then shes like answer me but if im quiet and do what im told to she gets mad and say why are you acting like you own the world like i was only doing what you told me to she doesnt do this to my big brother nor does she slap him i need some help on this its only getting worse by the years also my mom is dead my dad is gone idk where he is and its hard to keep up on this life i work hard as crap even my aunt says me and my brother shouldnt be working this much were only teenagers 13 and 15 please help me can someone please help me cope like something i can do to get around this because my life sucks man ,1,4,1753899780.0,mentalhealth,user_3406,True,True,2025-07-31T10:00:42.399803
1mddwzx,"I built a space where people can post their feelings anonymously — no likes, no judgment, just silent support.","Lately, I’ve realized how hard it is to talk about how we feel — even online. Most platforms are noisy, performative, or not safe enough to truly open up.

So I made **Felief** — a place where you can write whatever you feel like, completely anonymously. Others can silently react with emojis, but only *you* can see those reactions. There’s no follower count. No usernames. Just feelings.

It's free. No ads. Just wanted to build something that might help even one person feel lighter.

I’d love your thoughts. And if you try it — I hope it feels safe.",1,1,1753898987.0,mentalhealth,user_3407,False,True,2025-07-31T10:00:42.399803
1mddwbj,Sorry to myself,"I recently looked back in my baby album and saw all the photos of me as a newborn up to a year old, a lot of them were of my mother cuddling me and smiling. I am absolutely a baby person, and I really thought it was beautiful to look at them, and just saw a beautiful little baby so vulnerable. 
It made me actually really upset though because I know that's what I used to be before I fucked myself up 

Because when I was 17 (1¾ years ago) I got really depressed when I met the wrong kind of people who pushed me into alcohol and drugs while I was still underage. They were really cruel about me behind my back as well and insincere all the time, saying they loved me, then around Christmas time 2023 they stopped and messaged me to tell me how much of a fucking idiot I was and how they never want to see me again and that I'll never be loved, not worthy of it. They stole around £5900 from me (summer job, birthday money and trust fund) and used it to overdose me on MDMA, Cocaine, and Ketamine. I overdosed a few times and had what's known as a k-hole, and over a few months it tore my mental health to shreds, and they also enforced ridiculous body standards on me 

Anyway, like I said, I was looking at my baby photos of me all sweet and innocent, and started to cry a little, and was just apologising to my little baby self at what person I became, and kinda felt that I'd pretty much ruined my worthiness. Like I abused that little innocent baby into some kind of monster, and it made me cry more while I looked at them 

(Even though that stuff that happened was almost 2 years ago, it still came back and made me apologise for being like that. I've healed a hell of a lot since then but it still comes back sometimes. I couldn't be more sorry to little baby me, please don't think I sound weird) 

What the fuck is wrong with me?",1,0,1753898941.0,mentalhealth,user_3408,False,True,2025-07-31T10:00:42.399803
1md3076,18 M. Suffering from depression and I don't know what to do.,"18 M. Can't post anything long here on this subreddit, so check my profile for the much longer version of this story if you want.
But basically, I have been suffering from depression, and here's why:

Here's a TLDR: I had health issues and was neglected by my family, my two friends bullied me for my hobbies, I developed social anxiety and because of that I abandoned the only real friend I've ever had, I live in the middle of nowhere and can't go anywhere, I have no friends and have never experienced love, I barely enjoy hobbies anymore due to my own perfectionism, I've lost the ability to cry, my family expects me to get a job soon but I don't feel like I'm prepared since I never got to experience my teen years, and I've been depressed for 5 years straight and am having suicidal thoughts (but won't act on them, so don't worry). Thanks for reading, I appreciate you and hope you're doing okay. <3",4,5,1753871364.0,mentalhealth,user_3409,False,True,2025-07-31T10:00:42.399803
1mddm65,The thought of killing myself is consuming me……….,"This is my first time sharing anything on Reddit and I need help. I have always had the thought of killing myself to the point where the idea of dying sounded fun. This time it is different, when wake up or go to sleep all I can think of is killing myself. It has gotten worse to the point where I hallucinate a scenario of me dying. When I am on the pavement I usually wish I could run into a moving car and just die. Sometimes in the train station I have been compelled to jump into the train tracks when a train is approaching. whenever I see a convenient place to hung myself I usually have a scenario created in my head imagining myself dead. But most of all this thought because devious when I am triggered. ",1,2,1753898317.0,mentalhealth,user_3410,True,True,2025-07-31T10:00:42.399803
1mddg9i,Need some honest opinions,"I’m 18 Male I live in England and I haven’t been great mentally since 15. I struggled with depression, severe anxiety, substance abuse, problems with eating and I have complex ptsd. Ik this probably sounds stupid but will I still be ok in the future I mean I have only my gcse in maths and science as far as qualifications-go, and truth be told I’m not better yet. I tried working with a friends of my dads on a building site last week and I just couldn’t do it, I wasn’t strong enough mentally or physically so realistically I’m still not better enough to get back into the real world but will I still be able to and live a full life if say I get back out there properly once I’m 20 or something and fully better. Please be honest even if it’ll hurt my feelings. I guess this may not be the best place to post this I just wasn’t really sure where would be. Thanks for reading ",1,0,1753897944.0,mentalhealth,user_3411,False,True,2025-07-31T10:00:42.399803
1md7dmo,Urge to break things around me or hit myself,"I am going through a lot RN and every time something frustrates or annoys me, I feel like breaking things around me or hit myself on the head.. idk what to do..",2,0,1753884046.0,mentalhealth,user_3412,False,True,2025-07-31T10:00:42.399803
1md73xh,This is stupid but thought maybe someone could relate,"I’ve been obsessing over irrational stuff and it’s taking over my brain atm I’m worried my friends are gonna leave me over not replying or acting off and I go into a deep depression because of this I’ve explained to my friends that it is not there fault and I sometimes sh because of these fears or worries and I know how irrational it all is and I feel crazy because of it or because I have a sister that’s in a abusive relationship and I’m scared she’s gonna get pregnant and she won’t be able to leave him because of that reason it’s completely irrational and I understand how stupid this may sound so I apologise but just thought maybe someone could share their thoughts thank you 
",2,3,1753883373.0,mentalhealth,user_3413,False,True,2025-07-31T10:00:42.399803
1mdcvkz,Advice please,"Hi does anyone have any suggestions on how to approach this issue. 
My Sister a couple of years ago was under the impression that her ex was hacking all of her devices (phones, laptop, tablet). Listening to her every word, reading her e-mails, txts the works. She says there are images of her on the Internet naked taken thermally with her webcam and her txts and e-mails leaked on there but when I ask to see the evidence she says she doesn’t know where on the Internet it is and that she hasn’t actually seen it herself she’s just heard people like her neighbours talking about seeing the pictures and stuff online. So there isn’t actually any evidence that I’ve seen. 
Recently it’s changed and it’s no longer her boyfriend hacking her but the British government (MI5 and the like). 
She is convinced satellites are tracking her and emitting radiation that is cooking her face even if she is indoors or moving around it can still focus on her cheek to be precise. 
It’s recently escalated to the government using these satellites to read her mind using microwaves and FMRI and she is convinced they are mind controlling her using this technology. 
She is completely agoraphobic now, she is convinced people are stalking her. 
We went to McDonald’s a few weeks back and she stares at people and when I ask why she’s staring she says because they are stalking at her, watching her and have seen the naked pictures of her online. The first few times this happed I tried not to think too much into it but everytime we go out now which is rare she thinks people are stalking her and looking at her because they’ve seen this stuff of her online. I can’t see it because it’s on a private server or something apparently where there’s a group of people all watching her every move and listening to her every word etc. 
So far I’ve tried to not reinforce these beliefs by completely agreeing to everything she says but also I don’t say that I don’t believe her or make her feel silly or anything. I just say that the chances seem soo unlikely and that I understand the mind can be read to some extend using FMRI machines and those caps but I wasn’t aware that satellites can do that from space and I find it a bit far fetched. 
I say why would anyone especially the government be soo interested in her and spend years stalking/hacking/mind reading/controlling her. 
It’s getting really tough for me and I’m sure it’s worse for my sister going through this. 
But does anyone have any thoughts on possible causes for this or any suggestions on how to approach this? 
I think she needs to talk to someone professional but she won’t because they’re “in on it” and are stalking her and watching what she’s doing so she won’t talk to anyone. She doesn’t even open up to me fully as she says “you’ll think I’m crazy if I tell you” or “it’ll sound crazy but…”) etc. 
I’m not saying she’s wrong or crazy or anything and I can’t rule all the hacking/stalking stuff out 100%. But I don’t think the chances are very high. Rather extremely extremely low. And the satellite stuff cooking her face/reading her mind/controlling her mind seems closer to sci-fi than reality. 
Please any suggestions are welcome, I won’t take offence.
Thank you in advance",1,0,1753896675.0,mentalhealth,user_3414,False,True,2025-07-31T10:00:42.399803
1mdcqvh,Is my father depressed ?,"For context:  My dad is 51. My mom is also worried for him. He's such a simple and hardworking person, and I want to do anything and everything I can to make my dad happier. He's done everything for me. It's not like his condition is very bad or serious or anything like that. Fortunately he's still very fine but seeing him loose weight and get disturbed by his sinus hurts us sm </3. 
So this started mainly since last year, but after 2021 (that damned COVID vaccine), he started experiencing a little cold and runny nose. At first it was not that bad, but two years later it was still there until last year, 2024. He had also lost a little weight, but nothing concerning at first because ppl said that it might just be an age factor. 
Yeah, but since last year he has lost some weight. I remember a few years ago he weighed around 83–86. Right now he's 74–76 and he's 6'0 and a big-boned person. It's concerning how he's lost weight and has become skinny. 

And his elder sister has lived with us since before my birth. She didn't marry and my dad has been taking care of her ever since. She has made our home a place where fights occur all the time because of age and other factors.
And with age, all this stress and emotional baggage my dad has become a little emotionally sensitive these days. He gets hurt easily, and all he asks us is to talk to him in a gentle tone and just ignore his sister. He's diagnosed with sinus this year or late 2025, and was properly diagnosed in May.
His sinus has been bothering him so much this year. From the start, he was so sick in January, so much weakness, and I think he is depressed too. He has started being so much more quiet even though he is the kind of person who jokes a lot and is like a mood maker.
And last year, my studies were badly messed up.  My father is the kind of person who takes stress about everything. He takes so much tension. He is always so stressed and he always tells me that if I start studying properly, he is going to get better because he just cannot help it. He is so stressed about my studies and it's hurting him a lot how I cannot take my studies seriously.
In May, he was prescribed surgery for sinus. He did not get it done. He is still very much bothered by his sinus. He is taking his medicines and getting regular steam every day. Goes for frequent check-ups but I just cannot see how thin he is getting day by day. It's not normal, it's not okay. I can't see my dad like this.
I have considered posting something like this for so long. Right now, as I type this, I have to take breaks because I am crying so much. I cannot help but bawl my eyes out right now  seeing my father like this, physically unwell and depressed, it hurts me because he is such a simple person. He does not drink alcohol, isn't abusive at all, he doesn't consume fast foods, he's pure vegetarian, he does not like to go out, he is a religious person, and he has no addictions like tobacco or anything.
His job is also very demanding. He is an insurance agent and he has to be in the market all day. It's mentally and physically exhausting. 

And he's a person who gets stressed easily. 

—

If you have any advice on how I can do anything to make it better for him or if we should consult a professional, or anything please tell me :( I'm a single child my parents are all I have. 
And does his condition seem like depression ?",1,0,1753896383.0,mentalhealth,user_3415,False,True,2025-07-31T10:00:42.399803
1mdcpey,Is this Harm ocd?,"I think i have ocd and I am seemingly between themes. I don't know if this is ocd, or something else.  But lately I have urges to cause myself suffering, (self harm, dangerous situations, trying to induce mania, or suicidality) as I feel like anything I have felt or experienced in the past isn't valid or enought to warrant attention and I'm exaggerating it because I want attention. I have a feeling that I do everything for attention, and everything about me is fake. Maybe I've never suffered and there is nothing wrong with me except narcissism.",1,2,1753896300.0,mentalhealth,user_3416,True,True,2025-07-31T10:00:42.399803
1mdcon5,I’m too scared to take my medicine and it’s ruining my life,"I had a severe reaction to Celexa 8 years ago, it was the first and only ssri I took and it caused my first anxiety attack and made my anxiety worse.

The next 8 years following I’ve become extremely sensitive to OTC’s and other medsand my therapists instructions basically were to “get over it.” 

Any time I’ve tried to rip the bandaid off it and put trust in other meds they just make me sick.

I tried asking my psychiatrist for genetic testing and she said no.

I was prescribed 2.5mg of buspirone back in January. It’s August now. 

I hype myself up to take it the night before, then the next day comes and I can’t do it. I start crying and having a meltdown.

Right now I’m sitting here depressed because I probably will never take medicine. I can’t deal with more health problems and side effects. I want to get better but I’m tired.",1,1,1753896248.0,mentalhealth,user_3417,False,True,2025-07-31T10:00:42.399803
1mdceuj,how do i stop constantly dissociating?,i’ve had dissociation for quite a long time and i hate it. i feel it literally all the time. what can i do for it to stop? ,1,5,1753895635.0,mentalhealth,user_0993,False,True,2025-07-31T10:00:42.399803
1mdceka,loss of insurance for a schizoaffective,"So I lost my insurance through the state because I make a couple bucks too much now. So all of my medications are now out of reach because GoodRx doesnt work with most of them and same with the Mark Cuban site. 

  
any ideas on dealing with schizo affective disorder while not having my medications?",1,0,1753895619.0,mentalhealth,user_3418,False,True,2025-07-31T10:00:42.399803
1mdcci1,How to improve mindset?,"I’ve always had this mindset where I can’t wait to get to the end of what i’m doing and I understand that this is completely normal to an extent but I want to learn how to enjoy the hunt. This is for everything ranging from small errands to even working out which apparently is a great way to better your mind. Occasionally I’ll have a flash of motivation to go do what I wanted to do and THAT is what I want to cling on to. Why can’t that flash stay? Everything feels like a chore and I wish I had the skills to tame my mind like a “sit here and be quiet” kind of way.

Rant here but it’s both fascinating and annoying how complex the mind is. Just a couple months ago I’ve finally got rid of this brain fog and emotional numbness that’s been haunting me since covid. It was like having the mental drawbacks of sleep deprivation constantly. 

Sometimes I wish I can photosynthesize dude being hungry is so annoying sometimes. ",1,1,1753895495.0,mentalhealth,user_3419,False,True,2025-07-31T10:00:42.399803
1mdcca1,Are there any antidepressants that don’t cause weight gain?,"I’d imagine they have different effects on different people but I thought it was worth an ask before my appointment next week lol I’m also in the UK but I’m not sure if that changed anything TIA :)

If also like to point out that this question is not for malicious purpose just the fact I’m already ‘obese’ and do not wish to gain any more weight for the sake of my health!",1,1,1753895481.0,mentalhealth,user_3420,False,True,2025-07-31T10:00:42.399803
1md6824,I have a lot of thoughts in my mind,"Hi there, I have a lot of thoughts in my mind due to which I am not able to focus on my work properly. I was in stress since last few days. Is it due to stress? Today I heard a brain relaxing sound on youtube in morning and now I feel better? Can anyone please help me here? If anyone else has faced this earlier could you please help me…..",2,5,1753881097.0,mentalhealth,user_3421,False,True,2025-07-31T10:00:42.399803
1md65ys,App recommendation,"I'm looking for an app to track my mental health so it's easier to explain to my doctor about the extreme changes in my moods & routines, any recommendations would be very appreciated ",2,0,1753880941.0,mentalhealth,user_3422,False,True,2025-07-31T10:00:42.399803
1mdbmbc,"Sometimes I feel so content and optimistic and proud, and then...","Sometimes I feel so content and optimistic and proud. I feel grateful for how all the lowest moments ultimately helped me get here. I feel safe.  
  
And then, almost as if the trajectory of my mood were on a knife's edge, one small misstep, often invisible, and I slip into a void. There is a forcefield between me and the world. I collapse inwards on myself.

This knife's edge can make it hard to even desire a return to the good times. It's perhaps safer in the depths. There's more certainty here. But it too grows tiresome.

Eventually, I will make the much slower, longer journey back.

If this is you, I just wanted to say that I see you. I feel you.

Safe travels.",1,0,1753893854.0,mentalhealth,user_3423,False,True,2025-07-31T10:00:42.399803
1mdbm7e,My long time girlfriend of three years broke up with me and i’m hurting real bad. I need help on moving forward,"My ex-girlfriend of three years broke up with me three months ago. It’s been a rough, painful time since. I’m heartbroken, shattered, and deeply depressed. Even though we were technically broken up, we kept talking like a normal couple during those three months — and that gave me some comfort. But around 10–12 days ago, she decided to cut off all contact with me and start seeing someone else. That’s when everything collapsed for me.

I know I wasn’t the perfect boyfriend. I had — and still have — flaws. She repeatedly asked me to work on myself, and I was trying. Slowly, but genuinely. It just wasn’t fast enough. I wanted more time to become the man she needed.

I was selfish, lazy, ignorant — but never toxic or abusive. I want to make that clear. I loved her more than anything. Something I never thought I’d be capable of. Before she came into my life, I was a rough, emotionally distant person. I didn’t communicate well, I didn’t do the small things she loved, and I couldn’t afford the kind of dates or trips she deserved. I always told her that once I had a stable job, I’d make it all up to her. I just needed more time.

We’d already been through two rough patches, taken breaks, and patched things up in the past. But this time feels different. Final. I feel like it’s too late to ask for another chance — and even if I wanted to, I have no way to contact her anymore. And I don’t want to disturb her peace. She meant everything to me. We planned our future together.

I know I messed up. I didn’t mean to hurt her, but I still did. I tried to make up for my mistakes, tried to change. Before she blocked me, I sent her a final, heartfelt message — everything I had been holding in for the last three months. I told her I would always love her, and that if she ever wanted to try again, I’d be waiting. She left me on seen. And then she blocked me.

I don’t know how she reacted to the message. I don’t even know if she truly read it, or if it meant anything to her at all. That’s what hurts the most — knowing she’s no longer in my life and may have moved on from everything we shared. It’s unbearable.

I miss her voice. Her laugh. Her smile. Her hugs. I miss all the little things. I know I had good qualities she appreciated, and she had so many I adored.

My flaws were real. I didn’t do the little things that matter. I wasn’t there for her the way I should’ve been. I lacked emotional support and words when she needed them. I was lazy and closed off at times, because I didn’t know how to open up. I couldn’t afford to take her out because I was still studying and trying to make something of myself.

But I was trying. I really was. I just needed more time.

Now I don’t know how to move forward. The pain is constant. I keep reliving every memory — the good and the bad — every single day. Days and nights feel unbearable. I crave to hear her voice again, to hear her say she loves me, wants me back. But I know deep down it won’t happen.

Still, I can’t stop wishing it would.

I miss her more than words can say. And I just don’t know what to do anymore.",1,4,1753893846.0,mentalhealth,user_3424,False,True,2025-07-31T10:00:42.399803
1mdb0ww,I get overexcited in social settings and end up feeling drained and embarrassed.,"I 26F have noticed a pattern in social situations that’s starting to really affect how I feel about myself.

Whenever I’m in a group—especially around new people—I get *really* excited. I think part of it is wanting everyone to feel at ease, or maybe I’m just trying to fit in. But in the moment, I talk too loudly, laugh a little too hard, overshare personal stuff, or say things that feel a bit exaggerated. It’s not even intentional—it just sort of *happens*. I don’t realize it until later.

Afterwards, I feel super drained and replay everything I said. I end up cringing at myself, feeling like I talked too much or tried too hard to be liked. I start comparing myself to those people who seem effortlessly calm and composed—and then I feel... dumb. Like I lack that kind of quiet confidence.

It’s exhausting. I just want to feel grounded and be able to show up as myself—without the noise in my head or the regret that follows. If anyone’s been through something similar or has tips for managing this, I’d love to hear from you.

Thanks for reading.",1,0,1753892502.0,mentalhealth,user_3425,False,True,2025-07-31T10:00:42.399803
1mdazm6,There’s a lot on me ig?,Why do I feel so overwhelmed like I have a good life I got married a year ago and everything was good but now I’m constantly mad at everything sometimes I just wanna like disappear not kms or anything like run away so I can breathe it feels like so much is on me and I’m taking it out on people that don’t deserve it just a little back ground so it don’t seems like I’m just mad? I grew up in homeless shelters and mental hospitals I’ve struggled for years would this be part of depression or anxiety or something else I’m just so confused ,1,0,1753892422.0,mentalhealth,user_3426,False,True,2025-07-31T10:00:42.399803
1mdasv6,Lying to my therapist and parents,"I'm a 17yo guy who's medicated for depression, anxiety, and ADD. I got home from my therapist around an hour ago and I kinda wanted to get this off my chest and ask if something's wrong with me, on top of all the other stuff.

The long and short of it is that i lied to my therapist and parents about my symptoms improving. I don't take my meds because they haven't really worked. My symptoms haven't improved at all. I'm still anxious, I still overthink, I still wonder why the hell I exist, I'm still suicidal. if anything, I've been feeling worse lately. But I didn't want to tell my therapist or my parents and I think it's because I don't believe that I'm worth fussing over.

Maybe I'm just a bad and inconsiderate sociopath. I don't know. I'll probably be dead before I turn 18 so it probably doesn't matter.",1,5,1753891995.0,mentalhealth,user_3427,True,True,2025-07-31T10:00:42.399803
1mdaqmx,Whats happening with me,"Hello, I dont know if its correct sub to ask to, but id like to ask advice.
I feel weird for a few months now. It feels like nothing is real, its like i cant ""perceive"" reality. Everything is blurry and foggy. It feels like im not there, like im somewhere behind me. It feels like i do everything automatically(work, ride, sports etc.).
Sometimes i cant understand what i was asked about or when listening to songs, which i listened thousand of times, and know lyrics, but cant understand. I dont know what day of the week it is. I keep forgeting many important things(like i almost forgot about my sisters bithday). Time passes so fast i cant even notice how few hours could pass. 

Whats wrong with me?",1,4,1753891860.0,mentalhealth,user_3428,False,True,2025-07-31T10:00:42.399803
1mdafg1,Giving Cymbalta/Duloxetine a try,Any good/bad stories with your experience on this medication? I’m a little nervous! ,1,0,1753891174.0,mentalhealth,user_3429,False,True,2025-07-31T10:00:42.399803
1md4t6t,Am I weird?,"This is a bit of a weird addiction.. I like to eat my skin. Yeah.. I have been banned off a lot of chats for saying this then they ask…
Honestly I feel a bit insane I have just been looking for a community that I can trust.. any recommendations?",2,1,1753877195.0,mentalhealth,user_3430,False,True,2025-07-31T10:00:42.399803
1mda6o1,Help seeking treatment for fear of pregnancy ocd,"Does anyone have experience with ocd related to the fear of getting pregnant?
I’m unable to have sex with my lovely boyfriend :(
I’d love to hear how you got over it what steps to take ",1,0,1753890608.0,mentalhealth,user_3431,True,True,2025-07-31T10:00:42.399803
1mda536,An upcoming game that deals with the concept of Anxiety,"Hello Anxiety is a pixel art narrative puzzle RPG set in a surreal world shaped by mental health struggles. Navigate eerie bookstores, silent streets, and haunting memories as you explore the layers of anxiety and self-doubt in this emotional, story-driven experience.",1,0,1753890508.0,mentalhealth,user_3432,False,False,2025-07-31T10:00:42.399803
1md9s7p,Is running away bad?,"Read my story on reddit. For context

https://www.reddit.com/r/offmychest/comments/1loue42/my_mom_side_with_the_pedophle/?utm_source=share&utm_medium=mweb3x&utm_name=mweb3xcss&utm_term=1&utm_content=share_button

Upon experiencing all this things, i have made up my mind to leave this place and find my own peace. I want to cut ties with my family. No unnecessary drama or revenge. I just want to live in peace and heal my inner self.

However many people said i should report my parent to the police. They said, nothing good if i keep running away like this. I should face it. I should be brave. Im not afraid of reporting them. I felt guilty.

I know i shouldn't feel that. It wasn't my fault. But telling a kid who live her whole life with manipulation and constant guilt tripping.. to be brave and put this people in jail? I wish i has those strength to do so. But my heart felt really really heavy.. i don't want to do that.

Can't i just ran away? I just want to stop feeling hurt. They also says i might regret it if i didn't do anything.

I know i know and i know my parent is a criminal, i shouldn't felt indebt to them for raising me. But i don't know why i felt this way. I feel sick knowing i can't bring myself to report them. Something wrong with me. What do i do.. im lost. Very lost.

Is it.. really bad.. wanting to ran away from problem?",1,0,1753889685.0,mentalhealth,user_3433,False,True,2025-07-31T10:00:42.399803
1md4cjk,No cure here,No solution for self-hate. Nothing helps when you truly despise what consciousness is. All you do is suffer in silence because you're insufferable. Any and everything you do becomes overlooked and irrelevant due to what lies on the inside. It's not like im likable or here to be liked. I've run out of options..... All I can do is watch as everything decays as always. Is there beauty or joy in life? In some instances maybe depending on the perception. For me? I can only see what lies underneath all of the performing. And it's not something I can unsee to have me like anything about existence. So you telling me this goes on for an eternity? Sigh...... All of a means to no end........ ,2,4,1753875819.0,mentalhealth,user_3434,False,True,2025-07-31T10:00:42.399803
1md9774,Difficulties with psychiatrist,"Okay bit of a rant incoming

Three months ago I had a good two weeks in which I met the criteria for hypomania (sleeping max 3 hours a night without being tired, impulsive behaviour, constant annoyance and getting in arguments, a lot of creativity and wanting to take on everything at once and the last few days I also got delusions (which I've had happen before))

I first went to my gp with this because my psych is often unavailable but was able to reach my psych for an emergency appointment a week later and I told him that I suspect I might be bipolar and that I feel like my behaviour wasn't normal and I think it might be hypomania etc...
He replied that he is pretty sure it isn't because real hypomania lasts way longer and I wouldn't be aware that I'm experiencing it, he however did not say what else it might be and kind of just ignored it kind of? but prescribed meds anyways saying this is the first choice of medication for this anyways (seroquel 100mg XR and 25mg IR for sleep)
At my next appointment he only said to up my dosage for sleep to 50mg since I still wasn't sleeping more than like 5 hours a night.

That was two months ago and he hasn't even mentioned my meds again and I'm just tired of having to fight for my mental health over and over again because he seems to just ignore everything that I would think is the job of a psychiatrist.

I've been looking for a new psych for over 6 months but it seems impossible here in my country to find one and I'm just at my wits end and don't know what to do anymore",1,1,1753888352.0,mentalhealth,user_3435,False,True,2025-07-31T10:00:42.399803
1md96hu,"You've just had your intake session with a new mental health therapist. He's 20 years younger than you, has been out of grad school for only about 3 months, and has shared with you that he is a recovering addict. After a single visit, you're conflicted. Do you stay or go?","*This is a complex situation with a great deal of background that I'll likely omit for brevity's sake. Please, be patient and bear with me.*

I saw my latest therapist - let's call him Bailey (not his real name) - for the first time yesterday morning. The experience is still very fresh, and it's been weighing on my mind ever since. Overall, Bailey seemed a warm, welcoming, empathetic, and active listener with a genuine interest in helping me. Here's the rub. He is about 20 years younger than I, has been practicing for a very short time (think months, not years), and admitted to me during our intake session that he is a recovering alcoholic and drug addict.

I know. That's a lot. It shouldn't surprise you that I left our session with alarm bells blaring in my head and an assload of red flags.

My initial reaction is to cut bait and go. That Bailey is not a good fit. Possibly on his way to being a good, even great therapist, but he's simply not there yet and, right now, not for me. That we won't be able to make the connection that I need to progress on my mental health journey.

And then there's the part of me that's urging patience. Gently asking me to pump the brakes. Don't jump the gun, rush to conclusions, or make any rash decisions based on a single intake session. Young and inexperienced can be good. Different perspectives and all. Perhaps what I've framed as negative could be beneficial.

I'm leaning heavily in one direction, but I remain torn. Conflicted. Can this type of dynamic ever work? What are your experiences with this kind of situation? How can I expect to relate to a therapist like Bailey? To a person young enough to be my son. And, while I'm proud of him for addressing his issues with substance abuse, that's some serious baggage to bring along on this trip.

Thoughts?

**Some brief background on me.**

I'm a 51-year-old cisgender white male. I struggle with depression and anxiety and have for about 5 years, with a particular ramp-up following a pair of strokes I had when I was 47. I've been out of work for over two years now. A combination of mental and physical health issues, coupled with my age and a genuinely messed-up job market, is the reason for the lengthy unemployment.

My experience with the mental health profession has been spotty and inconsistent. I've seen three MHPs over as many years. A wide variety of ages, races, genders, and experience levels. Cis-gendered Hispanic female, 30s, cis-gendered white male, mid-50s, non-binary, black, late 20s. I won't go into further details for each therapist; suffice it to say that my average therapeutic relationship lasted about 3 sessions.

I'll admit it. I'm a bit of a mess. I've got past traumas that I've failed to process, some serious shit that has negatively impacted my life and my marriage, and continues to hold me hostage.

I'm talking childhood abuse, a history of co-dependency, and a sprinkling of addictive behavior, just to name a few. I'm utterly stuck, overwhelmed by a ridiculous and all-pervasive sense of dread and hopelessness, and I can't move on. I no longer feel like I belong in my country (the US), half of whose population has lost their damn minds. I become angry whenever I leave the house (which is rare), I have no friends, I'm estranged from my family...you see what I mean.

I know I need help. I'm still trying.",1,9,1753888307.0,mentalhealth,user_3436,False,True,2025-07-31T10:00:42.399803
1md8z30,What Is Inpatient Therapy Like?,"Someone suggested it to me because I need more help than I'm getting right now. I'm considering it, but I'm worried. I've never been to the psych ward or inpatient therapy. Probably should've, but🤷🏻‍♂️ Is inpatient therapy different from the psych ward?

My friend has been to the psych ward and she says they strip search you, and check on you while showering. I understand its for safety, not to be a creep, but regardless of the intentions that would be too uncomfortable for me. So is that only a psych ward thing or is inpatient the same? Idrk the difference.

But thats my main worry, and really the only thing keeping me from going. I would literally rather die right this second than be seen naked without my consent ever again. And I'm not generally suicidal at the moment, thats just how bad I don't want to be seen naked. I've been sexually abused and I know it would be triggering. If I go, it'll be to get better, not walk out with more traumatizing experiences to add to the list.

So, I would like to know how that works mainly, but I'd also appreciate any more information about it so I know what to expect. Like am I allowed to keep my phone? Wear my own clothes? Will I share a room? What food will I be given? (I have ARFID) How are they going to help me? I have selective mutism, will I get in trouble if I'm unable to speak when I'm supposed to? When my friend went to the psych ward she said they'd keep you longer if you didn't participate, which includes ""refusing"" to talk I guess. I'm also a trans guy, will that change anything? I'm 18, 8 months on T. Will I be allowed to take my weekly shot while I'm there? How long would I be there? Do I get to decide when I leave?

Sorry for all the questions, I'm really anxious.",1,0,1753887825.0,mentalhealth,user_3437,False,True,2025-07-31T10:00:42.399803
1md8otr,Do I experience dissociation?,"Hello, I am 30 years old and I have been diagnosed with schizophrenia since my teens when I was 15 years old. At first, I had a major psychotic episode and this was the time when I got diagnosed with schizophrenia. Later on, I healed from it and it never reoccurred again. I am now 30 in the way I already mentioned and I am dealing with constant anxiety. My mind is constantly racing and I am not capable to stop it from racing.

So I have these moments when I zone out, I imagine how someone is talking to me or driving me nervous or saying something mean to me and then I get extremely angry and I reply out loud. Sometimes I get so angry I continue fighting with the person and talking for hours. However, I don't think this is really a hallucination because I don't see the people who are talking to me in the room. I just zone out and then I see them and that's when I get angry and I reply back.

 I also have this bad habit to listen to music and completely check out from reality and then just walk around the room pacing. From what I understand so far, I have severe anxiety and I also have these intrusive mental images like unwanted interactions but they don't seem to be hallucinations.

 If they aren't hallucinations, are they considered dissociation or intrusive thoughts or what are they? I spent a really long time trying to figure this out on my own and I am not capable to figure out what are they and why they are occurring.

",1,0,1753887165.0,mentalhealth,user_3438,False,True,2025-07-31T10:00:42.399803
1md8kp6,I don't know what is wrong with me,I have short periods of time where i can't physically speak at all and it happens at the most random times and without any reason and it feels so awful not being able to talk to friends and family and therefore making them feel like I'm avoiding them on purpose. And for some reason those short periods of time have been getting more frequent. I really don't know what this is and it is so scary too sometimes for some reason...,1,0,1753886894.0,mentalhealth,user_3439,False,True,2025-07-31T10:00:42.399803
1md2wsa,"How do you cope with the feeling of guilt from being depressed even though other people tell you that ""there is nothing to be sad about in your life""?","For the record, I keep my depression and anxiety a secret from people. However, whenever I hear someone tell me that I have a good thing going, I cannot help but feel guilty for being depressed... to the point that I feel I am just overreacting sometimes and I'm really not depressed.

I've tried not taking my meds just to see if I can survive without it, and if I'm really not sick (I understand this is wrong, but I was in a bad state), and ended up suffering from a depressive episode.

How do you deal with the guilt? I know I have a lot to be grateful for but I just can't help the feeling. Thank you.",2,3,1753871019.0,mentalhealth,user_3440,False,True,2025-07-31T10:00:42.399803
1md7eut,Clarity Reset – 30-Day Mental Focus Printable,"Hey, I made a printable journaling tool for people who overthink and feel mentally scattered.

It’s a 30-day system (affirmations + prompts + reset actions) called Clarity Reset.  

Simple layout, minimalist design. Just one page per day.  

PDF download. Might help someone here.

If anyone’s curious, I can share the link in a reply",1,0,1753884126.0,mentalhealth,user_3441,False,True,2025-07-31T10:00:42.399803
1md781m,Any advice on feeling empathy better?,"It’s an odd question, but it’s something I need help with. I find it difficult to “connect” with people when it comes to their problems, feelings, etc. I’m not narcissistic or anything, I just don’t believe I should care about someone’s life when I have my own feelings and problems. I’ve been this way since I was a child. Even if I imagine myself in their shoes, I don’t really feel sympathy because someone out there probably has it worse. And the issue/feeling will probably pass. This doesn’t apply to just friends, it applies to family as well. 

How can I start caring more? ",1,0,1753883662.0,mentalhealth,user_2719,False,True,2025-07-31T10:00:42.399803
1md6zow,I made a free ebook about how to quit your phone addiction and the science of why this is more accurate than ever before,For the people who are interested: [https://docs.google.com/document/d/179xpAVFmdKIWwWIg3CKQ4p84sBkndr\_wUESmBX0oR-k/edit?pli=1&tab=t.0](https://docs.google.com/document/d/179xpAVFmdKIWwWIg3CKQ4p84sBkndr_wUESmBX0oR-k/edit?pli=1&tab=t.0) ,1,0,1753883080.0,mentalhealth,user_3442,False,True,2025-07-31T10:00:42.399803
1md6ut8,asking about my mother’s behaviour,"I’ve never written on here but I’d like to receive some advice. my mom is a very good mom but sometimes she has some behaviours that it’s likely for them to be related to some disorders. so she’s not from the country I was born in but she’s been living here since I was born (I’m 20) but she doesn’t really interact a lot. my dad works abroad often and when he comes home he’s not very talkative (he’s just a pretty introverted person in my opinion). my mom on the other hand is the opposite; and I’m extroverted as well but I also enjoy staying at home, videocalling some friends and stuff like that. I have some shared interests with my mom as well. the thing is that I feel like my mom feels like she’s always right. she thinks she knows everyone better than they all know themselves. if you tell her something she said has hurt / offended you she starts saying ‘oh so I’m a bad person’ and stuff like that, making it about herself. she has panic attacks in some contexts. she doesn’t want to get help because she says she ‘doesn’t have to tell her life to anyone’. 
now for example she keeps obsessing about the fact that I don’t go out often or at night that much like she did at my age. personally, I am completely healthy staying at home the same way I am going out. my friends don’t go out often but they’re fine. I feel like she kind of want to get in my social circle acting like a cool mom but it’s not my fault if she didn’t manage to make connections here. I’m allowed to live my life like I want as long as I feel content. like I go out for normal outings with my friends, I also stay at home and often videocall these other friends of mine. sometimes she just brings up the fact that ‘I’m going to develop agoraphobia’ and things like those and everytime she’s worried about something she has to project it on me. and I never really cared until today that I had an outburst. she’s just making me scared and lately I’ve been a bit more vulnerable than I usually am (even though I’m better now). I tried telling her that the only thing that is going to make me develop something is going to be her constant projection (if I believe whay she says) and she started saying ‘oh so I am the problem’ instead of acknowledging that she keeps pushing things that don’t make other comfortable. I am tired of her criticising everything everyone else does unless it’s not done her way / when she wants it. I’m tired of her projecting her fears regardless of what I tell her. she now is convinced that it hurts me not to be in a relationship (?????) just because she said today that I’m going to be alone in my 40s if I keep going like this and I was crying when responding (I’ve already been in relationships, I have no problem staying single). all like this. once she threatened me to leave the house, packing her bag and all 💀 which felt ridiculous to me. I usually ignore what she says but lately it’s been too much to handle because it’s hard to even try to speak to someone who isn’t willing to get better, recognise her issues or ask for help. I want to know if I objectively have some behaviour or mindset to change or myself and how to deal with her as well because I doubt she’s going to accept that she has issues (because I think she, in fact, does have some)",1,0,1753882731.0,mentalhealth,user_3443,False,True,2025-07-31T10:00:42.399803
1md6ptj,Excoriation Disorder,"Hey everyone. 

I'm posting here because I'm lying in bed and cannot sleep with my thoughts racing and I'm trying to avoid getting more blood on my sheets from picking at my thighs.

I'm so unbelievably desperate for a way to stop my skin picking. 

My whole lower body—thighs, butt, legs, stomach even—is COVERED in scars from years of picking until I bleed and then continuing to pick the scab that forms and so on. In recent months I've also gotten worse on my arms and now my face and I don't know what to do. 

I'm in therapy, I am on venlafaxine for anxiety and depression, I've tried fidget tools and stress balls and nothing works because it's so automatic but also nothing has the same addictive effect on my brain. 

I'm so embarrassed by my body and I hate it so much and I just don't know how to stop or what to do. If anyone knows how to help me, please give me an idea.",1,0,1753882377.0,mentalhealth,user_3444,False,True,2025-07-31T10:00:42.399803
1md6mhy,I am emotionally unstable and I cant seem to escape it,"If you are reading this, thank you so much for taking the time out of your day.

Im emotionally unstable and I just want it to stop

Every day feels like a challenge. My long term partner and best friend broke up with me months ago and I am not healing, I feel like im progressively getting worse. My nervous system is on the fritz, random twitches or jerks, random crying fits i have to try to stop because it happens in public sometimes. I have had increasing moments of suicidal ideation. I just want it all to stop, I feel like im being punished. Punished for every choice I ever made in life. I want my life back, everything was perfect.. i had everything I ever wanted, and now here I am, feeling likey life isnt even worth living. Crying and trying to do anything it takes to feel ok.. drugs, drinking, nicotine. Im putting a zynnecin my mouth one after another trying to stabilize. I feel like im being eaten alive from the inside out, a hollow shell of the happy abd friendly person I used to be. I want my partner.. I want to be held, this is too much. Please help me",1,6,1753882143.0,mentalhealth,user_3445,True,True,2025-07-31T10:00:42.399803
1md6heu,Charlie Health,"I was told by my HCP that DBT would be best for me, and that’s why CBT (which i was in for years) wasn’t effective. During my 1-1 therapy session with Charlie health, the therapist said she was going to use cbt. I guess I’m wondering if the DBT portion of Charlie health is only during group therapy? If anyone works for them or was a part of Charlie health, some guidance would be great. ",1,0,1753881773.0,mentalhealth,user_3446,False,True,2025-07-31T10:00:42.400803
1md6e42,Emotional whiplash…what could be causing this?,"Hi all. I’m posting here because I feel like I’m constantly battling my own nervous system, and I’m desperate for insight from people who’ve been through it.

I have a trauma history (including workplace trauma from a narcissistic boss that really did a number on me), the trauma lasted for about a year. I have now been out of this workplace for a few months. I’ve now noticed over the past few weeks that my emotional state can flip dramatically from one day to the next. One day I’ll feel calm, connected, and even optimistic, and the next I’m sobbing to the point of nausea, completely disoriented, like someone swapped my brain overnight. I feel emotionally numb, and overall very, very down. I’ve started tracking this more closely, but it’s destabilizing and really messing with my ability to trust myself. I am wondering if this is CPTSD related? 

I recently added L-theanine as a calming supplement, and since then, these depressive waves and meltdowns have gotten worse. I’ve paused it now to see if it’s the culprit. I also take magnesium glycinate and Buspar. I can’t tolerate SSRIs (they tank my gut), and Wellbutrin gave me blood pressure headaches and insane muscle tension. I suspect I’m very sensitive to anything that increases norepinephrine. Stimulants are also a no-go, they killed my appetite, and I am already a petite person so I can't risk losing any weight.

I’ve had reactions to other natural things too... Rhodiola gave me heart palpitations, and my acupuncturist warned me that Lion’s Mane might be too activating for my system. Even when something is supposed to be “calming,” I often feel emotionally flatlined or shut down, like my brain has been power-washed of all spark.

Perhaps I should mention that I am in a season of loneliness and struggling to find strong friendships and I am experiencing lots of rejection in the dating world it seems like. I was chronically left out in my adolescence, and I think it may be triggering me quite a bit as an adult. I don't think I am experiencing rejection sensitivity dysphoria. I just think I am responding to how it feels to be/feel very alone.

I was in therapy, I stopped about a month ago. I felt defeated that despite my best efforts, I still felt the same because nothing can really erase the workplace abuse, and nothing can ""make"" people want to be friends with me, include me, etc. I really do want to just experience peace and happiness on my own, I do believe and know that that's the answer. Though I also believe it is human to want to have connections with others.

I just want to feel regulated. Like myself again. I’m trying to rebuild after years of chronic stress and survival mode, but it feels like my nervous system is stuck between freeze and panic and I can’t catch a break.

If anyone here has experienced this kind of emotional whiplash, supplement sensitivity, or that terrifying sense of “I don’t feel like myself today and I don’t know why”… I would love to hear what helped you.

Thank you for reading.
",1,0,1753881537.0,mentalhealth,user_3447,False,True,2025-07-31T10:00:42.400803
1md6867,Work anxiety,"I have been where I am for a few months at a law firm at the front deck. I keep doing stupid things and we told pretty much I need to stop but the thing is I’m trying and think maybe I can’t even do a job like this which is like an easy job so how will I do anything.
I’m On edge the whole time like if my manager walks in the room or even just hearing his voice I freak out. Making stupid mistakes and getting in trouble, besides slowing down and not feeling bad for asking questions. How do I lower my anxiety because it is horrible to feel this way everyday. Feeling like crying for no reason, crying in the car when I make a mistake. 
And I know myself enough to know the only way of this out is though. This is not my first job I’m 24 and I worked at a clothing store since 17 with no problems.  Am I just not cut out for the working world",1,0,1753881106.0,mentalhealth,user_3448,False,True,2025-07-31T10:00:42.400803
1md5z05,"No desire to live, working a dead end job, lots of debt, no gf, with no energy or hope of the future","I tried all kinds of therapy and medications and none of the bullshit works. I just want to end it all. fuck, i dont know what else I can do. bullshit degree, working at a shitty retail job. dont have any friends or girlfriend. I dont know if i can handle it.",1,2,1753880442.0,mentalhealth,user_0863,True,True,2025-07-31T10:00:42.400803
1md1eiw,My mom found out that I self harmed again. What should I do?,"I was in recovery for a few months after a bad incident with self harm. My parents took me to a psychiatrist, and I was prescribed meds. For a while, I forced myself to recover. But soon enough, it got bad again. My schoolworks piled up because I just didn’t have the energy to do them. It caused me to turn to self harm again. 

I got caught because I accidentally left bloodstains on my bedsheets, and she saw them. What should I do? ",2,2,1753865367.0,mentalhealth,user_3449,True,True,2025-07-31T10:00:42.400803
1md5b43,Do Recovery Scores Really Reflect How We Feel? Looking for Better Ways to Track Mental Well-Being.,"Hey everyone,

I’ve been using fitness trackers like Whoop to monitor my sleep and recovery, but sometimes the numbers don’t seem to match how I actually feel mentally. A “good recovery” score doesn’t always mean I feel refreshed, and the sleep data doesn’t always line up with how tired or energized I am.

What if there was a **habit tracker or logbook** that could help me better understand the connection between my mental well-being, sleep, daily habits, and how I’m truly feeling? Instead of focusing only on recovery scores, I want to have a tool that lets me reflect on my day—what I ate, how much I moved, how I felt—and see how all these things are affecting my mental health.

I’m working on creating this kind of app and would love to hear your thoughts on it:

* How do you currently track your mental health or habits?
* What features would be most helpful in an app that helps track habits and their impact on mental health?
* How do you currently assess whether you’re improving in terms of mental well-being?

I’m just trying to build something that helps us reflect on our mental health in a way that’s more in tune with how we truly feel. Your feedback would mean a lot!

Thanks for reading, and I hope you’re all taking good care of yourselves today.",1,0,1753878625.0,mentalhealth,user_3450,False,True,2025-07-31T10:00:42.400803
1md598b,Everything freaks me out,idk what it is nowadays but whenever I go anywhere everything makes my brain spin and I start freaking the f out. I get panic attacks all the time and increasing or changing medication does literally nothing. I sometimes wonder if anything is in them. The only time I feel normal is when I’m playing piano or getting drunk. I also suffer from gerd so I can get asthma like issues at anytime which has now caused an ocd effect. idk what to do really. I was in a meeting today and started having a panic attack and while one part of my brain was telling me to get up and leave quickly the other part was telling me I can’t leave because it’s a normal social situation. I get sensations when I sleep like my soul is assending and zaps all sorts of stuff. I never feel cozy while trying to sleep. my pupils are always massive to the point I look like I’m on speed.,1,0,1753878475.0,mentalhealth,user_3451,False,True,2025-07-31T10:00:42.400803
1md4zo1,"Even after having a productive day, I don’t feel Grateful.","
I don’t know if anyone else feels this way, but no matter how much I get done in a day, I still can’t feel grateful or content about it. 

I know I’ve come a long way compared to where I was before, yet whenever I try to slow down or take a little time for myself, I feel this huge wave of guilt, like I don’t “deserve” to rest.

It’s exhausting because I’m doing all the “right” things – staying productive, ticking off tasks, but instead of feeling happy or grateful, I just feel… empty or guilty. 

Has anyone else experienced this? How do you deal with it?
",1,0,1753877723.0,mentalhealth,user_3452,False,True,2025-07-31T10:00:42.400803
1md4zdj,My roommate self harms and I have a question.,She suffers from both BPD and bipolar. I've been saving up to move us into a new apartment so she has a better environment to help her heal. The current one is where she attempted and nothing anyone in her life does helps in any way. She cuts herself with a box cutter fairly often and I really want to get rid of it but don't know if that'd make it worse for her. She's spent time in the mental hospital and has explicitly stated that she's not going back due to the lack of proper help. Anything you can advise I'll take heed to. TIA! ,1,5,1753877701.0,mentalhealth,user_3453,True,True,2025-07-31T10:00:42.400803
1md4nar,I can’t cry when I’m sad - everything stays stuck inside and it’s getting worse,"I’ve been dealing with something that feels like it's slowly eating away at me. I can cry when I’m angry (especially when I’m overwhelmed with rage), but I can’t cry when I’m sad - not even in the most painful moments. It’s like my body blocks it, and the emotion just builds up with no release.

For some context: I grew up with very strict parents who punished emotional expression. Crying or showing feelings wasn’t just discouraged - it got me physically hurt. If I cried or had an emotional meltdown, I’d be met with things like “Don’t be so fragile” or “Are you from sugar?” and often a slap or full-force punch in the face. I learned very young that expressing emotion = danger.

Now, even as an adult, when something truly devastating happens - like losing a loved one (which has happened multiple times) - I feel the grief building up inside, but the tears just don’t come. I *want* to cry, I *need* to cry, but it’s like the mechanism is broken.

To cope, I usually throw myself into work and busyness. I turn into a workaholic because it's the only way to survive the emotional pressure. But on my days off, without the distraction, I completely shut down. I can’t get out of bed. I just lie there, frozen with everything I’m holding in.

Sometimes, when emotions are too strong, I hit myself - not just slaps, but full-power punches to the face. It gives me a strange sense of release, like it redirects the emotional energy. I know it’s not healthy. In my teens, I used to scratch or cut myself (never deeply), and while I’ve stopped that, this has become a new way of coping.

I know I need help. But I’m a student living on my own, and I can’t afford therapy. My parents are mostly out of my life now, but not completely. I’ve chosen to limit contact rather than cut them off entirely, for reasons I can’t fully explain - I’m just not ready or willing to do that.

I guess I’m writing this because I don’t know what else to do. I feel broken in a way that’s hard to put into words. Has anyone experienced something similar? Is there even a name for this? What helped you start healing?

Any advice, support, or even just knowing I’m not alone would mean a lot right now.",1,1,1753876727.0,mentalhealth,user_3454,True,True,2025-07-31T10:00:42.400803
1md4lq2,Feeling nervous but determined,"OK, so I need advice from a couple of people OK so tomorrow I go to the doctor to go get a check up I haven’t had a checkup in years. I am really nervous about tomorrow because I want to discuss with the doctor about my alcohol abuse the way my relationship is with alcohol and how alcohol has ruined my life for over a decade. I’m 29 years old Miami dade male and I’m scared of what the doctor is going to tell me because this health anxiety is really kicking my ass. I also wanna be really open about my Xanax use and I wanna tell him to refer me to a specialist please any advice would be helpful for tomorrow 😭mind you I haven’t been to the doctors in years just to ER because either I ran out of Xanax or I have a really severe hangover from over drinking. PLEASE HELP ",1,0,1753876589.0,mentalhealth,user_1279,False,True,2025-07-31T10:00:42.400803
1md4jhc,Facing an unexpected invitation when feeling alone,"Someone recently reached out to me to suggest a small meetup just to talk outside. It’s quite unusual for me since I don’t rlly have friends and I haven’t spoken to anyone socially in years.

On one hand, I don’t feel like accepting. I’ve been feeling pretty low lately and I’ve never really had much interest in talking to people. But on the other hand, this is the first time this person has invited me, and I don’t know how to say no. I’ve never rlly said no to anyone before.

Ever since I got the message, I’ve felt a heaviness in my chest. I honestly feel like I’m in total panic. I don’t know how to respond or what decision to make, and it’s really weighing on me.",1,0,1753876401.0,mentalhealth,user_3227,False,True,2025-07-31T10:00:42.400803
1md4e6p,I love the thought of healing.,"I don’t have any friends and that’s okay because I wanna improve myself enough to be worthy of someone’s friendship. I don’t wanna hurt them or isolate myself from them because of me. they don’t deserve that and neither do I. I don’t get good grades and whilst that shi sucks, I can use this time to improve myself academic wise and in other aspect of my life. I recently found youtubers who I relate to (e.g. Madeline argy.) and I recommend her if you have anxiety or ocd. I can’t wait to become more independent and dependent on myself and spend time learning. People at school spread rumours about me but who cares  rumours or not? they’re fake and even if some are true (I doubt it) thats embarrassing for them. ""The one who can anger you, controls you."" remember this. ""Don't lose your good character and conduct because someone else loses theirs."" they waste their time. we can do this :)",1,0,1753875963.0,mentalhealth,user_3455,False,True,2025-07-31T10:00:42.400803
1md4apq,Moving forward,"This year didn’t start very well with a 3 year relationship breakdown (on her half) whilst I was possibly about to lose my job and not having a place to work on my cars (hobbie). All I wanted was her to be by my side again, I tried dating apps to try and mask the feeling, it made things worse, felt unloved and like a failure. I have since come off all those apps, less time on social media and focusing on myself. I have taken myself out for food to places I wanted to go and I’ve just booked a short city break and looking for a new job! It was a rough few months but I’m feeling much better.",1,0,1753875658.0,mentalhealth,user_3456,False,True,2025-07-31T10:00:42.400803
1md45jh,I’m so sorry for everything I’ve done,"My head hurts from crying so much because of what happened months ago. I kept passing up on saying goodbye to my friend and giving her a hug but I never felt like I deserved it. I feel horrible for hurting people, which is why I keep trying to ignore my emotions since all they seem to do is make people upset. But I can’t let go and live because it felt like something I needed to heal but being selfish rubs me the wrong way. What is wrong with me for feeling like this? Why am I so emotional and why do I also hold myself back emotionally from showing affection to that one friend who was the only person I felt comfortable around. I don’t even know why I cry, when I know I shouldn’t think much of it and move on with my life but I just can’t seem to when I’m isolated 24/7.",1,1,1753875193.0,mentalhealth,user_3457,False,True,2025-07-31T10:00:42.400803
1md3s84,Life feels so heavy right now and I don’t know what to do..,"Recently I’ve been going through a lot of stuff in my life and it is starting to really bring me down. I’m in need of suggestions and tips on how to calm anxiety and any suggestions of what to do to help clear my mind.. 

I feel like I’m drowning and I don’t know how to help myself and I feel so alone… and I feel like I could brake at any moment :( 
",1,1,1753874003.0,mentalhealth,user_3458,False,True,2025-07-31T10:00:42.400803
1md3eoz,"Legalism is ruining my life, my faith, and my mental health","I've been visiting Christian forums and subreddits (both in English and my native language) for months and have noticed how the vast majority of Christians online are extremely legalistic and fundamentalist. As a believer who grew up in a Christian environment, I've never had problems with people like that in real life. The Christians around me have never criticized me for wearing pants as a woman, they've never told me to stop listening to secular music or having hobbies like a normal person. They've never forced me to live like an ascetic nun. My family (also believers) support my choices and my passion for art and creativity.

However, ""Christian"" online communities are the complete opposite. They tell you how to dress, how to think, what you should like or dislike... they control you as if you were their puppet. Worst of all, they speak in the name of God. If you don't agree with them, ""you're against God."" If they make you feel guilty, ""it's your conscience speaking, obey your feelings of guilt."" They literally believe that EVERYTHING is sinful and expect you to live disconnected from the world, just like them.

As a person with confidence and self-confidence issues, I find these people's ""advice"" very damaging. They tell you that having self-esteem is a sin, that trusting yourself is a sin, etc. I can no longer listen to or read any positive advice for my low self-esteem without being reminded of these toxic people. It's as if they're preventing me from growing.

They also hate creativity. They say you can't listen to non-Christian music, nor can you listen to Christian music in genres and rhythms ""that you like."" They don't want you to appreciate music. They don't want you to appreciate art. And as a creative person, I interpret that message as ""being creative is bad.""

They're also very paranoid about worldly things. They believe that everything non-Christian is ""of the enemy."" They have a very black-and-white, grayscale mentality. They don't want you to watch movies, read literature, or play video games. They don't want you to have hobbies because ""the Bible says to hate the things of the world."" I feel like I'm being forced to live like a Tibetan monk on top of a mountain.

All of this affects me and is driving me crazy. I can't watch movies without thinking about those people, I can't enjoy any kind of music (not even instrumental) without thinking about those people, I can't draw or write stories and comics ""because entertainment takes you away from God, and you're creating entertainment to take others away from God,"" I can't receive self-help advice because ""the enemy wants you to believe in yourself."" Visiting these online communities hasn't improved my faith; it's worsened it. I feel my sanity slipping away as I strongly suspect I'm starting to develop OCD symptoms.

And no, I'm not going to stop believing in God just because those people exist. I just want those people to stop doing so much harm to so many Christians who just want to live a normal life, with hobbies, dreams, and goals, and who aren't interested in becoming monks.
",1,4,1753872796.0,mentalhealth,user_3459,False,True,2025-07-31T10:00:42.400803
1md33jb,"When everything is too effed up, how do you not think about ending?","A lot of problems. Too many problems. Its at stage where I just want to quit. But I won't. But it's too much. Can't tell anyone, I spoke about few problems to someone I trusted and they spread it. I thought my trust issue was a problem but it seems like I can't trust anyone. I am really tired. I am done with this ""it's going to be ok"" shit. Entire life is a misery. Give me some honest talk. ",1,4,1753871690.0,mentalhealth,user_3460,True,True,2025-07-31T10:00:42.400803
1md2yvb,Seeking Insight: Autism vs. OCD vs. Anxiety vs. ADHD - Struggling to Differentiate Symptoms,"Hey everyone, I’m currently diagnosed with Autism and severe social anxiety & (GAD) My psychologist strongly suspects I might also have ADHD and OCD, and I’m on a waitlist for a formal evaluation with a psychiatrist. In the meantime, I’d really appreciate some help in understanding these conditions better, especially differentiating OCD symptoms from anxiety and Autism, as well as ADHD if possible.

I’ve been diagnosed with severe social anxiety and GAD since I was 3, so I often find myself wondering, “Is this OCD, or is it just anxiety?” A lot of the symptoms of OCD seem similar to what I experience with Autism and anxiety, and I’m struggling to figure out what’s what.

If anyone here has experience with Autism + OCD, ADHD + OCD, or even anxiety vs. OCD, I’d love to hear your insights. I just want to be more prepared for my psychiatrist appointment and better understand my symptoms.

Thanks so much for any advice or perspectives! :)",1,6,1753871232.0,mentalhealth,user_3461,False,True,2025-07-31T10:00:42.400803
1md2u1n,I think I weird people out.,"(25M) Oh man am I in a dark place. So I’ve been solo traveling for 6 months. 3 completely on my own then 3 with my brother. After me and my brother said good bye in India I came to Sri Lanka alone once again. I’m usually pretty relaxed and chill, good at conversations at the hostel but in Sri Lanka I’ve found it incredibly tough to get the ball rolling with anyone, I’ve made a few friends here and there, always short lived. but I find it extremely hard to break the ice with groups, because they already have there dynamics or all speak the same language or solo traveling girls because I don’t want them to think I’m creepy or hitting on them. I don’t really approach girls back home for the same reason. I had a nice conversation with a few girls at some parties but they always leave or move on (maybe I’m boring them)  I don’t usually have this much anxiety but it’s getting worse, I feel like everytime I approach someone, male or female the words I’m saying aren’t even mine anymore, I mean what I say and I’m honest but it sounds awkward to me. It’s like I’m outside of myself looking in. I’m starting to think very negative things about myself on a loop and it seems to be getting worse. Not sure if this makes any sense or if anyone can relate. I’m spiraling a little, any advice?",1,0,1753870744.0,mentalhealth,user_3462,False,True,2025-07-31T10:00:42.400803
1md2t8y,"18M Constant verbal abuse from parents, anxiety & depression building up","I’m 17. Since childhood, my parents (whenever) they fought with each other and threw all their anger and frustration on me, screaming, insults, verbal abuse, threats, and complete mental neglect.

I have a small sister, but they don't vent anything on her because she's too small. Everything lands on me.

Because of this, I've had headaches, anxiety, overthinking, and what feels like slow depression. I'm not even allowed to say ""I'm tired"" without being taunted. They make me feel worthless every day.

Now I'm going to university soon, and they said they'll come live with me after some time, even there.

I feel suffocated. I want to live my life. But I don’t earn money yet, and I’m still a minor. I feel trapped.

I don’t want to take any extreme steps, but this has been going on for years, and it’s killing me inside.

If you’ve been through this, please tell me what I can do.

Thank you.",1,0,1753870663.0,mentalhealth,user_3463,False,True,2025-07-31T10:00:42.400803
1md2n1i,"Unable to understand myself. Feeling stuck and lost in life, in love, in confidence, in everything","Idk what I going on with my mind. It keeps getting harder each day, negetive thoughts keep getting more and more. Idk why am I scared for myself and unable to do anything. Lost the girl I fell I love with that affected me so much along with everything else. I haven't been able to work for last 4-5 years. Had been in severe depression post covid and thought I lost everything my life and gave up all hopes. Was just passing my time. Then I started to get a little better atleast mentally. But I wasn't earning anything. I wanted to do something but I couldn't. Would alway think negatively as soon as something I should be doing. Idk why has my thoughts become like this. And then I distract myself with other things a movie or something else something random. I know I was smarter before and now I feel like my brain has become slower as well. While I want to earn respect for myself and money for myself, Idk why I am unable to do it I keep wasting time even when I know I shouldn't and it's eating me up from inside 24x7. I feel useless and scared all the time. People say start small do something small and I know they are right but I don't how to explain how hard it has become to do something small as well. I don't know what to do. As if in my mind I know I should be running towards working for something for myself but I feel my body is chained down and it hurts a lot. It's really hard to explain this. As if I have min stop brain fog. I feel like I want to escape from this world. Run away somewhere else. but at the same time somewhere I also want to fight for myself. I know this is contradictory but my feelings and thoughts have been jumping up and down for such a long time. Even for small decisions of day to day life to big decisions. Even deciding to watch something I would feel I want to watch an episode or something and in the middle of it I would feel heavy thinking what the hell am I doing with myself watching this shit and wasting my time.

I feel like a failure

I wish I could explain it better ",1,0,1753870037.0,mentalhealth,user_3229,False,True,2025-07-31T10:00:42.400803
1md2lyf,How do I get murderous ideas out of my head,"About maybe a year ago I started getting ideas of killing my own family. Not quite sure why, they aren’t neglectful or abusive, but every time I see them the thought keeps flooding my mind. I initially just suspected that it’s biologically normal to feel this way, but after making a post about it earlier I’ve since learned that it’s apparently not. It started off as a mild intrusive thought but now every time I see them all I can think about is putting a blade into their neck. I can’t get the idea out of my head and I fear it will drive me to insanity very soon. Why am I thinking of such odd things and how do I get them to stop? ",1,0,1753869932.0,mentalhealth,user_1708,True,True,2025-07-31T10:00:42.400803
1md2dyd,"I have no inspiration, no ideas and nothing excites me.","I am a huge gamer and with the sequel of my favorite game been released recently, I was eager to play it. But the layout and graphics are really dyslexia unfriendly and I have autism too which doesn’t help. I keep posting about it on Reddit and YouTube and Steam but people keep telling me that I’m wrong, my opinion doesn’t matter etc. Even with the original, I have so many ideas but they are only achievable with the engine of the second game, which I physically cannot play. Paired with anger issues, it usually redultd in broken furniture. I just cannot do this to myself anymore. I am at a breaking point because of the way the community has treated me and not being accepting of my mental issues.",1,0,1753869140.0,mentalhealth,user_3464,False,True,2025-07-31T10:00:42.400803
1md1nnj,Where to go?,"I’m just so apathetic to everything in my life lately and I just don’t know where to start to get better. I just can’t fucking care about what happens anymore. I don’t feel motivated to do anymore and I don’t look forwards to anything. I just wake up and live an aimless existence trying to find some sense of purpose in my life.  I used to be really depressed and down but now I just can’t even give a shit. It just feels like no matter what I do, where I go, or what I think, I just always end up back on my ass and I just don’t even care to try to get back up anymore. I just waited an hour on the crisis hotline and I just got a bot telling me to wait, and I just don’t know where else to head. I’ve tried talking to friends and family but I either just get shit advice or I don’t want to add stuff on other people’s plates. I wanna get better but I can barely fucking motivate myself to wake up anymore. I just don’t know where to head for help. I can’t afford therapy and I don’t have any close people I can talk to. I’m just lost and my existence feels so pointless.",1,2,1753866359.0,mentalhealth,user_3465,False,True,2025-07-31T10:00:42.400803
1md1nn8,"I cannot stand being alone, is there something I can do?","Sorry if my grammar is a bit wonky English isn’t my first language.

I’ve lived alone for most of the past three years now after moving out of my childhood home at 16. I’ve never been good at being alone though. As a child when I was home alone I would panic when I didn’t have the radio playing in the backround and nowdays I cannot be alone without a video or a movie or something playing near me. As soon as it’s silent I start panicing and if I’m already feeling sad or anxious I will start crying from some primal fear immideatly. 
It’s really inconvenient and weighs heavily on me as I do not want to be at home at all and all the time I spend here I’m in a slight panic. I have talked to mental health professionals but as there are so little psychologists in my country none of them are accepting new patients, pretty much only people who have actually tried to take their own life can get an appointment so there is no way for me to get help from there. Is there anything I can do to help me feel more at ease when I’m home alone? 
I cannot really find a roommate as my flat is very tiny and also I’m so deeply traumatised from living with my mother that when I tried briefly living together with a friend I stopped showering and taking care of myself completely and almost didn’t eat at all because I just couldn’t bring myself to. 
I really need help I’m exhausted from panicking all the time and I just want to be able to relax while I’m alone as this is how I spend most of my days.",1,3,1753866358.0,mentalhealth,user_3466,False,True,2025-07-31T10:00:42.400803
1md1dp7,"Anxiety symptoms, own experiences","I have submitted this to the GP!!
Just asking for other people’s thoughts 

I Increased to 75mg 13 days ago 
 I Instantly feel hot & sweaty once I’ve taken my dose at 9am 
Didn’t feel this on 50mg 
Am I taking too much? Do I push through another week ? 
Am I taking it at Wrong time of day? Should I take it at night time? 

Mental health seems fine: it’s the physical symptoms bugging me, : q
 
MAYBE - Propronadol slow release? For migraines & anxiety. 
Don’t want to take a cocktail of drugs,

This morning getting ready my MH is fine but I’m sweating at 9am .. ",1,0,1753865278.0,mentalhealth,user_3467,False,True,2025-07-31T10:00:42.400803
1md1358,Canceling plans,"Is it bad to cancel plans my friend made because I don’t feel up to it. I’ve been feeling awful and down and never want to really do much and my friend made plans for her birthday. But right now I can’t fathom going on rides , I feel like an asshole cus I miss her so much and it is her birthday. I hope this feeling will pass but it’s been like this for months. ",1,0,1753864113.0,mentalhealth,user_3468,False,True,2025-07-31T10:00:43.575590
1md11pm,Dissociation and tired all the time,"I am 20 and have been on antidepressants for about 4 years now; I had been on escitalopram which helped initially, then on fluxotine which didn't as much and now lately I have switched from SSRIs to an SNRI. But the physical aspects of my depression have been overwhelming the past few months. I have been experiencing a dazed, disoriented, dissociated  feeling almost all the time and a lot, lot of tiredness. It feels like the smallest of lights, even natural light and sunlight makes me feel dizzy and overwhelmed. It's seriously hampering going about my day. I feel so out of it and unfocused all the time. 
I have been trying so hard to explain this to my doctors but they don't seem to be offering any resolve apart from just telling me to expose myself to these uncomfortabke situations, which I understand, but it has been this way for months now and I feel stuck. I don't know what to do and it's disconcerting. 
Does anyone with a similar experience have any advice on what helped them?",1,0,1753863955.0,mentalhealth,user_3469,False,True,2025-07-31T10:00:43.575590
1mc0n7o,"My family says my mental health isn’t real. I’m overwhelmed, confused, and trying to hold on.","I’m 19F and trying to figure out how to stay grounded and survive in a really toxic environment. I’ve been struggling a lot lately, depression, anxiety, feeling numb, exhausted, and like I’ve lost all the passion I used to have. I wake up feeling heavy every day. Nothing feels like it used to.

I tried to express that recently by posting something online, just being honest about how I feel, and my family saw it and freaked out. They said I was being dramatic and trying to make them look bad. One of my relatives even physically pulled my hair during an argument, and my mom said my mental health is “all in my head” and “not real.”

I’ve never felt so small. She said I’m a fraud for calling myself religious if I don’t want to go to church every week. She told me my actions don’t match my words and that I’m just doing all of this for attention. She also refused to support me when I got baptized, because she had chosen a different religion and felt hurt by my choice.

All of this has made me question everything. I know I’m not okay, but when people keep telling you that your feelings aren’t real, it gets hard to believe yourself.

I’m trying to stay grounded in my relationship with God. I’m trying to survive school, to love someone who makes me feel safe, to grow. But I feel completely alone in it all. Like I’m carrying the weight of the world and being told it’s just my imagination.

Has anyone else dealt with family denying your mental health struggles? How do you stay clear-headed when you’re being gaslit by the people who are supposed to love you?

Any advice, encouragement, or just reminders that I’m not crazy would mean so much right now.",1,0,1753758828.0,mentalhealth,user_3470,False,True,2025-07-31T10:00:47.345076
1lqf3d0,I can’t take it anymore. Trump supporters are so evil and it’s destroying me physically and mentally,"Concentration camps, cuts for medicaid, foodstamps, education, tax cuts for the rich, raises taxes on the poor, targeting minorities that are legal citizens. I try to be tolerant and understand. I tried to have a conversation with a guy at a bar and he flat out said he doesn’t care about poor people and they can just starve and die. What is happening? I feel so physically sick. I have no hope left. Corruption and evil have taken over. I see no end in sight. What do I do? I feel so helpless. I cut out every supporter for my mental health which effects my social life. I feel an obligation to have these discussions with others because I’m a social worker but it just leaves me feeling depressed and defeated. I can’t take it anymore. I can’t. I work my whole career to help those in need. How can someone say they don’t care about others and that they should die?? What has the nation come to? Nothing helps. Talking doesnt help, protesting doesnt help, distractions don’t help. What do I do? Please I need advice I’m falling apart. ",1320,197,1751512199.0,mentalhealth,user_3471,False,True,2025-07-31T10:00:50.031530
