id,title,selftext,score,num_comments,created_utc,subreddit,author,over_18,is_self,scraped_at
1med755,I hate waking up everyday,"I don’t have friends, don’t have a career, or a boyfriend. I don’t enjoy anything. I feel hopeless and just want to kill/hurt myself. ",141,34,1753995261.0,depression,user_3476,False,True,2025-08-01T10:00:07.840533
1mel23f,You know you hit rock bottom when you’re not even mad anymore. You’re just tired. So. Fucking. Tired.,"I physically don’t even have the energy to stay mad. I care so much. God, I care so much… but I’m just so tired… 

On a side note, my grandma told me some words of wisdom. 

“Don’t let them label you. Sometimes, you’re just a rational person going through an irrational time”. ",37,5,1754016255.0,depression,user_3477,False,True,2025-08-01T10:00:07.840533
1meamxf,im going to commit suicide,"hi guys i will be brutally honest here. im 15 and i've had these ""suicidal thoughts"" for over 2 years now. my dad and my mom always argued by the time i gained consciousness. my mom never liked my dad and my dad never liked my mom it went both ways. that affected little me and im still young. i've never ever had real friends and not even fake friends. we live in a apartment so tonight i will go on top of the roof and jump from a 30 storey building. i cant take it anymore. ive never had the word ""love"" in my entire life. this summer i liked a girl and she had a boyfriend. that was my only love in 15 years. if you guys have any questions i will answer them i still got like 50 minutes because i live in turkey. i just cant keep up guys and i just wanted to leave this message on here so my fucking dad who said to kill myself today can see this. ",101,85,1753989343.0,depression,user_3478,False,True,2025-08-01T10:00:07.840533
1mee8wc,"Whoever you are, I hope you read this whole.","Hey. I don’t know the most attention-catching way to start this off, but this is what I’ll tell you. If you’ve tried everything and nothing’s working, if you’re feeling tired and empty inside, read this post carefully and let it sit. Some parts might sound cliché, you might get the urge to dismiss it, but please, please know this: if there’s even a slight chance it’ll make you feel better, anything and everything deserves to be given a shot.

  
You’re an amazing person. You don’t deserve to be hurt. You don’t deserve to be misunderstood. If you were, or are being, keep being yourself. I know that can sound hollow, but when your own moral compass, empathy, voice, thought process, and creativity are the least you can have, please allow yourself that. It’s not worth it to lose your identity so it’s easier for the world to sort you into labels, stereotypes, whatever. **You** are beyond that. **You** are beyond something that can be narrowed down to one status.

  
It’s completely okay to be worn down. It’s completely okay to reach a point where you’re questioning your identity, or your worth, or whether it’s physically possible to keep moving forward. Allow yourself to breathe, whether or not anyone else does. Allow yourself to process, and know that it’s your right to.

  
It’s not selfish to want to focus on yourself for once. Do what makes you happy or keeps you sane, or what used to make you happy or keep you sane. If you don’t know what your passion is, either what to dedicate your life to or to use to help your survive on your own, try something you haven’t before. Maybe draw, write, sing, act, record, anything.

  
Lastly, when there’s nothing or no one you have to cling to, cling to the hope that one day, you would. Whatever it feels like, try it. Commit to it. Even if you end up skimming this part, I want you to know that I might be some stranger on the internet you’ve never interacted with, but I‘m rooting for you to succeed by your own definition of success. Even if that means just making it through this month.

  
To whoever sees this, whatever you’re going through, **keep living, keep aspiring, keep searching, keep creating, and keep being you. ❤️**",59,5,1753997753.0,depression,user_3479,False,True,2025-08-01T10:00:07.840533
1mehov9,Gay and hate it - anyone wanna talk?,"Im a 17 years old guy from norway. Gay but i keep it very secret. Its ruining my life, i just wanna be normal. I really wanna talk with someone",22,24,1754006588.0,depression,user_3480,False,True,2025-08-01T10:00:07.840533
1mep62q,I wish my body would give out and stop working.,"I'm so goddamn tired. I wish I could just dip out of this terrible existence quietly, peacefully, and slowly.",6,1,1754029929.0,depression,user_3481,False,True,2025-08-01T10:00:07.840533
1mejn6v,“Just get off the internet”,"I keep getting told that my extremely pessimistic view of the world is due to being exposed to negativity on the internet and to get off it. But I have nothing else to do. I can’t leave my apartment complex and I can’t leave my house at all after dark, I have no irl friends to hang out and talk to, none of my hobbies and interests interest me anymore and I can’t get myself to do them, I have no job and no higher education, all I do is lay in bed all day. 

I get frustrated because everyone keeps telling me to get off the internet when this is where all of my friends are and it’s a simple low energy free thing that keeps me occupied and socializing. If I didn’t have it all I would be doing is laying in bed and sleeping all day. My life would only be worse if I didn’t have the internet, I would be lonely and have no one to talk to. And of course it’s not going to do anything about how shitty the world is or fix any of my problems or magically make me “think positive” ",15,16,1754012114.0,depression,user_0157,False,True,2025-08-01T10:00:07.840533
1mennbf,Just a burden to everyone,"My existence means nothing. It wouldn't even surprise me if I don't exist in anyone's life. I feel like a background character, even in my own life. Or maybe not even a character. Just some dust that didn't get cleaned yet. I hate myself. Why did I have to be born?",6,3,1754024487.0,depression,user_0061,False,True,2025-08-01T10:00:07.840533
1meaxbz,Death is the only way,Society sucks and my brain is broken. I am pure scum. I wanna die but I can’t and also I’m selfish because I’m living and being a burden 24/7. I have no hope and I’m a weak man. No woman would ever love me anyways,32,16,1753990006.0,depression,user_0083,False,True,2025-08-01T10:00:07.840533
1mepf4w,It’s getting hard :(,"The last 2 months have been horrible for me, I lost my beautiful gf who was literally everything to me because I was a crazy paranoid delusional weirdo and since then I’ve also lost my 2 beautiful cats, idk I’ve came home from work and can’t sleep, I’ve been really confused recently, I’m back to isolating myself unless I have to go to work, I have no friends, my mums sick and idk, why am I even writing this here, why is Reddit the only place I vent on, idk much of anything anymore tbh, I try so hard to be positive everyday but I just can’t, I know how hard it can be sometimes so I hope whoever’s reading this is doing well ",4,1,1754030903.0,depression,user_3316,False,True,2025-08-01T10:00:07.840533
1mepvjh,Why am I still here,I'm tired. I need help but that won't come.,3,1,1754032620.0,depression,user_3482,False,True,2025-08-01T10:00:07.840533
1meo89l,What’s the point anymore..,I really just don’t care anymore. I really don’t. I just wanna float away into nothingness. I’m honestly done and over everything. Fuck this.,4,0,1754026513.0,depression,user_0111,False,True,2025-08-01T10:00:07.840533
1mephor,life just sucks,"Yeah, just life sucks. It’s not really 1 thing, it’s like 2 or 3 that idrk what to do anymore. So uhm… I guess I’ll just go through each if you want.

So the first is that I feel like I can’t make friends anymore and I’m losing all the friends I have. A couple years ago I had friends and I just talked to people a lot. Now I try to do that and I guess I just can’t anymore. Honestly I kinda see why. I’m small, skinny, ugly, probably below average for my class, and I’m just not a person to be friends with ig cause my personality maybe. I’m really not sure anymore. I think I might have friends in my class but I can’t tell if we are friends or they just feel bad. Honestly if they do they shouldn’t. And the friends I already have I feel like I’m just talking to them less and less and when I do it just doesn’t feel as connected as we used to be. I just feel like I don’t belong anywhere and like I’m always somewhere out of place.

The other reason is more of a family thing. Mainly with my dad. It’s just my dad favorites my sister and I just don’t know what to do anymore. Cause when I call him out for it he usually says “Is this about your sister or about you?” For example, I’ll forget to do something or I’ll do something I had to do wrong and I’ll get yelled out and have my phone taken away, which just makes me feel worse cause I feel like it’s the only place I can talk to people. My friend that I have that I feel like we aren’t really friends anymore can’t even come over because something one of his other friends did and he didn’t even know. But what I was saying. I’ll do a little thing and I get yelled out. But my sister has not done her chores in 6 months and she just gets told to do it every so often which never ends in her doing it. And when somehow I get my dad to actually tell me why he does that, he says because when he is older I’m going to be the man of the house. I don’t really get the sexualization, he also says because in the world, men and women are treated differently. Which yes it’s true, but the reason it’s like that is because you raise us to be that way by doing that. Maybe if you treated us equally, society wouldn’t work like that. The friend I was talking about earlier, when I was upset about not being able to talk with him much, he yelled at me for crying and told me to grow up, but when my sister 4 years older than me was crying about a similar situation when my dad didn’t even force her not to talk to her friend, he didn’t say grow up, he didn’t yell, he comforted her. I just feel like that is ruining my life right now and I don’t know how to think of it anymore.

If anyone has dealt with this or something similar, and got over it, please just give me a suggestion. It’s kinda sad how I feel more comfortable talking to internet strangers I’ve never met than my own parents or even my therapist. Also sorry if I talked a lot and kinda strayed off from what I was saying, I tend to do that :(
 
",3,0,1754031173.0,depression,user_3483,False,True,2025-08-01T10:00:07.840533
1meiot5,I kind of like being sad,"I kind of like being sad, having something to be sad over, feeling something, feeling sadness, feeling your heart ache, it's just such a deep and raw emotion.
It's so human, it's something that connects all human beings, sadness and desperation. I love sad songs, sad movies, being able to cry, it's so beautiful.
It's such a beautiful, real, feeling compared to things like anger, anxiety, confusion. It's somehow calming, healing in some sort of way. Would I be able to get out of this dump while I'm so obsessed with sadness?",9,3,1754009376.0,depression,user_0267,False,True,2025-08-01T10:00:07.840533
1meoyn8,Is there anything your partner can do to help you when you're in a depressive state?,"My ldr boyfriend is clinically depressed. It kills me that I'm so far away and that limits how I can be there for him. He's recovered from work burn out and he's slowly coming back into another burn out. So I'm looking for other ways to support him. I know it's not the same for everyone but I would just like to have perspective on all alternatives. I'm aware that sometimes they'd not want you to do anything in particular, just keep them company  and let it pass or even just give them space. Are there other things I can take into account?",3,1,1754029146.0,depression,user_3484,False,True,2025-08-01T10:00:07.840533
1memm67,I feel alone and I don’t know how to lay it off my chest..,Very insecure and very self-absorbing all of this feeling and makes me feel worse and worse.,4,0,1754021059.0,depression,user_3485,False,True,2025-08-01T10:00:07.840533
1meq6nb,How will I live in my old age?,"I'm a 58-year-old woman, never married, no kids. I've never had a long-term relationship, and my experience of consensual sex with another human being is decidedly limited. My mental health history is long and convoluted: my current MH diagnoses are double depression (dysthymia with recurrent episodes of severe depression with suicidal ideation and transient psychosis) and PTSD. I also have a significant degree of same-sex attraction. Since I am a practicing Catholic who strives to take my faith seriously, this has thrown a loop around my life plans. Up until my mid-thirties, I thought I might marry, but I was no great prize for a man. Also, most Christian men (I refused to consider men who didn't take their faith seriously) who want a wife also want children, and I had decided at 20 that I should never have children because of my precarious mental health. Since I believe artificial birth control is immoral, I was looking for an essentially sexless marriage -- which I now realize was a ludicrous prospect. Religious life was not a viable option for me because of my health.

I've been in therapy off and on since I was a teenager and have been with my current therapist for three years. She usually begins by asking me how the previous week went, which often takes up most of the session. Towards the end of the session, my therapist asks me what my plans are for the coming week. But discussion of long-term plans is lacking. I want to finish the novels I've written and to travel extensively. However, I receive $768 monthly on SSI, which forbids me travel more than 30 days a year -- if I could even afford it in the first place. 

I live with my mother (85, completely bedbound, has dementia) and my younger brother, who is obliged to run the household. I keep my mother company and clean her diapers after bowel movements. I volunteer at church and am an active Lay Carmelite. But what will happen to me after Mom is dead? Once I thought I would kill myself after my mother's death. But if that is not an option, how am I supposed to live? My brother and I often argue (partly because he doesn't believe in God). I think we would be better off if we lived apart. I've never had a full-time job and haven't been in the workforce for 25 years. I haven't even learned how to drive! I earned a BA and attended grad school but became too ill to continue. I don't know how I can live a life I consider worthwhile and uses what talents I have. My physical health is beginning to falter, especially my mobility. But I could easily live another 30 years. So, what is to become of me?",2,1,1754033810.0,depression,user_3486,False,True,2025-08-01T10:00:07.840533
1meku4o,Is this a symptom of depression?,"Hello everyone, I used to be a very energetic person who felt good at work, had a good circle of friends, etc., but we had to move house, and I didn't talk much to my friends and family. I've become a very angry person, with internal arguments and all. I don't feel any emotions. I'm like a zombie. I've been at home for a long time, like 1-2 years. Do you think this is a sign of depression? Not being able to sleep at night or something? :D",4,9,1754015596.0,depression,user_3487,False,True,2025-08-01T10:00:07.840533
1meq2pr,Alone,"I got a good job, I got away from my abusive parents, I live with my fiance now, it all should be good. No tonight is a night im feeling how not good it is. I spent so many years being depressed and self isolating that I don't have many friends and the ones I do have are not close im no ones best friend. I just have my fiance so when we fight there's no one here for me, no one to listen, no one to care, no one to vent to, I don't even know how to find those people who can be those rocks for me. I feel like I'm on a deserted island and no one is looking for me and when I start sinking there's no one to see me, no one to care. Just me alone. I don't mind it when i feel good and when I have my fiance because I have him. But he's the one who hurt my feelings tonight so that leaves me, alone. No ships in sight. Then on the flip side of it im scared to let anyone close because if I do, what do I do when they inevitably leave forever and then being alone just feels lonlier because for a time I had some relief. It's a vicious cycle and I don't understand how anyone gets free of it.",2,1,1754033393.0,depression,user_3488,False,True,2025-08-01T10:00:07.840533
1mekm4q,I need a literal hug.,"the two people i genuinely hugged with my heart, i lost within months of each other.

been a while now. but i really miss good hugs.


",4,2,1754014932.0,depression,user_3489,False,True,2025-08-01T10:00:07.840533
1mepto7,Hearing my mom talk about my dad’s suicide is sad when I’m probably going to do the same soon,Hearing my mom talk about my dad’s suicide is sad when I’m probably going to do the same soon,2,1,1754032416.0,depression,user_3490,False,True,2025-08-01T10:00:07.840533
1mepkk4,"Where and when does this go? Is it okay to go? I’m tired of the suffering, yet it’s the only thing I find comfort in.","I hate everything about myself. I have an insane guilt complex and multiple times in my relationship with my girlfriend I've emotionally hurt her even if it was unintentional. I feel like a burden and like everything is always my fault. I regularly engage in self harm and cutting. I'm getting married to her when I turn 18 but I just want to die. I contemplate suicide everyday and I just want to end the suffering I experience every day. I'm constantly nauseous from stress coming from the idea of killing myself. I don't want to die, and the only reason I'm living is for her, but does this ever get better? I can't imagine a day where I get better. I opened up to her but eventually she told me she couldn't handle my emotional burden, and it was my fault for even expecting her to be able to change anything. Suffering and feeling depressed has become my new normal, and I'm afraid of happiness or even feeling anything at all because I don't want to lose it in the end, because I always do. Every day it gets worse, and no matter how much I try to improve my mindset I keep suffering. A mix of guilt, shame, sadness, and emptiness fills up the majority of my day, and I’m tired of putting up a front for others. I see no future where I beat this. I’m afraid to get professional help because I truly don’t trust people with my struggles anymore, and I don’t think a stranger could really help me in the end when I have no deeper emotional connection with that person. Even if I do somehow beat this I’m so incredibly afraid of losing any happiness I receive. Every time I am happy it ends shortly after, and I’m afraid I’ll lose my gf too because I constantly feel like I’m being a horrible person and boyfriend. I hate myself so deeply and incredibly I can’t stand to look at myself even in the mirror. I don’t even believe I earn the right to wake up every day, and honestly since I just suffer every single day I don’t find I’m taking advantage of my chance to live. It’s always my fault, and no matter how much I try to frame it as a mindset used as an unhealthy coping mechanism, it doesn’t help when every time I’ve heard someone it truly has been my fault.

What's the endgame here? Live suffering for the rest of my life? Distance myself from my gf so she won't be as hurt when I do kill myself? Cut to get rid of the urge to kms? I really don’t know how to play this out, and I don’t even know if I’m going to be alive in the end if I find out that’s the easiest solution at any given time.",2,1,1754031490.0,depression,user_3491,False,True,2025-08-01T10:00:07.840533
1mdzfrd,You can never get rid of it,"I have been dealing with depression for so long, i'm so tired of it. No amount of therapy, pills, life changes, positive thinking helps. Trying and learning new things has become more of a burden than a good thing. It's always the same, i get a bit better and then i quickly fall back into deep depression, i lose my apetite, i see no reason to live. I'm starting to think it's impossible to get out of depression and that can only lead to one thing. I feel like i'm on my last straw, my brain is foggy, my feelings numb, if something negative happens again i couldn't take it anymore. I want to live but this is not a life this is suffering.",66,10,1753962660.0,depression,user_3492,False,True,2025-08-01T10:00:07.840533
1mepeyx,Im lost,"My late girlfriend took her life a couple months ago, and I still can't imagine a life without her, I'm lost in darkness it seems. I want to move on but I can't, she was truly the love of my life, and my first love. Idk what I can do to get better, I'm going to therapy but nothing helps. People will talk to me and I'll just be staring and completely drifting away not even realizing someone is trying to talk to me. I don't have any internal dialogue anymore, I have no more hobbies, and no friends to talk to about this. Im again Im afraid that sometimes I'm heading in the same past my late girlfriend took.",2,0,1754030887.0,depression,user_3493,False,True,2025-08-01T10:00:07.840533
1mepdmx,i’m such an insufferable person,"since middle school i’ve suffered with depression that has progressively gotten worse over time. i’m now 20 and im at what seems like the peak of my depression. I can never go a day where im in a good mood consistently my mood is constantly fluctuating and ive been told that i scare people because of how much it shifts all the time. i’m extremely drained i have a job i absolutely hate, i barely have any friends and when i try to make plans no one ever actually goes through with them and i end up looking like a clown for trying to arrange anything. i can never stick to my word with things because i have no energy or mindset to even try. i was in therapy in school but got dropped because i graduated and genuinely felt like it did nothing for me but make me feel like she was just there for a quick buck. sleeping has gotten worse im constantly exhausted and it interferes with my work and socializing, i barely talk anymore because of how foggy and blank my head is 24/7. i barely eat anymore i haven’t had a real meal in i don’t even know how long cause money is so tight with myself now days. my dad always says im angry and that i can never be happy with anything and that im also just a money pit and that apparently i guess in his eyes im a burden. i burden everyone and i feel like there’s just a void of a person now i try so hard to be a person im not but it just genuinely doesn’t do anything for me. i have no drive for anything anymore and i got out of a long term committed relationship last august and it destroyed the last bit of person i was left. i don’t know what to do anymore im just so tired.",2,0,1754030747.0,depression,user_3494,False,True,2025-08-01T10:00:07.840533
1mejvwb,I woke up from a nap feeling absolutely dead on the inside. Why does this happen?,"As the title says, I took a nap after work and felt absolutely dead on the inside. For context, I’m a 32F who sometimes gets depressed regarding not being married and having kids like the rest of my friends. 

I struggle with fulfillment in life. But sometimes, for no apparent reason, I feel dead and want nothing more than to erase my existence from this world. ",5,3,1754012820.0,depression,user_3495,False,True,2025-08-01T10:00:07.840533
1mep8fc,How do I deal with wanting to die almost everyday,"Not sure if this is where to post this but here goes. So basically I just hate myself and hate being alive. I want to die but don't at the same time because idk what happens after, but other times I don't care. I tried to send myself to the shadow realm last year but failed and kinda had a sense of purpose until the feeling came back again. I don't think I'll ever do that again cause I saw how it made my family and friends react and honestly I didn't care, but I figured since I survived the first time I must be here for a reason (mostly torture) so I just wanna know how to deal with the constant feeling of wishing I was dead but not actually dying I guess",2,0,1754030184.0,depression,user_3496,False,True,2025-08-01T10:00:07.840533
1mekucm,I’m sorry,"I’m sorry I’m in IOP. I’m digging us into a financial hole. There are things I don’t tell you, or anyone because I don’t want to be a cinderblock. My repressed memories are not a filing cabinet, nor a closet, but a graveyard  full of unmarked graves. ",3,0,1754015615.0,depression,user_3497,False,True,2025-08-01T10:00:07.840533
1meoyn0,pls end me,"I came from a long distance and I was on the verge of killing myself and finishing all these things that were in my head. I don't care about anyone on earth except for one person whom I loved more than myself and more than anything in the universe, so this is the story. Anyway, I was going to end my life with all my consent. I just stepped back today because I could see something bad that could happen to him in any way, or that I would be a reward for this when I returned home again after feeling like continuing to fail. I even failed to make a single decision for myself. I feel like I am not being crushed. Whatever I want, you end up quickly in any way. I hope that no one will come back or kill me. This is all I swear We don't care about anything in the world, I just want to finish

",2,0,1754029146.0,depression,user_3498,False,True,2025-08-01T10:00:07.840533
1mehxkc,Scared,"If I get better, I'm scared. I'm scared of moving on. I'm scared of living. I'm sad because I've lost nearly all the friends I've loved. I'm scared because I hurt others. I'm scared of the pain physically and emotionally especially the anxiety. But I'm most scared that if I get better, that there will be no proof that I was ever like this, that I fought.

I'm scared to get better but I want to and I am but I'm scared. How do I change that? When does the fear leave?",6,4,1754007258.0,depression,user_0470,False,True,2025-08-01T10:00:07.840533
1meot37,Struggling to See a Point in Going on,"I’ve been in a hole recently. I don’t know where to go or what to do from here. Honestly, there’s not much of a reason to feel this way. I have a best friend, amazing boyfriend, a new job and am going to college soon.
Somehow I still don’t feel much of anything other than anxiety and a crippling sense of dread. I’ve thought about taking my life, I genuinely have nobody to talk to about it. I feel as if everyone dismisses me, and I just feel too bad to talk about it with my boyfriend. My parents always say maybe I need to be institutionalized again, but that’d kill me quicker than just giving me time.
I’m lost and don’t feel human. I haven’t felt like the same person since June. I desperately need some sort of relief, I feel like the end is nearing for me and there’s nowhere to go.",2,1,1754028583.0,depression,user_1335,False,True,2025-08-01T10:00:07.840533
1meooto,I’m struggling,I hate myself I hate my life there’s a war in my head help me,2,0,1754028151.0,depression,user_3499,False,True,2025-08-01T10:00:07.840533
1memayv,Too late,I've done it now my wrist is cut I cut my vein and my hand is bleeding it's warm I think makes me want to close my eyes finally. I'll be relieved,3,1,1754020095.0,depression,user_3500,False,True,2025-08-01T10:00:07.840533
1meokru,Help please,"So here goes my story I migrated from Mexico to the USA I was raised with little opportunities socially I was never accepted to anything or by anyone and often received harsh treatment from others discriminating my skin color and for love goes was non existent in my life I never got to experience affection from others or women  except for 1 time in high school It was an awkward feeling but did not know how to show love back relationship ended falling apart she moved on she was emo and my father was severely abusive when I was a child he was 200lbs 5,8 with ton of muscle had intimidating look was hard to fight back often he would beat me and my mother one time it got bad he punched her so hard threw her out of the car there was a lot of blood when I saw that my heart dropped and my body felt cold she was screaming and and when I was age 17 my father shot another guy in front of me they had problems on the street it happened so quick see gun pulled out gun cracked went on from there my only friends were low life’s gang members the ones that accepted me the rest was fuck you your not cute enough or rich or anything in particular 20 years old now I have bipolar disorder and ended up getting revenge on my father I beat the living shit out of him now live a normal life but with bipolar makes it hard to commit to a job symptoms get in the way of life empty emotional zero emotions hard to enjoy life in general mind is mush there is nothing in my life in a phase of throwing it away or killing my self in the 2 I need help what can I do ",2,3,1754027763.0,depression,user_3501,False,True,2025-08-01T10:00:07.840533
1melryc,I feel like people think I’m not trying,"when I try to talk to people about what im going through, they try to give me advice on how to change my mindset or things I need to try. I know they’re just trying to help but it makes me feel like they think im not trying. I know what I should be doing, rationally, but the depression makes it harder. ",3,0,1754018419.0,depression,user_3502,False,True,2025-08-01T10:00:07.840533
1meo08m,Calories.,"Hello, I'm former athlete 30 year old man. 180cm about 65kg. I'm also former ED patient. I've been put 2500 calorie diet but also forced to rest cause I'm sick. I hate my body. I don't wanna be fat. I'm also very depressed. I feel so worthless. I don't know what to do. Can someone help me?",2,5,1754025740.0,depression,user_3503,False,True,2025-08-01T10:00:07.840533
1meebv7,I am tired,I am currently crying. Breaking down. I’m drunk. Writing goodbye letters. I am losing my best friend and partner of 6 years due to mistakes we both made. He found someone else. I am in debt. I can’t make rent this month. I am about to file for bankruptcy. I can’t make it to work on time. I can’t even get my cat wet food. He lives on kibbles. I can’t take this pain anymore. I’ve always been alone. Never had close friends. I can’t do this. I have expired Oxy. I don’t know what to do. I’m 26. I think I had a good run.,7,5,1753997957.0,depression,user_3504,False,True,2025-08-01T10:00:07.840533
1me4sag,Am I selfish for feeling suicidal and wanting to kill myself even when everything is fine?,"So. I’ve been depressed for a long time and so i’ve been suicidal. Almost commuted suicide few times but whatever.

I have a good family who’s helping me,i hsve friends and loved ones. People trying to help me as much as they can and i still feeling very depressed,like really. I can’t live a proper life because of it and only thought in my mind is that i should kill myself.

Am I selfish?

",24,18,1753976064.0,depression,user_0263,True,True,2025-08-01T10:00:07.840533
1mej844,Am i depressed or just lazy,"I am scared that I may just be lazy. I basically dont feel sad or really happy. I just feel neutral. All i want to do is sleep, and getting out feels like a chore. ",4,1,1754010913.0,depression,user_3505,False,True,2025-08-01T10:00:07.840533
1mel21w,la paz del descanso,"Nunca he escrito esto publicamente, me convencí de dejar este mundo en unos meses antes de llegar a los 20, llevo 3 años encerrada en una casa, nadie me pregunto por qué, nadie me detuvo a dejar de vivir, solo sé destruirme a mi misma, además de sentirme profundamente no amada, sinceramente me siento mas alivianada desde que considere la muerte este año, mi madre me abandonó a los 14, antes de eso me incentivo a la anorexia, juré estar sola, en la escuela me aislaba, me encontraba extremadamente fea, tuve que abandonar los estudios, mi psicólogo rebajaba mi pesar, en fin, soy irreparable, la ayuda fue considerablemente tardia ya que ya había aprendido a abrazar la decepción. solo tengo a mi padre que talvéz no le importe lo suficiente, ni siquiera podemos hablar, solo estamos juntos ya que mi madre no está, el tampoco me exige por mi estado, no tengo amigos, solo la musica me habla, y yo le hablo a un cuaderno que pronto será quemado, me trae paz pensar en descansar, no quiero ser una carga, aún así deseo irme feliz.",3,2,1754016252.0,depression,user_3506,False,True,2025-08-01T10:00:07.840533
1me804h,Where do I belong.,"Everyone i know have a place they belong. A place where they r loved the most. Have 
some one to go out with. Where do I belong. Who do I have. I cant even think. Will I ever belong anywhere in my life. Will I ever be loved.  Will I ever feel like I have place in this world. All i wish is to live normally. Why do i have abnormal  face. Why do everything that happens to me abnormal. I have no one to relate to. I will forver feel like I dont belong in this world.",15,9,1753983330.0,depression,user_3507,False,True,2025-08-01T10:00:07.840533
1mendsx,A failed attempt,"i woke up today after another failed attempt to kill myself, I feel like i can't do this anymore no one even knows what I'm going through, I have no one and nothing I suffer from Derealization and OCD. I dont think that i was meant to be someone who would live for long or be loved by people, idk why am i even posting this it may be a cry for help.",2,2,1754023562.0,depression,user_3508,False,True,2025-08-01T10:00:07.840533
1mendgo,I can't sleep,"I just want to ask is it normal to write to a person when he said he doesn't want to talk anymore, that basically I'm a trash?  ""Get a grip on yourself, then maybe I will let you talk to me"". I'm not even sure why I am doing this? Asking him to talk to me again and that I'm sorry and I want to make things right and see him again. Of course, he's not answering after he told me to fuck off.I feel so bad about myself because I'm so pathetic. I have met him few times and I rejected him myself first. It was supposed to be ""friendship"".

I know this what I wrote doesn't really make sense much but I don't even have energy to write all the details of this bullshit. 

I want to know what is wrong with my personality and why I act like a fucking kid? Why can't I get a ""grip on myself"" as he told me. Why can't I respect myself and don't let others humiliate me? Once more I let myself down. This is not the first time. I feel like I can't live with this shame.

At this point I need to see a doctor and take meds I think but it's too expensive. I just want to feel calm and not suffer so much. 

I'm a guy btw.  ",2,1,1754023535.0,depression,user_3205,False,True,2025-08-01T10:00:07.840533
1memzoq,"Stopped SSRI. Situationally depressed now, start again?","Stopped taking Trintrillex about 3 months ago (on for 4 years) because my life has been much better after leaving a bad relationship and becoming healthier. 

Two months ago I had a few things happen that have been making me depressed. Legit life changes that are hard for everyone. Job changes, family issues. 

I have started to have some negative thoughts that have been alarming. Just passing thoughts. But part of me wants to start back on half my original dose and just see if it helps. While the other part wants to tough it out. 

I got off them because of sexual side effects and feeling like a zombie. Ie. Unable to cry at appropriate times. 

Any advice besides talk to your doctor is appreciated. ",2,2,1754022260.0,depression,user_3509,False,True,2025-08-01T10:00:07.840533
1mecwqe,Want to fall asleep and never wake up,"Things have been so damn rotten for what seems like forever.

For the longest time now all Ive really wanted to do is die in my sleep. 

I've even prayed for this to happen. I feel so forgotten about and ignored when it comes to my desire to die.

I have zero hope left.",8,2,1753994581.0,depression,user_0064,False,True,2025-08-01T10:00:07.840533
1mecqxk,I feel like I lost my ability to be a human around others,"Hey, I’m 23M. I used to be a pretty social person before college, like before I turned 18. I genuinely enjoyed talking to people, meeting new ones, and just being around others.

But now? I feel completely disconnected. I've lost all my social skills. My brain just shuts off when I'm around people. I don’t know what to say, I can’t even follow basic conversations sometimes. I just sit there, blank, with no thoughts. It’s like I’ve forgotten how to be a person.

This has been going on for about 3 or 4 years now.

I’m not exactly sure what caused it. College was stressful, and I couldn’t really make close friends during those years. My social life dropped to zero. On top of that, my mom was struggling with depression, and being around that constantly drained me emotionally. I’ve also had periods of heavy porn use, and I wonder if that could be affecting me too.

Now that I’ve graduated, things should feel better. My mom is doing much better. I sleep well, I work out daily, and I try to stay healthy. But inside, I still feel like the same person. I feel robotic. I don’t enjoy talking to people. There’s no spark, no curiosity, no flow. I feel mentally slow, kind of dumb, and completely disconnected from how normal conversations are supposed to go.

It’s been a huge hit to my confidence. I don’t even try approaching girls anymore. When I watch people talk, laugh, joke around, make eye contact effortlessly, be spontaneous... I just can’t imagine myself doing any of that. It feels like my brain isn’t wired that way anymore.

It’s like I have no personality now. Even around old friends, I have nothing to say. I used to be someone who loved talking to people, and now I’m this blank shell. It’s scary, honestly.

I tried therapy. I had six sessions with a therapist, hoping it would help. But it didn’t really go anywhere. I was mostly just told things I already knew. I get that therapy takes time, but I seriously feel like my brain just doesn’t function like it used to.

I’m trying really hard not to beat myself up after every social interaction where I feel like a total robot. I keep telling myself that judging myself won’t help. I’m trying to shift my focus toward understanding why I feel this way and how I can move forward.

So if anyone out there has felt something like this, or has any idea what this could be,please let me know. Is this social burnout? Depression? Brain fog? Emotional shutdown? I’m honestly just lost.

I really want to get out of this and feel human again.
",7,0,1753994211.0,depression,user_3510,False,True,2025-08-01T10:00:07.840533
1memjp3,i hate me,I hate everything about myself. I hate that im a crybaby. I hate that im fat. I hate that im dumb. I just don’t want to be me. Maybe I should give up. I’ve attempted suicide before. Maybe this time I’ll follow through with it.,2,1,1754020871.0,depression,user_3511,False,True,2025-08-01T10:00:07.840533
1memapn,I fr need to be admitted,"ive struggled with my mental health for YEARS and ive never been admitted or even seen a psych for a consistent period. I know my parents are super supportive and would help me in every way, but I don't want them acting the same way as a couple years ago (I was severely underweight and they asked me consistently if there was anything wrong). ive now gained some weight back but my mental health is so bad and I feel like nothing matters. im sleeping a lot more, more agitated and mood swings like crazy. what should I do???",2,2,1754020071.0,depression,user_3512,False,True,2025-08-01T10:00:07.840533
1mem6zc,I feel so alone.,"I don't even know where to start... Sorry if this doesn't make sense and I don't expect anyone to respond to this.

I have lost friends because I feel like I've let them down. In so many ways. 

I don't have a lot of friends. 

I'm not close with my family.

I have opened up to people that didn't deserve to know me like that. 

I have been loyal to the wrong people. 

I'm grateful that my parents sacrificed and gave me and my sister's everything they can to support us but they lacked the ability to be present and be there for us emotionally. 

I am not happy with my career. 

I gained so much weight in the last 7 months and I'm trying to go to the gym but

I tore my Achilles four months ago and still recovering. Workouts are modified and still doesn't feel the same. 

I traveled and partied in my 20's. Now I am 30 with $20k in debt. 

I am struggling to find my purpose. 

I fell in love with my boyfriend, but I have been letting him down and our arguments are taking a toll on me. 

I just don't feel good enough. 

I'm at rock bottom and I feel like I can't get out. 

I know I have a lot to work on. 

Instead of getting better... I feel like I've been getting numb. 


I just don't see the point in anything I do. They say, change your lifestyle, change your habits and think positive thoughts... I try. I do, but I don't see the point in all of this. I literally don't care. 

I've been having suicidal thoughts for as long as I can remember. They come and go, but for the past 3 years, they are just coming more often.

I keep thinking about jumping off a bridge or just taking a bunch of pills so I can fall asleep and never waking up...",2,2,1754019741.0,depression,user_3513,False,True,2025-08-01T10:00:07.840533
1mej1ps,Why do I always feel bad (mentally) and want to cry?,"This is going to be something more like a confession than a simple post, although the word 'confession' is not the most appropriate, I'm just looking to get it off my chest and maybe seek the help of someone who wants to talk. I haven't been feeling very well lately, especially in my feelings. I always feel bored and suddenly feel an inexplicable urge to cry. This intensified until a few weeks ago when I met a boy, we started talking and I immediately felt an inexplicable connection with him, the way he made me laugh, how I felt next to him, I had never felt like that with anyone else before. In just a couple of days we were together in my bed watching movies while we kissed and caressed everything felt perfect, things in my life began to improve even though my ""best friends"" stopped talking for no reason I didn't feel so bad about it since I had this boy who made me feel so different, special and who made me feel things that I had never felt, even in a few days I would go to his house to meet his family but just that day he canceled me arguing that he didn't feel very good Well, I asked him what happened and when I didn't get an answer I didn't want to pressure him and changed the conversation so that he wouldn't get uncomfortable. After a few hours he asked me to talk seriously and told me that he wasn't feeling well mentally and that he needed to end the relationship, I understood it and accepted it, but it destroyed me. I cried all night and in recent weeks I have felt much worse, I have never felt like this before and I am actually seriously considering ending my life, but I am worried that he will feel guilty. Don't think that I only worry about him, I also worry too much about my family but still when I think about committing suicide I can't help but think about him, I worry too much, more than anyone else.",3,2,1754010407.0,depression,user_3514,False,True,2025-08-01T10:00:07.840533
1mepn78,am I ok? Tried to kllmyslf,"like I tried killing myself but my cousins unfortunately found and saved me, and now its almost 2 months now and Im on meds and Im taking the olanzipine and Escitalopram and I feel very numb and I want to cry but I dont feel anything. 

I just want to lay down and do nothing. I just want to be at peace but I can't. ",1,1,1754031740.0,depression,user_3515,True,True,2025-08-01T10:00:07.840533
1mepmvv,I am not sure anymore.,"I feel like it could be time to throw in the towel. It's been a long road and I'm finally coming to terms with the fact that I'm not strong enough to be of help to anyone. 

I was a single mother for years. Im engaged, but I am always letting my partner down with my weakness. He cannot understand my insecurities or feelings of inadequacy, which crates an ever wider gap between us. 

I'm not enough for my son or stepdaughter (from my ex - He's a drunk and I still see her and do what I can...but the powerlessness is killing me.) I felt strength in my resolve to at least be here for the kids and do what I can...but recently the kids take their anger with their father out on me. I lost one cherished friend to illness, another to a jealous partner, and my sister started sleeping with my son's father...so I have lost her too. I don't have a support network to speak of - my mother is abusive and deeply selfish. I have nightmares regularly about my missing loved ones - and about my sister's betrayal. I dream that if I was gone I would be swiftly forgotten and everyone would ultimately feel better.

I'm so tired. Recently I learned helium is a good option for painless suicide. I've been thinking about it off and on since I was a girl - but the thought of going out quietly is nice. I want to explain this to my fiancé but I am already a burden. I can tell he's tired of me. 

I can't manage to be honest with therapists. Im an engineer and I default to thoughtful rationality in sessions which tides me over until I have a break down by myself. Im unraveling. I have no future. Im living to die. Just keeping that mask up for the kids and the optimistic partner. I don't know what to do ..but each day it feels closer to ""time"".",1,0,1754031712.0,depression,user_3516,False,True,2025-08-01T10:00:07.840533
1meiwv3,disassociative amnesia sucks,"this is a rant btw, so click off if ya don't wanna see that


anyone else feel like their life is more like watching some boring movie lately? except you don't remember the any part of it whatsoever?

i don't remember anything anymore. school lessons, birthdays, the time, any memories older than an hour. rather than living it might be more like watching other people live instead of doing it yourself. i occasionally have random fragments of memories from times i dont remember and go ""wow, that definitely happened but i dont remember anything else but the event itself haha"" 

at one point in my life i had genuinely forgotten my age, and people thought i was lying when i told them my memory does in fact, suck that much. its like they physically cannot comprehend the thought of someone existing in such a ""meaningless and mundane"" way. yet here i am.

nothing really matters for me anymore. everything is some sort of cruel joke from the universe saying ""you didn't choose to be born but we'll make you suffer anyway."" emotion has become somewhat more of a thing i can only observe on other people to then fake it and pretend like im an actual human being who doesn't feel empty all the time. everything about me is fake. invisible glass walls are around me everywhere and it feels like all i can do is watch and practice the next conversation i'll be forced to have with another person so i don't sound like an alien from mars. or maybe i actually am. dont even remember what being human feels like anymore for gods sake.

anyway, i find myself thinking that this is probably also meaningless since, chances are, i'll be deleting this later. if any part of this sounds silly or weirdly worded, that might be because i haven't had proper social interaction in about a month lol",3,0,1754010022.0,depression,user_3517,False,True,2025-08-01T10:00:07.840533
1mepk0v,depression =insanity(?),"Uhm im just wondering if this is just me but ive felt depressed and empty since before i even knew what depression and empty feelings were anyway it was never something i couldn’t handle but as i get older its getting harder to manage/ignore/cope. My whole life has sucked, im just so overwhelmed and its getting too hard to cope and i tried meds for the first time and im pretty sure it just made my depression worse but it made me productive during the day. idk Theres a lot more but i just feel like my depression is making me feel crazy and i wanna know if theres people like me or if i am a completely weird thing. i also have no will to live. since i turned 14 i think ive been living out of spite and the anger has consumed me along with depression. Anyone else feel crazy or nah",1,0,1754031431.0,depression,user_3518,False,True,2025-08-01T10:00:07.840533
1meiq96,"26, isolated, body dysmorphia, and feeling like a stranger in my own life","Hey everyone, I don’t really know how to word this, but I feel like I need to get it off my chest somewhere.

I’m 26, been single for almost 10 years, and I struggle with pretty heavy body dysmorphia. I used to be such a happy, lively person I loved meeting people, socializing, laughing, and I went to the gym daily for about 5 years. I was proud of my physique and felt good about life.

But over the past 9 months, it feels like the life has been drained out of me. I stopped going to the gym, gained 20 kilos, and now I just feel worthless. I can’t seem to enjoy things anymore. I cancel on friends last minute because I either don’t like the way I look, or because even fun things feel like a chore. I feel like I’m wearing a mask when I’m out, pretending to be who I used to be.

Even small things, like getting out of bed, feel exhausting. Honestly, I don’t care about myself anymore. I’ve tried going back to the gym, but the joy I used to have for it is gone. I don’t find joy in anything anymore I just want to be alone in my own space.

The scary part is, this isn’t me. I feel like a stranger in my own body, and I don’t like what’s happening. But I don’t know how to fix it. I’m scared of sinking so low mentally that I don’t know what I might do.

I don’t really know what I’m asking here maybe some tips, maybe just to be heard. If anyone has gone through something like this, how did you pull yourself out?",3,0,1754009487.0,depression,user_3519,False,True,2025-08-01T10:00:07.840533
1mepe6z,turned to sex and drug benders as a way to cope,"i don’t want so much of my life to revolve around sex anymore. maybe it’s just the cocaine comedowns talking but i’ve started to feel empty rather than satisfied and happy after i get done going to these men’s houses and fucking them. i love having sex but it kind of feels compulsive at this point and i feel both fully in my body but also dissociated at the same exact time. i don’t really know what sex and my sexuality means to me, but it kind of feels like a way to express this other me, this me that’s not embarrassed and confident and attractive. in my daily life i’m sort of dissociated and going through the motions. i have healthy family relationships and friendships, i have a lot going for me, i’ve got hobbies, but none of it comes close to sex. I think about having sex basically all the fucking time and my weeks revolve around planning who i’m going to see and when i’m going to come over. i treat it like a night out with friends, and it feels like getting ready to go to the club or something. the actual experience is enjoyable, i just feel like im not experiencing actual horniness more so a compulsive horniness. i always loved hookup culture and meaningless emotionless sex because i could get my needs met then leave, but im starting to feel bored by it because ive been doing it so much.   i feel bad ghosting all of my current fwbs but im not really sure what to do now, because what if i change my mind and want to go back to sex. maybe im just at this weird point in my life right now where im lonely and this fills a void, because i never used to really value the people i casually fucked or form connections with them aside from the sex but it’s been happening recently. it’s hard because i know i don’t want to be friends with these people, the primary reason im there is for sex. i let these men fuck me raw, because i like it better, no regard to my own health even though i know i should. i’m not interested in talking if we’re not going to have sex. it’s a pattern i can’t break, and i think it might be part of my ocd talking. i don’t want to become another girl who gets labeled as a whore or ran through, even though i know deep down i love being that way and it makes me feel free. my depression doesn’t go away, it’s just being masked by this persona im disconnected from. ",1,0,1754030805.0,depression,user_3520,True,True,2025-08-01T10:00:07.840533
1mepdxm,What do i do wen its winning?,I feel like there more of it than of me,1,0,1754030778.0,depression,user_3521,False,True,2025-08-01T10:00:07.840533
1meethj,I miss being a teen,Being sad was so much more satisfying as a teenager. Now I just feel like a failure when I am not happy. Like I just need to be better. Like it is my own fault.,4,1,1753999138.0,depression,user_3522,False,True,2025-08-01T10:00:07.840533
1me3wfh,Should I go through with it?,"I've been trying to kill myself recently just a week ago I was on the edge of a rooftop planning to end it all but I couldn't commit. I recently got a gun license and bought a gun. I sold all my belongings and now I'm in a hotel for the time being I plan to kill myself tomorrow. I don't think I'm important enough to anybody to for my death to have a significant affect. I just hope I can go out quietly, I don't want a funeral nor anyone to mourn for me. I know it's selfish and stupid but I plan to go through with it I just needed someone to vent to I guess this might as well be a suicide note. I don't know if I'll get to scared at the last minute and stop myself again, I'm honestly confused at why I'm so hesitant what am I so scared of I just want all the pain to stop. I wish I was never born. What should I do now?",18,36,1753974047.0,depression,user_3523,False,True,2025-08-01T10:00:07.840533
1mep5mz,Does it really get better?,"I have been dealing with depression ever since I graduated high school and always thought I’d get escape it. But I just turned 24, my dad died last weekend from cancer, my mom died 2 years ago from cancer. Why did this happen to me? Im not the first person to deal with this, but why does it feel like my life is falling apart and there is nothing I can do. I went from taking care of my parents 24/7 while getting through college the past 3 years to now sitting all alone in this house which is too quiet to bare. I wake up and I’m greeted with silence in the home my parents raised me in. That parent-child bond is gone forever, I will never have that bond ever again, i feel so sad that they won’t be in my life for such big milestones in the future, I’ll just be alone, and I won’t be able to see there future. 

Sure I have family and friends trying to console me but none of them know what it’s like to lose both there parents at my age, sure one day everyone will lose their parents but why does it have to happen to me right now? I feel so unprepared and inexperienced in life to deal with this and why now why couldn’t I grow old with them? Life feels like it’s playing some twisted joke on me. All week family and friends have been checking in and trying to console me while trying to tell me how good of a person I am to take care of both my parents as they were sick, but I don’t feel good I just did what needed to be done if I wasn’t there to take care of them no one else would be and I’m glad I was there to take care of them I never had a second thought. 

People ask if how I’m doing and I tell them I’m fine becuase I’d hate for other people to worry about me but I’m not fine. I have never felt as alone and empty ever in my life like this before and even if I did tell family in friends around me I know whatever they had to say wouldn’t even help me in the slightest. i deep down secretly can’t even relate to any of my friends around me anymore because there lives are normal and they have their parents in there lives still, maybe it’s jealousy I’m feeling but whatever it is i feel alienated/unrelatable.

Life truly is unfair to me. I don’t think I will ever get over this dark place I’m at in my life right now. People say it gets better but it won’t maybe I can deal with it better in the future but i will never forget my mom and dad and the different they endure because of cancer. It really doesn’t help that in there last days in hospice they both went out in a painful way that has become so traumatizing to me that I’ll never forget what they looked like in there last hours, the shallow and struggling breathing sounds they made, and my dad in particular I fell asleep in the chair next to him his last night and the hospice woke me up to tell me he passed and I was just staring at his dead body and didn’t know how to react.

It’s a little after 2 am for me as I write this and I’m tired physically but mentally in restless, every night is a struggle, just knowing I’m the only one in the house now scares me. I appreciate all the people who have taken there time to read this and I apologize for the sloppiness and the all over the place this post is but I just felt like posting about my current situation/thoughts. Any advice or input on how to deal with this would go a long way. Thank you. ",1,1,1754029885.0,depression,user_3524,False,True,2025-08-01T10:00:07.840533
1mep3on,Im lost in being found,"Im losing my mind. Im hearing things. I thought I was better, but it turns out im just crazier and more delusional. No matter how hard I work or how loud the music is the voices only get louder. I am tired of fighting them. Im tired of trying to kill myself and im tired of fighting. Wrath is my only tool in this. Im not wise. Im not healthy. Or smart. Im just nuts. Like I have been. This is why she left. Why they are all gonna leave. Why I left. I should have died a long time. And the world is going to pay for it. I don’t wanna burn things. I wanna make things. But how can fire build. ",1,1,1754029683.0,depression,user_2166,False,True,2025-08-01T10:00:07.840533
1mdyyx5,I'm going to end everything today.,That's it. This will be the end.,34,23,1753961179.0,depression,user_3525,True,True,2025-08-01T10:00:07.840533
1mdyywl,"I'm 26, and this is my response to therapy. And also the reason I stopped going.","Your great plan is that I have to get up and start doing something...  
But I don’t want to.  
I won’t get out of this.  
I don’t have it in me anymore.  
It’s simply better to stay in this bubble, do nothing that would disrupt the comfort I have now –  
survive another day, until the end of my days.  
Because then I’ll be able to say: “Okay… I made it, I experienced a little something…”

But I’m no longer afraid of dying without ever having truly lived.  
I’ve accepted it.  
That was my past, it is my present and it will be my future.  
That sentence – that’s me.  
There’s nothing left inside me, there is emptiness…  
and I just want to somehow get through it,  
sometimes find a moment when I smile and it will be okay.  
But I’m no longer looking for meaning.  
I’m not looking for a fulfilled life.  
The kind I’d want – it won’t come.  
It’s just me, my anxiety, my depression and the emptiness inside me. Forever.

I know I’m not a heroine.  
I can’t get up and fight for what I believe in.  
I’m just a person who knows that life is a gift… but also knows how unfair it is.  
I would never hurt myself just so it would stop.  
I just want to survive it somehow and enjoy those few moments  
that – I hope – still await me and will be happy.

Sometimes I feel how the depression shuts me down… like a black cloud.  
Sometimes I lose a thought in the middle of a sentence, it’s hard for me to think.  
I know it’s not my intelligence – I’ve just lived like this for too long…  
And every time this happened, it was a signal for me: don’t let it be like this.  
It echoed so strongly in my head, like the emptiness was nibbling away pieces of my soul,  
as if it was getting into my personality.  
Don’t let it be like this… it’s awful. I don’t want it to be this way.

And I tried. Maybe not enough – I don’t deny that.  
I’m not saying I’m strong, because I’m not.  
But I tried. And even that little bit took a lot of strength from me –  
to find something that would light up a small light in the all-present darkness.

And I searched. Anything. Conscientiously.  
Because I knew I wasn’t fighting for a better tomorrow,  
but for myself.

Darkness, emptiness – that’s not romantic.  
It’s an illness.  
Just like cancer is a disease of the body, this is a disease of the soul.  
And it’s taking me, piece by piece.  
And I didn’t want it. It scared me so much.

But today I know – or at least I have the impression –  
that it will never take me completely.  
I will never want to stop living. Not because of this.

But I’m no longer fighting.  
Let it take what it wants from me…  
I just know that I will always have a few crumbs left.

I don’t want the whole cake.  
I don’t have the courage to want it, because hope is a double-edged weapon –  
and I’ve had enough wounds.

I want to smile sometimes.  
I want to feel the beginning of spring.  
I want to hear my cat meow.

And everything else inside me –  
that desire for something more –  
it can just go to hell.

I once thought that the desire for something more –  
for meaning, for truly living –  
was pulling me forward.  
Now I know that it drains me.

One should learn to let go of what takes more than it gives.",32,27,1753961177.0,depression,user_3526,False,True,2025-08-01T10:00:07.840533
1mep056,Ashamed to admit,"Made this account just so I have a safe space to process and share my feelings with internet strangers who are actively going through or have recovered from my position. 

25f unemployed, broke, and probably depressed. Officially had to ask my sibling for $30 as I was short on a payment. I lost my job a while ago, stopped the money leakage and random spending instantly. Eventually burned through my savings. Actively been applying to all types of jobs and have been unsuccessful. Feel like I am losing my self esteem and confidence by the day. My social life has really gone down as I want to keep within my spending means and not always able to afford even the minor outings or gift exchanges w friends. 

All friends and extended family ask me what I do for work and I am so ashamed to say “I’m unemployed”. My extended family is toxic and is of the belief that one’s education and job are their only valued features. I should be so unbothered about what other people think but I feel so ashamed to admit it. Tonight’s shortfall really pushed me over the edge and I broke down. I see my fellow classmates travelling, working corporate jobs, starting families and I just feel like even looking at other people boasting online has sucked the joy out of my life. 

I really hope I can grow out of this one day, advice appreciated 🫶",1,0,1754029304.0,depression,user_3527,False,True,2025-08-01T10:00:07.840533
1mekqrs,Wish I had a way out…,I’m just sick and tired of living. My life did not turn out how I planned or worked for. ,2,1,1754015323.0,depression,user_3528,False,True,2025-08-01T10:00:07.840533
1meh854,suicide,I will die today I really hate  my life ,3,2,1754005347.0,depression,user_3500,False,True,2025-08-01T10:00:07.840533
1mek0bz,Dread of waking up and doing the same thing every weekday,"I'm so tired of life like this. I wish I could do more exciting stuff in the weekdays than literally wake up, go to work, maybe sometimes go for a walk in a park, lay in bed for hours, or sometimes play videogames too.

Like I want to start doing what I have been doing in college, art and web design. But I'm so uninterested and have no more passion anymore, that it was really all a waste of time and I feel hopeless from it.

I feel like I have no friends in the weekdays than be by myself and sulk in on seclusion. It fucking sucks. I hate it. Like when will it all ever change... I hate living like this.. it's fucking insane to me how I still live like this and I really just want to die eventually soon where I don't have to live like I'm nothing to this world.

I wish things were so much better. But it isn't, because nothing in life is improving now than everything is the same or it could get worse. I'm trying the hardest I can do to survive, but everyday I feel like I want to die. I'm seriously just sick of it all.",2,1,1754013182.0,depression,user_3529,False,True,2025-08-01T10:00:07.840533
1mejwus,I have nothing left…,"I have nothing left that matters that isn’t adulterated by my sexual urges.  

My brain is mush at this point.  I can’t even form a single thought.  

I’m even listening to probably the most disturbing and disgusting sexual asmr roleplay audios on r/gonewildaudio

I just want it to end.  I wanna dream again.  But everytime I do it turns into a sexual fantasy.  I can’t do this anymore.  I’m unemployed and I haven’t been looking for a job.  I’ve just been eating, gaming, masturbating and sleeping.  Mostly masturbating.  

I don’t wanna live like this anymore.  I don’t wanna live at all.  I’m sick of this.  I’ll never get to be a vtuber or content creator like my oshis (Bao the whale, Monarch Amalee, Porcelain maid if yall are curious).  

My parents were right.  Everyone else was right.  I should have given up years ago.  At least then maybe I would have had something for myself now.  

Now I’m just an empty husk waiting to die.  I wish I had never been born.  ",2,8,1754012901.0,depression,user_3530,True,True,2025-08-01T10:00:07.840533
1me6tro,Life is a disaster. How do I restart?,"Very long post here.

I’m recently divorced from my wife of 14 years. Her decision came as a total shock, and then the divorce was really nasty. I’m so gd exhausted.

I have 3 little kids part time (thanks, antiquated southern precedent). I work from home, don’t go to church (atheist), and lost all my friends in the divorce. I’m not close to my family. I’m fairly progressive in a very conservative region, and I won’t move because I want to stay close to my kids.

My entire identity was wrapped up in being a good husband and good father. Now that’s been stripped from me, and I just don’t know what to do next. And I don’t want to get back with my ex after she demonstrated such disgusting behavior during the divorce. Part of this depression is fueled by missing my kids, and part of it is fueled by the realization that I had no idea who the person was that I was married to. I miss who I thought she was, who she said she was, but not who she turned out to be. To say the relationship is now acrimonious is an understatement.

I go to therapy regularly and I’m on meds for depression. I’m frustrated with therapy because they say I’m doing all the things I need to be doing, to give myself grace for not having a lot of capacity for anything right now, but in the end I’m still in this awful place. 

Still, I’m pretty depressed. I barely shower. I eat cereal and frozen pizza. I basically roll out of bed, make a cup of coffee, work for 8-9 hours, get done and watch tv until I fall asleep and repeat. At work I mask pretty well. I’m congenial on calls, engaged and somewhat productive (although not as productive as I’d like or have been in the past). The laundry and dishes pile up, which only compounds my mental state as chaos in the space often does to internal peace. I barely exist as a human being until my kids are with me.

When my kids are with me I’m a completely different person. I’m alive, present, engaged, have much more energy, and can even feel joy and hope. We do fun things together, get outside, play, craft, all the fun things. As soon as they leave, though, I fall back into depression. It’s like I just can’t operate without them in my life.

It frustrates me that I know the things to do to feel better. I know that if I start eating better, moving my body more, and going out to meet people more that I’ll start to feel a bit better. But I just can’t seem to bring myself to do those things. I can’t seem to get over the hump/barriers to actually make a more nutritious meal, or get dressed in workout clothes and go for a walk, or shower and clean up to go out and be around people. In the spirit of engaging in a hobby to help I’ve started several projects that are currently unfinished due to lack of motivation to do the next steps on any of them.

And the meds suck. I have zero libido due to combo of meds and depression. I feel less lucid/sharp on them. I hate them, even though I’m grateful for them helping to keep my depression from being any worse.

And I’m trying to be present with my feelings. I’m trying to honor them and give them space to be. But I’m just so, so exhausted and defeated. 

I watched my dad shrivel up after mom divorced him, and I don’t want to do that. I don’t want to get stuck here. I just don’t know how to get out. 

For those of you who’ve been here, how did you get out of it? Do I just need to be more patient? Was there something that clicked along the way that helped? What helped when you were here? 
",10,3,1753980677.0,depression,user_3531,False,True,2025-08-01T10:00:07.856169
1mejjhg,i want to kill myself,im only 15 and for the past 3 years i have lived my life feeling empty and trapped and im finally sick of it i want to kill myself i think about it everyday multiple times i could write some long explination but im just over it i dont see myself being around much longer i hope my parents dont miss me too much but i want to go somewhere no one will ever find me so they think i just went missing im so over everything ,2,6,1754011817.0,depression,user_3532,False,True,2025-08-01T10:00:07.856169
1mejh0r,I hate the unfairness of life.,"Today I'm feeling worthless, worse than worthless, disregarded, left aside. I'm very angry at life for being so fucking unfair.",2,2,1754011623.0,depression,user_3533,True,True,2025-08-01T10:00:07.856169
1mejgng,I don’t know what to do.,"I (21f) am emotionally exhausted and I don’t want to kill myself but the absolute heartache and misery I feel when I wake up is unbearable. I hate the place I live, I have no money because my entire paycheck goes to bills. I have no friends/social life because when I reach out to people they don’t get back to me. I can’t afford a therapist and I have horrible social anxiety anyways. I feel like I don’t have close friends bc of my personality and ofc I don’t like my body. I’ve been told I’m a yapper/ talk a lot therefore when I talk at work I’m ignored or cut off. I’m just so sick of feeling the need to change myself because I can’t get along with the people around me. I’ve never had a boyfriend and i’ve never kissed a boy or been on a date. And I have unhealthy communication patterns bc of the way I was raised so I also get misunderstood a lot of the time. I literally got talked to at work bc a coworker complained that I was too blunt/straight forward. Wtf does that even mean. I’m just drained from altering my personality every day just to be accepted by others. Even then, the fabricated bullshit version of myself is not enough for other ppl.
It’s gotten to the point where my room is an absolute mess and I haven’t washed my bedding in weeks. I’m breaking out and could use a shower but whats the point when it’s not enough. But unfortunately the only thing that keeps me going is me being a chronic people pleaser. I just live for other people. 

I just want a loving husband and a farm in a nice neighborhood where everyone knows everyone and we all get along, maybe even with a baby on the way. My dream keeps me going but i’m starting to get tired of daydreaming.",2,2,1754011594.0,depression,user_3534,False,True,2025-08-01T10:00:07.856271
1mej697,Nothings helping,"I genuinely dont know what I'm meant to do anymore. Nothings helping. I've felt so empty and like shit since last November. I'm been to some psychotherapist for 3 sessions. I've tried 3 types of anti-depressants. Ive been social all summer - and absolutely nothing is helping. Ive only gotten worse. Im doing everything everyone is telling me to do and I'm still getting worse. I'm trying so hard to get better and to stay. I have a plan in my head that I'm trying to ignore because I dont want to hurt my family and friends, but deep down I think I've accepted it and im scared. And im so mad. Its not fair. Im doing everything im supposed to be doing. I was supposed to get better over the summer. Now schools starting back in less than 3 weeks, and I'm somehow worse than I was before. Its all going to get worse. Im in my last year of school and ill be expected to study often for exams on top of homework and school- i cant even get out of bed. But i cant miss months of school like last year. And the current antidepressants im on arent helping, but my GP said this was the last kind they can give me since im under 18 - so what the actual hell am I supposed to do?? Nothings working. Nothings helping. I've tried it all. Its not fair. Im trying even tho I dont want to be here. Im trying so hard for everyone else around me - yet its not doing anything. Yet im still expected to stay. Whats the point?",2,0,1754010769.0,depression,user_3535,False,True,2025-08-01T10:00:07.856271
1men4mh,August might be the last,"Hi everyone,

I’ve been struggling with suicidal thoughts since I was a kid. Now I’m 27 and sadly those thoughts haven’t gone away. Lately they’ve been more persistent than ever. I’ve had my ups and downs. I’ve even had moments where I could say my life was beautiful. But it’s hard to keep fighting when the thoughts of ending it all keep coming back.

Last night, after more than two years, I ended up self-harming again. That was really hard to admit. And honestly I’ve been thinking of ending everything by the end of this month. I’m still holding on for now because there’s something I need to finish. I really wish I could’ve seen Bad Bunny in real life and met Carlos Sainz for the fourth time, but living feels like hell.

On top of all this, I’m also facing a financial collapse. I’ve tried freelancing, part-time work, anything to keep going but nothing has worked out. I feel stuck even in my current job. Everything feels heavy and hopeless.

Thank you for reading. If you’re also struggling, I hope you hang in there. Maybe we can all try to hold on a little longer together.",1,2,1754022711.0,depression,user_3536,False,True,2025-08-01T10:00:07.856271
1men3wo,Destiny,"I wasn't destined to become/do anything special, Im not gonna be beneficial to this world at all, Im not gonna be an artist who can share his work, or some genius tech guy, or just a normal functional person to society with a decent job and fairly happy life.

I'm either gonna be a fat slob that lives with his mother barely supporting himself let alone help his mom at all with money, or dead by my own hands before I make it to 20, and I'd rather choose the latter. 

Right now I get high every night to numb myself and act a fool, waking up feeling horrible telling myself I'm never doing that again and I'm gonna get better, but then night comes again nothing to do, no one to talk too, nothing to think about besides how miserable my life is and I'm really getting tired of it all.

So yes I've come to the conclusion that nothing good will come out of my life and I'm better off as just another number in any teen suicide prevention awareness ad ever.",1,0,1754022644.0,depression,user_3537,False,True,2025-08-01T10:00:07.856271
1mefd2h,I have absolutely no drive to do anything at all.,"Ever since I was a preteen I started having trouble finishing things, at first it was simple things, like homework and chores I didn't like, but over time it has snowballed into a genuine lack of energy and drive to even **start** anything.

For a couple of years now I've felt live I've been living on borrowed/insufficient energy, just enough to reach the next day. But my biggest trouble is not wanting to do anything, and it drives me crazy, I want to occupy myself but I just don't fucking feel like doing or enjoying anything, I've sunk hundreds of hours into doomscrolling since it's the only thing that keeps me entertained.

It got really bad roughly 2 years ago, I attempted ( due to many reasons including this one) and after I failed I've genuinely never felt full or completely content, I've had good moments and good periods, but it all ends and I end up feeling shitty again.

Not sure if I made myself clear, I'm just rambling but I'd love to hear some advice, any advice ",3,0,1754000459.0,depression,user_3538,False,True,2025-08-01T10:00:07.856271
1mei9u9,I am killing myself,"Honestly i dont even know what to say, I thought it might be a good idea to leave a last message before attempting to OD. if ur interested to know why am I doing this it's because i have lost everything, I dont even have one person to talk to about this, I dont think my family would care if i told them this. I have been blackmailed for quite some time into doing some stuff, they force me to come over sometimes and beat me up, I suffer from depression and OCD and its honestly hard to keep living like this so as a last resort im gonna try to OD on my antidepressants, not the best but ill try.",2,5,1754008183.0,depression,user_3539,False,True,2025-08-01T10:00:07.856271
1memp7s,I get to wallow in my troubles,"Hi. I got reminded of how my typical emotional regulation is terrible, and. I wonder how long it’s been bad, again. I just want to feel things and not deal with the consequences? But I can’t do that, so I think I’d rather just not experience emotion at all. This impossible regulation makes it impossible to socially connect.

I’m just having a deeply insecure breakdown about my shortcomings and now I can’t quite stop picturing the deaths of those in my real life I care about. I can’t tell the bad thoughts to go away right now. I get to feel every possible, deepest piece and pit of grief, multiple times a minute from now until I go to bed. I can’t quite act like this at work tomorrow night so I legitimately need to suffer it out so I can be mentally dead enough to earn minimum wage and act like I don’t want to die. These are my troubles and I can do nothing but wallow in the pain.",1,0,1754021320.0,depression,user_3540,False,True,2025-08-01T10:00:07.856271
1memhcm,"my lifes been downhill for a while, ima finnaly end it when my sister leaves for collage","so like i keep doing fucked shit like skipping school and smoking weed and my parents hate me for it, idk why i do it, but there never gonna get off my ass about it so why try. im a horrible child, sibling, and friend (not like i have many) the only person who truely cares about me is leaving for collage in 4 days and im gonna end it a bit after (prolly once i have no obligations for people to be sad about)",1,2,1754020668.0,depression,user_3541,False,True,2025-08-01T10:00:07.856271
1me6f1s,just tired of everything,"it's 2am and i'm just lying here staring at the ceiling.  
don’t know what’s going on with me lately. i don’t feel sad exactly, just... done. like mentally exhausted for no reason.

nothing feels fun anymore. even stuff i used to enjoy just feels like meh now. i’m always tired but never sleep right. brain just keeps running in circles.

kinda feel like i'm just floating through life, doing stuff because i have to, not because i want to.  
nobody really notices though. i’m good at acting normal.",8,1,1753979743.0,depression,user_3542,False,True,2025-08-01T10:00:07.856271
1memdcm,Not sure what to do,"I've suffered from MDD since I was 9 years old. I also have bipolar disorder and CPTSD. I've attempted suicide more times than i can count and have always managed to be saved.. how, i honestly don't know. I, like many people have suffered a great deal throughout my life. I've always been the ""strong one"", seemingly to those around me, to be able to ""shake things off and move on with my life"". This is has always has been false. Things affect me more than what I let on. Trying to talk to my husband over the years about my experiences has gotten me no where. He says things like, ""it is what it is and it's time to move on"". ""It's in the past"". Of course none of this is helpful. In April I had a complete breakdown. Once I was coherent enough a few days later, I signed myself up for an IOP. I feel like I've made no progress here. I am utterly alone. No family, no friends. Just me and my thoughts alone all day everyday. Each day that goes by I get out of bed less and less. I barely eat, if at all. Life seems to have no meaning. Who am I? What purpose do I serve in this life? I only see that I take up oxygen and space.. some in invasive species. ",1,2,1754020313.0,depression,user_3543,False,True,2025-08-01T10:00:07.856271
1meh86y,I understand now,"You know that one clip in modern family where it's the dad's birthday ( can't remember his name) and everyone is like this is the average guys birthday after (insert number here). It happened, had my 17th birthday and what did I do? Wake up to nothing, see nobody, I tried to see people nobody cared enough. I've got my ID now I don't need to remember my birthday anymore. ",2,1,1754005350.0,depression,user_0694,False,True,2025-08-01T10:00:07.856271
1melvjs,I’m alone,"Since becoming chronically ill… I have no one. My friends all left & made fun of me. No one stuck by my side. I have no family- I was uninvited from being my sisters made of honor because my disability was too embarrassing for her.
My husband is trapped taking care of a POS that can barely get out of bed half the time. I’m just done… I have surgery the 5th and I hope I don’t survive. I’m praying I don’t survive it…I’m done. I’m not mad or upset anymore, I’m completely numb for the first time in my life.

At least if I die in surgery, he gets life insurance and can live his life. He’s no longer tied to this waste of a person. ",1,0,1754018737.0,depression,user_3544,False,True,2025-08-01T10:00:07.856271
1meltas,I have no hope anymore.,"Bullied my whole life, ever since I was 5 years old I feel different from everyone. Diagnosed with psychotic depression in young age, and now I'm still a teen school is draining me, the scars on my arms looking at me. I feel guilty, I have toxic family. They always abuse me, I've been raped when I was 13, told my parents they didn't take action because it was shameful. Now I'm forced to go to school, I didn't I'm always absent. They say I'll fail in life if I don't go, I don't care. Do I look like I care about my future, I don't even see my future. I have no hope, and getting out of this world is my only hope because at least I can be at peace.",1,1,1754018537.0,depression,user_3039,True,True,2025-08-01T10:00:07.856271
1melps8,I don’t want to feel like this,"I am fine one second, but the next i am extremely sad. I am not sure how long but i am at least a couple months sober from s h. every day i think of relapsing. i never do. i have a girlfriend who i love endlessly. she makes me happy and makes me feel safe, when im not with her i don’t feel like i am myself. i don’t want to be codependent. i don’t know if i am at that level yet, though. my brain is just sad all the time. like all. the time. i cry constantly then i’ll snap out of it like some sort of spell. sometimes i question if ill be able to feel better and its just an endless cycle. is it normal? is it just depression? sometimes i question if i could be bipolar or have bpd but don’t have access to be able to get diagnosed. i just need to know if anyone else is this way ",1,0,1754018235.0,depression,user_3545,False,True,2025-08-01T10:00:07.856271
1me51e0,I don't want to do this anymore,"I don't really make posts like this because I'm embarrassed. I'm just getting the thoughts out while I'm at work. I'll delete it later I guess.

My life is falling apart. The future seems bleak and hopeless. I can barely eat. My head and my heart hurt all the time. I cry randomly. I want to sleep all the time and hope so badly that I don't wake back up.

I'm already medicated and have a diagnosis of Bipolar II Disorder. I can never get over that hump to being truly okay.
The few people in my life can tell I'm struggling but I hide the extent of it as much as I can.

I don't have the mental or physical energy to change or do this anymore. I'm a weak person. I can't stand being in my own skin. 

I'm approaching 40 years old and I think my road is coming to an end.",7,4,1753976644.0,depression,user_3546,False,True,2025-08-01T10:00:07.856271
1me90cw,how do i tell my friends,"hello, i hope you’re all doing… ok ? (feels a bit weird to say that on this sub aha i wrote by habits… but i hope today hasn’t that bad for you at least)

i’m not rly sure where to post this, but i have no one to ask abt this since this is basically the point of this post so..

i’ve always struggled w mental health as much as i can remember, i was in depression from middle school to high school and since uni i’ve been working in therapy and it seemed to be going rather uphill despite the down moments but recently i’ve hit rock bottom in a more overwhelming way than ever before.

when i was 14 i wasn’t rly su*cidal per say, but it was more of a… ""i don’t wanna die, i just wanna stop existing"" kind of depression u know ? i didn’t grow up in a family where talking abt ur feeling was normalized so i never shared those feelings to my friends and i kept everything bottled up and miraculously made it out of high school.

i started therapy and i learnt and grew a lot and things were looking ok for a while but recently… it’s been rly bad. differently from high school, it’s not that im overwhelmed by everything its more that… i don’t see the point in living anymore v honestly. i found out a dream that i’ve had since childhood is more than likely unattainable, i quit my job following a burn out and i honestly have no idea what job i should take next, i have no prospects, no boyfriend, can’t have sex, i have no passions, no hobbies, all my 5 friends are out there getting ready for the next step of their life, settling down while im still living at my mom’s in my stupid countryside town, and even if i wanted to move where would i even go, i have no money and with the loneliness epidemic going around ill probably be miserable anywhere. everything just seems so pointless honestly… for the first time in my life i genuinely thought abt ending things. 

i don’t think i will, i’ve sat w these feelings and the urge has calmed down. but still…

im doing pretty bad.

i want to tell someone, anyone, but my therapist is on holliday for another month and i’ve been ghosting my friends for weeks because… what do i even tell them.. how do you even talk abt this…

also im a bit hurt bc i did try to tell them, i mentioned that i was doing bad and was having ""dark thoughts"" (which for me is a pretty known euphemism for 🔪 urself but maybe not ?) and basically my friends were like ""aw :("" ""i hope u feel better soon, you shouldn’t have these thoughts"" which… i understand it’s a heavy subject and none of my friends are therapist / trained to handle these conversation but like… i tell u i’m having dark thoughts, i stop answering message and u stop reaching out / don’t seem more worried than that ?

i realize i might be selfish and i should just reach out if i want them to be there so much but it’s tough always feeling like people don’t care that much abt you…

and also i have no idea how to reach out… im not good w/ emotional conversations and talking abt my feelings seriously.. and also im scared it’ll change things like what if they get awkward and don’t know what to do or distance themselves from me ? i know that if they do react that way it means they were never rly my friends, but again that’s not the best thought for me to have rn so i’d rather avoid it… 

so yeah… how do you tell ur friends ? it’s not even abt asking them for help, i just feel so alone i don’t like ghosting them.. my friends are my power type shit 

hope this is the right sub to post this, i genuinely have no idea what im doing im just trying to reach for something, anything

good luck to anyone going thru similar things, its tough out there </3",5,6,1753985614.0,depression,user_3547,False,True,2025-08-01T10:00:07.856271
1meg9ip,Is there a reason for life?,I just want to know. I'm going through a lot right now....and I just want to hear the voice of someone who cares...,2,8,1754002794.0,depression,user_3548,False,True,2025-08-01T10:00:07.856271
1med0je,My dad is annoying tf out of me,"He fucking gets mad when he see me not getting any better and he fucking force me to do stupid religious rituals as he thinks I’m “possessed” I used to say NO but he keeps insisting over and over until I said yes just for him to shut the fuck up. He fucking pretends to be really sad about what I’m going through and be like why can’t you understand that seeing you like this hurts me and I also feel tired when I see you like this, he fucking claims that his lungs issues are associated with him being sad over me and he can’t really bear the pain, and he be like are you trying to kill me? How fucking come I’m trying to kill you I’m literally just minding my own business trying to be alive and not kms and now when he does this I feel like I want to die even more because he just making me this intense guilt that I can’t really handle. ",3,0,1753994825.0,depression,user_0469,False,True,2025-08-01T10:00:07.856271
1me4kp5,I’m really tired of suffering.,"I keep trying so many different things to make myself feel better. Tried to change my lifestyle and for the first time in my life, a couple months ago, I almost felt like a normal person. It was weird. I assume it was some type of manic episode because I’m back to where I was, maybe even worse than before. 
I hate my job, I refused to use the word hate for so long, but that’s all I can use to describe how I feel. My mother will never love me as much as her boyfriends. I’ve pushed all my closest friends away and it feels like it was for the best. If I don’t push them away, they just leave on their own anyways. I don’t know what’s wrong with me and I’m not gna blame others for how I feel. If I’ve felt this way for so long, if the same things keep happening, obviously I am the problem. I feel so worthless. I’m so stressed out, my period has been late for almost a week and this has never happened to me. I’m in a viscous binging/purging cycle and I just wish I had the energy to have some self control. I need to stop giving into these negative thoughts but I just feel so weak right now.",9,1,1753975582.0,depression,user_3165,False,True,2025-08-01T10:00:07.856271
1mel1kp,Modafinil or Vyvanse for depression?,Anyone had any luck using modafinil or Vyvanse to help with fatigue? I’m constantly tired and want to be asleep and Vyvanse has helped me in the past. My psychiatrist mentioned modafinil and says he has had a lot of success with it on other patients. Curious if there are some success stories with the modafinil if any. Thank you 🙏 ,1,3,1754016213.0,depression,user_3549,False,True,2025-08-01T10:00:07.856271
1meg5zy,Maybe I commit suicide?,"I’ve never been really suicidal. But there are some nights like this where I feel nothing makes sense and if I’d just end it all I’d have no more issues.
I always told my self don’t run away from problems like a baby. 
Somehow I am considering suicide but on the other hand I am way to scared to die. 
But just talking about my issues doesn’t help me at all. All that bullshit people tell you when you complain about your issues or cry is : you are loved, there are better times, keep it up, chill out, grow older. 
Dude it’s not getting easier it’s getting worse. Anything I touch I somehow break. Doesn’t matter if I just crack it or break it completely. I have the feeling I ruin everything. Therapy never helped me. 
So idk this text here is useless like everything why would strangers care. They don’t if they say they do, for what reason would they? If I just died none of you would know nor would it change anything. 
So hell, I am going insane. 
Get me out of this Hell hole people call life. ",2,3,1754002531.0,depression,user_3550,False,True,2025-08-01T10:00:07.856271
1me54x2,How can i cope to be sane?,"Im 27, and my therapist diagnosed me with depression, witch was odd. I never thought that my emotions where off, but that was the whole point, i am autistic (i just found out trough therapy, i am grade 1) and i constantly struggle to manage my own expectations,  even feeling stupidly lonely, and recently i got the diagnose of depression, and my brain is messy, so i do not find out a way to keep going, cause im feeling everyday worst, even with a 6 years relationship, i do not feel happiness at all, i just need to vent my frustration, cause therapy does help, but going to just vent i feel is a waste of money",6,2,1753976862.0,depression,user_3551,True,True,2025-08-01T10:00:07.856271
1mek4zq,No creí que volvería a esto....,"Hola, soy Daniel, un chico trans de 23 con depresión, que es universitario y tiene más deudas que tareas pendientes...
O tal vez sea al revés....
No lo sé. 
No puedo creer que estoy necesitando tener otro grito de auxilio por aquí otra vez. Si revisan mi perfil. Tengo constantemente gritos de auxilio ya que... A pesar de que no vivo solo... Me siento muy solo.
Y me tardé meses en volver a escribir este grito de auxilio ya que por cuatro meses creí que mi vida estaba mejorando... Vivo con mi amiga, que todo era más tolerable cuando llegué a esta casa, y ella estaba soltera. Tiempo después tuvo un novio. Y hasta su novio notó que me sentía solo. Después de llorar y suplicar por ayuda. La vida me mandó un hombre muy lindo que tiempo después se convirtió en mi novio. Él era mi compañía y ya no me sentía tan solo. Pero hace una semana se fue de mi vida y me duele pensar que estoy volviendo a dónde me costó salir. Ahorita vengo aquí buscando algo de compañía. Porque ahora este cuarto que estaba limpio y medianamente ordenado... Siempre estaba lleno de él. Ahora hay un desorden y está vacío, y sólo estoy yo... No pido mucho. Sólo quiero hablar con personas reales. Nada más. Aunque creo que por mis necesidades y miedos, tal vez fueron mucho para él. Y por ello se fue.",1,0,1754013559.0,depression,user_3197,False,True,2025-08-01T10:00:07.856768
1mef4vr,I want to cry,"Those are the only things that I think would soothe me, NICOTINE, NICOTINE, AND DEATH. ",2,1,1753999890.0,depression,user_0469,False,True,2025-08-01T10:00:07.856768
1meeg9b,Don’t think I can do this anymore,I really want to live but the life I have at the minute doesn’t seem worth living and it’s been like this long enough that I’ve completely lost hope. Everything is hard I work a dead end job got no friends never been in love. Disabled not in a wheelchair but its disabling enough that it effects my job prospects and daily life. I’m in constant pain. No one gives a shit about me. Can’t enjoy sports like I used to i can’t participate I thought about joining clubs. I hate myself and am insecure about my looks and my scars. I feel like quitting my job and driving somewhere no one knows me. I can’t deal with the constant anxiety I have to face daily. I got nothing going for me I feel embarrassed about everything. I’m in my mid 20s and my life is basically over. There’s this girl I work with that i like and I think she may like me but I feel like she would never like me if she knew the real me and that I have nothing going for me or anything to contribute. I just want this to be over now  ,2,0,1753998253.0,depression,user_3552,False,True,2025-08-01T10:00:07.856768
1medx5p,Failing,"Well not only am I a lazy piece of shit I’m also a huge burden on everyone around me. Did ok first two semesters of college but this summer semester I’m failing hard. Like a 5% grade in one of my classes hard. I make excuses like “I’m depressed,,” or “I don’t know what to do with my life,” but the truth is this is just horrid. My parents wasted thousands of dollars on my sorry ass and all they get in return is an even smaller chance to retire. I don’t even want to fix my life at this point I just want to drink until I die (hopefully soon). Hanging didn’t work last night I bitched out last second, can’t even do that right. I just hope when I’m gone all the stress for my loved ones comes with me. ",2,1,1753996966.0,depression,user_3553,False,True,2025-08-01T10:00:08.981595
1meagtq,I just feel really down…,I’m just feeling really down today and need someone to talk to. I feel guilty because I wouldn’t want to burden someone with my issues either. I just don’t know what would help at this moment because my head is a complete mess. ,3,9,1753988955.0,depression,user_0507,False,True,2025-08-01T10:00:08.981595
1meizi5,I Feel Terrible Today.,"As the title of the post indicates, today I'm feeling terrible and depressed, there's a mixture of emotions, all negative, I feel sad, I feel hurt, I feel hopeless, I'm very angry, I feel empty, I feel like my feelings are being disregarded, it's bad, it's really really bad. Every time life seems to be giving me a break I'm brought down again. I hate it, I fucking hate it. Life feels so unfair at times, so unfair.
I'd be grateful if there was someone to talk about this.",1,0,1754010230.0,depression,user_3533,True,True,2025-08-01T10:00:08.981595
1meivg0,Post as sharing my only motivation for living that can be your motivation too,"Soo I've seen a lot of posts that have said that they don't have a reason to live and that their lives are horrible etc. so I thought, why don't I share mine because it really helped me (only downside is that you might go cray cray butt it's better than nothing I guess) So my motivation is revenge AND BEFORE YOU CLICK AWAY here me out on why. So my story is that everyone I knew hated me in some way, shape or form and I was pissed and thought I was a disappointment but at the same time I figured it was all their fault because if they were truly good people they would forgive me so I made it my only life purpose to surpass anyone who got in my way and to become an amazing manipulator so nobody will ever even say a single bad thing about me and so far, it's been going amazing! I have friends who actually care about me and all the other 300 friends who didn't were all surpassed and discarded. I hope this helped and if you (9somehow) need more motivation, here's some toxic motivation to live: (putting in all bold so that you can red it first if your too lazy) IF YOU DIE, NOBODY WILL CARE, EVERYONE WILL MOVE ON AND NOT CARE EVENTUALLY SO ESSENTIALLY SINCE WE DO NOT KNOW WHAT WILL HAPPEN AFTER YOU DIE THAT COULD'VE BEEN YOUR ONLY LIFE AND YOU COULD'VE SOMEHOW TURNED THINGS AROUND.",1,0,1754009907.0,depression,user_3554,False,True,2025-08-01T10:00:08.981595
1mea4pv,I might just end it all.,"This world is just getting fucking worse and worse. The censorship, the data taking, the tracking, the privacy violations, and the “protection of kids online,” is a mere fraction of the problems that eat away at me. I could try to rise up and build some sort of revolution but what the fuck would be the point? I lack funds, people, military, and even skills for hacking which would 100% be needed… so what am I even here for… just to suffer while the world burns? While humans make ourselves go extinct? Is this all there is? ",3,5,1753988195.0,depression,user_3555,True,True,2025-08-01T10:00:08.981595
1me7m1n,Need help,"Idk what's happening to me and it's been 11 months now. I don’t know where to begin. My hands won’t stop shaking. I cry randomly. In school. At home. In the washroom. I cry and I don’t even know why. Sometimes it’s like this huge wave of sadness hits me and I can’t breathe. And then I hear things. Like actual voices. Once it was a boy screaming then recently a sound of calling out mom and I don’t even know who or what that was. I keep seeing weird flashes, feeling cold out of nowhere, and getting sudden unbearable headaches and dizziness feels everything’s spinning. And I've now started to see paranormal things too I'm scared of everything and everyone even those person who were my safe space.
I tried to keep a diary. Just to let it out, somewhere. ONE safe space. Guess what? My family read it. Violated it. Mocked it. Now even that is gone. And now the cherry on the disaster cake they’re blaming a boy.
Yep. Apparently everything my anger, tears, shaking, breakdowns it’s all because of some imaginary “boy drama.” Wtf??? Why is it so hard for people to believe that maybe I’m hurting because of them? Because of years of pressure and no peace and no privacy? Because of feeling unloved, unwanted, and unheard?
I don’t even feel real sometimes. I get so mad, like an explosion waiting to happen. But then I crash right after, crying like a child who just wanted someone to notice they’re not okay.
I don’t want sympathy. I don’t even know what I want. Just… maybe to scream somewhere where no one will turn it into gossip or another reason to say .. I'm not okay. idk what's happening ",5,1,1753982456.0,depression,user_3221,False,True,2025-08-01T10:00:08.981595
1medi1w,There are no signs for loyalty.,"They can love you, care about you, you can sleep together and share the same food and go through things together, you can be the person they care about you the most and they really do, they can prove their loyalty with actions and words, but they will still cheat on you. No matter how long you were together and hod deep your relationship was they can still cheat on you for reasons like: looks, body, lust, they like how the other person talks, and a lot of stupid reasons. I started thinking that no woman is ever loyal, they all cheat in a way or another, physically, emotionally, and whatever you can think of. In the end I'm not attaching woman I'm just charing what I have in my heart and brain.",2,1,1753995952.0,depression,user_3556,False,True,2025-08-01T10:00:08.981595
1meio74,..,"I've been thinking about suicide because wtf is this?
Work, work, work, what am I? Rihanna? 😂 except broke and can't  get even get my damn license and I'm 31 about to be 32 in 15 days. 
Like there is literally zero progress in my life and then to top it off where I'm supposed to put in the effort I won't and I guess I'm blaming my anxiety but maybe I just comfortable where I'm at but if that were the case then, wdf am I complaining? 😂 I guess after all this time of trying I just give up .. I'm gonna try to stack some money just to have fun with it and when it's out I hopefully successfully end my ridiculously pathetic existence 🙃",1,0,1754009330.0,depression,user_3557,False,True,2025-08-01T10:00:08.981595
1meik7z,Eating and starving and eating,"Ive struggled with depression, anxiety, severe adhd, bpd, and an ed for a while now. I can’t stop binging. I found out zoloft numbs me so much that i dont think about food until it wears off. I plan to abuse it. Im going to take it at 12pm everyday and not eat before that, maybe omad if needed after with people. I want to starve myself as self harm. I lost 8lbs this month and have gained it all back in a few days. In the past two weeks ive been so depressed i barely workout or do anything at all. Im alone all weekend i plan to see if i can sleep through it all. I wish to be skeletal looking by the end of the year. My whole life everyone has ignored my pain and told me im overthinking it. Every day my mind wishes i was dead i have lost all my hobbies my personality i hate everything. Im going to starve until i die. Im going to start eating so minimally im going to abuse how zoned out the meds make me feel, i switched rooms theres a lock on my room now ill lock it and put a sign in the door telling me to not leave. I will not eat they will see how in pain i am. I dont even want to starve so im “skinny” i dont have a typical ed i dont have body dysmorphia i understand how it all works im not even scared of food. I use it as a punishment because they took away my blades. Instead of eating and gaining and punishing myself, ill do it to my mother. Im 20 years old now, she fucked with my life so bad.
",1,0,1754009016.0,depression,user_3558,True,True,2025-08-01T10:00:08.981595
1med4f2,i am a disgusting person. i am filthy. i have many flaws. i just want to keep going.,"one of my flaws is my face. i hate showing my face. i think i need surgery to make myse;f look normal. but im too broke for that. i dont have a lot of love for myself but im working on it. i think i need friends to keep me grounded but i fail to form any meaningful realtionships as a 25yr old. i cry so much before and after i wake up. i carry myself like a good upstanding person in society but im really not. im the complete opposite. and i want to end myself almost every day. yet, my dumbass brain still believes theres a way out of this tunnel. that all of us even me included could achieve a form of happiness in today. but i fall apart like a house of cards when i cant answer basic questions. i crave love and i love hard but i believe that it wouldnt happen to me bcs of how i am and i think that's true. i really want to love someone but i dont love myself fully. that's my problem i believe. and also i don't have many friends to talk to, at least deeply on these kinds of subjects and whatnot. i don't think im a bad person. just lacking something and waiting for that something to be fulfilled. god i just want to be happy.. why is death very teasing in to adulthood? is this a precursor to what life will become bcs of said adulthood? just misery and said death? i think death isnt a bad thing. just part of life. everyone dies everyday. what makes me dying a bad thing? do u think me dying is a bad thing? maybe i need a therapist lol. ",2,0,1753995082.0,depression,user_3559,False,True,2025-08-01T10:00:08.982599
1meiexf,Pathetic,"I’m truly pathetic, it’s no reason for me to be alive 
I’m such a disappointment.",0,9,1754008586.0,depression,user_3560,False,True,2025-08-01T10:00:08.982599
1meic2x,Help me,"Severely depressed, can’t get any help. I try to call up my country’s helplines, just get people with strong indian accents answering with no empathy, just a robotic sense of employment. 21, female, bmi 16.5, relatively good looking, guys have said I’m a 7/10, IQ is 115. Chronically sad. 

I’ve cut out all sugar, carbs, additives, but I’m still so sad. This sadness won’t stop. 

I’ve tried sertraline and fluoxetine, not a fan of either. I’m not going to try anymore antidepressants. Right now I’m self medicating with alcohol, but I don’t want to get fat or wrinkly long term. I walk 20K steps daily, but I’m not getting any of those magical happy hormones. What vitamins should I take? What routine should I still to? Very good at sticking to routine, I have a militant nature for it. 

Please help me. Europeans only. I’m a disgusting evil racist, and one day I’ll kill myself, but for now I just want Europeans to help me. Please. 
",0,2,1754008357.0,depression,user_3561,False,True,2025-08-01T10:00:08.982599
1mei9wk,I’m killing myself,"
i don’t even know if i wanna do this
part of me still hoping someone texts or knocks or just notices but no one ever does
i’ve been screaming in silence for years the blade here it’s easy too easy
i keep staring at it like it’s some kind of answer 
i’m tired.
but also scared
i’m sorry if this is the last thing i write idk why I can’t move on 
Bye.
",1,14,1754008189.0,depression,user_3500,False,True,2025-08-01T10:00:08.982599
1mei7x8,i told my parents that i feel depressed and they told me that i’m actually just a lazy loser who won’t amount to anything in life because i’m just so lazy,i told my parents that i feel depressed and they told me that i’m actually just a lazy loser who won’t amount to anything in life because i’m just so lazy,0,4,1754008037.0,depression,user_2168,False,True,2025-08-01T10:00:08.982599
1mei7nt,I want to die,"27M here. It’s been more than 1 year that i have lose all my money to gambling, i have too much debts from the bank, friends, family, and even some strangers, i can’t pay them anymore… I’m tired of my parents calling me some looser of the family terms between them, I’m even known as someone that can’t be trusted between my friends because i don’t pay back my debts to them and even lied to them that i will pay them back sooner, I can’t stand the looks of my work colleagues because they have seen my way of life changes, they have seen that i don’t have money anymore, that i even sold my car… I can’t stand life anymore, I want to end everything, I will try my best to do it, it’s my only solution.",1,1,1754008016.0,depression,user_3562,False,True,2025-08-01T10:00:08.982599
1mei2is,You only hear negative things here so I'll post something positive,"I used to have the same thoughts you guys have, I know that 

Importantly, life is far too beautiful for you to have such thoughts 

Relax and play online games that helped me get rid of these thoughts 

Well, I was also interested in which belief is the right one 

Since I became a Muslim, I've been doing really well 

Maybe this will help you a bit 

You are a person like everyone else and you are also at the center of the earth, you are the most important thing, remember that ",1,0,1754007629.0,depression,user_3563,False,True,2025-08-01T10:00:08.982599
1mei1v2,Sick of being alone. I want a partner.,Been single almost 9 years. I'm a singer and I'm not terribly fat so I don't understand why I can't find someone. Maybe I'm too picky. I used to be in better shape so thinking that's probably it. Im not in the best mental health but I'm trying to be better and I hope someone sees that eventually. Maybe it's God's plan but I'm inpatient and I live in a small town. ,1,4,1754007582.0,depression,user_0094,False,True,2025-08-01T10:00:08.982599
1mecdui,Tonight’s the night,I have tried everything I’m going to go about my business as usual and let it happen ,2,1,1753993369.0,depression,user_1622,False,True,2025-08-01T10:00:08.982599
1mec1f3,I really need help,Im in a really bad place right now and I need some encouragement and advice. I feel so overwhelmed and hopeless that I've been considering giving up. I want a to find a support group or a community that can enrich eachother. I wanna find something to live for.,2,3,1753992576.0,depression,user_3564,False,True,2025-08-01T10:00:08.982599
1mehi6a,I want Love and Peace,"Ever since I was a kid, I desired love and peace. But no matter how much love and compassion I gave out, no matter how much I chased peace, I was never given that. Instead, I was brutalized time and time again. I have tried being strong, I have tried to cling on to hope, but i’m tired. I’m exhausted. I just want Love and Peace for once in my miserable life. ",1,0,1754006099.0,depression,user_3565,False,True,2025-08-01T10:00:08.982599
1meheyb,Does it ever go away,"Hello all! 
This is my first time posting something like this. I guess it’s also my first time not running from what I’ve been dealing with and finally admitting it to the sea of people on here. I was just wondering if anyone got better from it all? If anyone on here found peace with their heads? I don’t know how to put it but it just feels like there’s a giant cloud in my head. It’s like I’m slowing down and I can no longer distract myself with things anymore. Note, I’ve never hurt myself and I don’t plan on it, but I’m just so tired of it all. The second I look away from someone, the second I look at myself in the mirror, the second that phone call ends. I just feel so alone. I don’t know what to feel honestly, and I don’t know what I want. I feel like I’m just wasting my life away. Like I’m poisoning myself, like my mind is out to get me. Honestly, I just want to know if anyone feels the same? 
Thank you for reading. 
Love you all! ",1,4,1754005844.0,depression,user_3566,False,True,2025-08-01T10:00:08.982599
1me8fkp,My life is a real hell,"For some time now I have been living with major depression, many other disorders related to my trauma, and also physical problems that have resulted from it. 
Every day is a battle that is not seen, and that few seem to want to see. 
The suffering I feel is as if it were invisible to everyone, but to me it is everywhere. I often wake up after a few hours of sleep, feeling profoundly unwell. I am overwhelmed by panic attacks as soon as I open my eyes, it is as if for a moment I am the person I was before, and then the bitter reality hits me again. That trauma, that fracture inside me, comes back to crush me every day. I feel drained, confused and tired in a way I can't even explain anymore. 
My mind also forgets what is important, even the thoughts themselves or the memories from which I took refuge, (even just writing this I have many difficulties and forgetfulness), and this makes me feel frustrated and even more alone and misunderstood. The little I manage to sleep is now my only refuge, even if I often find myself in horrible nightmares, but they are still better than the reality I experience. 

I miss the strong, independent person I was. Even when everything was falling apart, I was able to stand. Now I feel like a confused child trapped in an adult body. I miss my passions, my mental well-being, the ability to take care of my body, my stability... I could go on forever. 

The only thing that makes me think about still being alive is my puppy. I raised him as best I could, with a thousand difficulties. He already met me in this state, and perhaps this is precisely the cause of his overprotectiveness. 
He seems to feel everything I experience, and I feel guilty about it. 
Sometimes it seems to me that we exchange long conversations just with our eyes, which are worth more than a thousand words. He is the only being who has never betrayed me, and I will go on as long as I can, for him. 

I write here not knowing exactly what I'm looking for. Maybe just someone who will listen, without judging, someone who knows what it's like to feel so lost and alone, and who can share even just a few kind words. 
Thank you, so much, for even reading all of this.",3,1,1753984298.0,depression,user_3567,False,True,2025-08-01T10:00:08.982599
1mebsuw,I’m tired,I want to sleep forever but I know it’s so selfish but im so so tired I just want relief I genuinely am so sick of looking at myself in the mirror,2,0,1753992041.0,depression,user_3568,False,True,2025-08-01T10:00:08.982599
1meh9t9,Is living on autopilot a good or a bad thing?,"I really wish I could be one of those people who just wake up, get ready, and go to work or school without overthinking everything. I keep overanalyzing every little action I take, wondering if tomorrow will be a better day (it never is). And that leads to anxiety because I already know it’s going to suck. At the same time, I wish I could be aware of my actions (if I were mentally okay). Just imagine how nice it must be to plan your day and actually follow through with your goals in an honest way. I keep going back and forth between these two things all the time. What would be better: living on autopilot or being fully aware of everything I’m doing? The problem I see with being conscious of our actions is that it can lead to frustration. But if I were in a good mental state, I think that’s something I’d like to try.",1,2,1754005468.0,depression,user_3569,False,True,2025-08-01T10:00:08.982599
1mdwr0q,"help me, i want to end my life",i want to die!!! I am tired of this anxiety and feeling hopeless. i want it to end! ,14,10,1753953222.0,depression,user_3570,False,True,2025-08-01T10:00:08.982599
1megr6r,Why is my mood all over the place,I've felt marginally better for the past two-ish days. It seems like I am going from happy to sad to happy to sad over and over again. The switch is usually sudden and happens every hour or so. I do have bipolar so maybe it's just acting up or something. It making me feel so crazy to be going from normal to sad and back so many times like people see I'm happy then sad and nobody knows what the heck is going on with me haha. I'm also I guess just wanting to hear from some people that I'm not alone cause a lot of people came through on my last post here when I was REALLY struggling and it helped a lot.,1,0,1754004075.0,depression,user_0076,False,True,2025-08-01T10:00:08.982599
1mego72,Am I depressed or just stir crazy?,"For a while now I haven't found much joy in things that I often do to fill my free time. Gaming, reading, cleaning, watching youtube, coloring; all of it just sucks. I want to do something to not be bored but can't bring myself to actually do anything but it all sounds like too much. I can't drive, so I can't leave the house and I can't go for a walk because it's way too hot. I live with my boyfriend but often get left home alone for days at a time because he travels for work. He's usually gone for about 4 days at a time but this time he's on vacation with his family for a week. I didn't go along because this was planned way in advance before I even moved in with him. Plus I can't just take off work because I don't get any sick leave or PTO. 

I don't know, nothing feels good and everything is stupid.",1,0,1754003843.0,depression,user_3571,False,True,2025-08-01T10:00:08.982599
1megmn2,How do I cut myself without pain?,I want to do it I feel like I need to release but I'm scared of the pain,1,20,1754003731.0,depression,user_3572,False,True,2025-08-01T10:00:08.982599
1megjeq,Suicidal thoughts put into writing ig kinda ass,"

The morning after, the house is quiet, save for the scratching at the door and needy meows from a cat that doesnt understand what's going on. Your bed still messy aside from the plush that carefully lays in its spot. 

It's dark, the curtains drawn shut, the light off with no reason to be turned on anymore. 

Clothes on the floor that weren't going to be picked up, an unorganized pile of things meant to be taken care of but were pushed aside.

The clanking of food against the metal bowl as your cat was being fed, except by someone else's hand. 

Every toy, every book, perfectly in place. As if you were on another week long trip, going out of town as per usual. Except you wouldn't be back. 

Your phone buzzes. You can't renew your streaks anymore and they begin to fizzle out. Your daily login streak broken as your accounts fade away. 

You aren't there to reply to anyone. It gets lonely. You always reply as fast as possible. That will never happen again. 

You lay in your grave.

It is cold.

You are alone.

But you are free.

I am free.
",1,0,1754003495.0,depression,user_3573,False,True,2025-08-01T10:00:08.982599
1mdy5f1,Single mom 2 kids you have to live for,"I have kids that needed me. I know I cant just give up on them. but i just dont want fight this battle.. too heart broken too broke too many responsibility too less left for myself. 

im fucking drowning and i dont want anyone to know or feel. 

I want to die. or just dissappear. ",10,6,1753958478.0,depression,user_3574,False,True,2025-08-01T10:00:08.982599
1meggzj,I just want to die,"Im tired of living 
I'm tired of being me 
I'm tired of suicidal thoughts 
I'm tired of loneliness 
I'm tired of ALWAYS being wrong
I'm tired of ALWAYS messing shit up 
I'm tired of crying

I just can't handle it anymore ",1,1,1754003326.0,depression,user_0104,False,True,2025-08-01T10:00:08.982599
1me1gxq,not suicidial - just sad and stressed,"I don't want to die, I want to harm myself bad enough to end up in hospital to prove that people actually care about me, to let them know how much I'm struggling. I don't know what to do. I know that it will jeopardise my future (I'm a university student going through placements), although I don't really care to much. ",6,0,1753968225.0,depression,user_3512,False,True,2025-08-01T10:00:08.982599
1meg5el,i don't deserve to have friends or a relationship,"i just can't handle them. i don't want to but i push them out. i don't know what's wrong with me. i want to block everyone i know and never talk to them again. but i know that soon I'll go back begging for their attention again. i don't want to be an abusive manipulator but i guess i have to. i guess that's why they always leave, too.",1,11,1754002487.0,depression,user_3575,False,True,2025-08-01T10:00:08.982599
1meg42i,What if I did it?,Ik i posted earlier. But idk if my partner js ended themselves. They said they will. And idk if they have. And im ready to do it too.,1,3,1754002388.0,depression,user_3576,False,True,2025-08-01T10:00:08.982599
1meg11t,I’m suffering,"I had a suicide attempt a month and a half ago, and today I regret not following through. I’ve lost a ton of work. I’m 59, and what I am amounts to nothing. I’m suffering, and my life leads to nowhere but suffering.",1,1,1754002172.0,depression,user_3577,False,True,2025-08-01T10:00:08.982599
1mea5u0,Thinking about running away !!!,Sick of my foster parents !!,2,1,1753988271.0,depression,user_3578,False,True,2025-08-01T10:00:08.982599
1mea4y4,"Unable to determine whether this is depression, or drug-induced. Need help","
Hello reddit. I am in a very difficult situation and i need different opinions on this. So i dealt with anxiety and ocd issues all my life, and have been diagnosed with GAD two years ago, but depression is not something that i usually struggle with. Nor have i ever struggled with anhedonia or apathy before. I’ve only ever had 2 bouts of depression, and the first episode occurred last year due to a life situation and resolved once the situation resolved. 

Back in November, i went through a really difficult anxiety and depression episode after a breakup. This was the second time i have had depressive symptoms. It featured the classic symptoms, sadness and hopelessness, lack of appetite, difficulty sleeping, etc. As well as severe anxiety. I finally caved in to medication, and was prescribed Paxil 50 mg, Trileptal 600 mg, and Saphris 5 mg. The medications worked perfectly, and all symptoms resolved. Everything was going really well for the first two months, until February, something happened. Seemingly out of nowhere, the following symptoms occurred:

1. I lost all motivation and initiative to do anything 

2. My emotions are blunted, i dont feel negative emotions or positive ones. Nor do i feel enjoyment anymore

3. I have become really cognitively impaired. I am struggling to think, rationalize, or make decisions. I am also struggling to write

4. I have become unable to speak to people. No matter how hard i try, i can’t find anything to say and i am forced to stay quiet. It’s like my mind doesn’t generate speech anymore.

I tried switching medications, to Effexor and Zyprexa, and symptoms persisted. I stopped all psychiatric medications 2 months ago, and symptoms won’t go away or improve one bit. At first i assumed that this had to be because of the medications, but the doctors say that if it was it should’ve gone away by now. Multiple doctors now believe that this is “atypical” depression. However, i am not buying it. I have never experienced such symptoms except after taking the medication. Symptoms don’t really align with depression. It would make no sense to develop depression suddenly out of nowhere, with symptoms that look nothing like depression. Depression is not something that i have struggled with in my life either. I discovered a condition called ssri-induced apathy, which would be a much better explanation, however i cannot refute the fact that symptoms should’ve gone away by now.

I am completely stuck and don’t know what to do at this point. My doctor wants me to take Wellbutrin and Trintellix, but i am extremely hesitant. However, there has been no improvement in sight and symptoms have really become almost disabling. I am unable to determine, is this depression and i should take antidepressants, or is this medication-induced and the only thing to do is to wait it out.

",2,1,1753988212.0,depression,user_3579,False,True,2025-08-01T10:00:08.982599
1mefuqd,I see no way out,"I (20sF) was in a long-distance relationship with a girl who truly cared about me. She was kind, patient, smart, and one of the few people who could make me feel like I wasn’t just a funny person. But I ruined it. I was emotionally needy, constantly argued over small things, and never gave her space when she needed it. She thought I didn’t even like her, but the truth is, I was dealing with my own unresolved issues and took it out on her without realizing it. Eventually, she broke up with me. We went no contact for a year. Recently, we talked again, and she forgave me. We want to stay friends, but I realized I still have feelings for her, and she doesn’t want to try again because she feels we’re incompatible due to how I mad her feel. I’ve accepted her decision, but it hurts deeply. I’ll only be ready to be friends with her once I’m fully over her. I know I caused her pain, and she’s right to protect herself. I just feel like shit everyday and it’s been a whole year, the pain in my heart is unbearable. The thing is, she was my escape from a toxic family environment. I’ve been depressed since high school, stuck in a cycle of scrolling endlessly on my phone and daydreaming about a life I wasn’t living. Because I was just so addicted to my phone a living in this fake world I really never gave my real life much thought, I never really had future plans or felt like I’d get married because of the society I live in. When I met her, I started living in reality. She gave me purpose and motivation. Now that she’s gone, I feel like I have nothing left. I have a job, and my parents care about me, but I see no future for myself. I’ve corrected my behaviors since the breakup, but it feels pointless because it can’t bring her back. I’ve been living in constant regret and guilt, thinking about how I hurt her. Every time I’m alone, I get trapped in these thoughts. Last night, the idea of ending my life actually brought me comfort. It scares me how peaceful it felt to imagine not existing anymore. I don’t know how to keep living in this pain. I feel like a monster who doesn’t deserve to be happy or loved. Idk how to further punish myself for my actions. I already cry basically everyday, whenever I think about myself or my actions. I disgust myself. And whenever I think about how I made her feel, it hurts my heart really badly and I feel like throwing up. It’s like a stain that won’t go away no matter how much u try. My friends wouldn’t understand, and if I died tomorrow, people would move on quickly. I’ve always been depressed and unmotivated (and for a split second when I was with her I wasn’t), but losing her made it unbearable. I don’t know how to forgive myself or find a way out of this. I’ve been looking for a therapist but it’s been a real struggle it’s like I’ve been on the phone with the doctors office for days hoping to get at least someone whose willing to take a new patient. No one is, and it’s tough because I know I need help but I can’t get it. So I think I’ll have to do this because I continue to suffer everyday in this state and pain. It’s so unbearable, it debilitating I wish this upon no one. I feel sad constantly and tired, it feels like not existing is the only way to end this mental pain.",1,1,1754001713.0,depression,user_3580,False,True,2025-08-01T10:00:08.982599
1mefs1y,I think I have depression,So I live In the UK and I just feel horrid often whenever I’m not doing something I enjoy I just feel worthless I’ve begun to lie in my bed and doomscroll more and more and it’s because I feel like the UK has gone to hell we are quickly becoming the world of V for vendetta ,1,3,1754001524.0,depression,user_3581,False,True,2025-08-01T10:00:08.982599
1me9z9t,Why should i keep living?,"Theres really any real reason to keep living i am not attached to my good family to my good friends to any hobby, i was no more
Now everyday despite medication atleast i can sleep good it feels so good sleep is the only thing that i enjoy when i am up i am numb, sulking depressive and detached of anything everything is so meh and grey, my bones any movement feels so heavy and tiring every step i took i think in a way of dying a knife against my hand, a shoot poison whatever goes i have give up i just kept going to not stop evem if my family loves me i kmpw they do but i cant acknowledge it, it is my fault? I feel like a monster i am a monster i am not a good person i never smile every time i open the door i said ""good morning wish luck"" i used to be believe i can find love i gave up theres no one who can make me feel loved, i wanna hurt people i wanna kill people i WONT DO IT first i kill myself before others i feel like a total loser talentless and  a failure evem thought people said in the past the typical. ""You have so much potentiañ your so smart"" i just cant believe theres no proof to it i hit metal bars so i cant hurt others everytime someome snap at me or get upset at me with and without reason i am the onw who have to maintain the calm and soothe them i wanna scream so much so fucking much why should i be a good person if the world is bad to me, why should i keep being alive if i cant live??? Yes i am selfish yes i am narcissist cuz if i am the only person who can love me i wanna end all of this my brain feels like a bullet is going throught i am 18",2,0,1753987853.0,depression,user_3121,False,True,2025-08-01T10:00:08.982599
1mefq83,Hate,HATE MYSELF AND HATE LOVE,1,1,1754001398.0,depression,user_3582,False,True,2025-08-01T10:00:08.982599
1meflr2,"I’m 17,I have been suffering from depression for almost 5 years","I have been taking antidepressants all this time, I have had periodic withdrawal symptoms, these effects have started to get worse in recent days.I tried to commit suicide by taking all my drugs at once a few months ago, I did not succeed, since then I do not even make cuts on my body, my parents love me and are ready to give their lives for me.I don't want to disappoint them, but I don't control my feelings. I can't even count how much harm these drugs have caused me, I've lost the meaning of everything because of them, I feel practically nothing. The doctor is gradually reducing the dose and I have IVs every morning, in 2 days I'll be clean. I just wanted to express all the pain I've experienced throughout my life and why have I been stuck in this shit for years. I have always tried to get some attention from others, I don't remember ever being able to do it for real. I only remember ridicule, sarcasm and indifference towards me. Now I am choked by the question: what is wrong with me? I disguised myself as another person, hid my emotions, but I will not do this anymore. I won't pretend that any words didn't hurt me, I'm fed up. In the last few days I just couldn't find a place for myself from the feeling of uselessness and loneliness, my chest hurt, no matter what person I wrote to with a request to just talk to me, everyone refused to give me 5 fucking minutes of their life. The problem is that I would never do that to them.I didn’t expect such an attitude from a person who became like family to me over these 3 years of communication.",1,1,1754001074.0,depression,user_3583,False,True,2025-08-01T10:00:08.982599
1meflhl,OMG!!! LDN “causes”depression???!,"I’ve been more depressed than usual. I’ve been on antidepressants for 30 years. But, this “new” depression has been different, and more debilitating. I even thought I was suffering from agoraphobia because I haven’t been able to leave my house. It’s been 7 months since the onset of this major depressive disorder. My doctors didn’t know what to do. Med changes and cocktails  have just been one after another. Nothing is working. I looked into alternative treatments, and was just about to have myself committed to a treatment facility out of pure desperation. Well, today I read that LDN (low-dose naltrexone) can cause depression?? What?! My doctors all knew I was on 4.5mg. They even had me stop taking it last Nov, weeks before a planned surgery so the pain meds would work….well, I started taking it again in January. And that is exactly when this deep, dark-level depression started hitting me hard.
Coincidence? I don’t think so. I’m wondering if the break lowered my resistance and then starting back on the full dose sent me in this nosedive.
Going off it today to see what happens. Praying for relief.",1,0,1754001056.0,depression,user_3584,False,True,2025-08-01T10:00:08.982599
1mefb7s,Am I not good enough,"My voice is ugly but I actually want to sing, can’t play instruments even though I tried to learn em, my gpa is 2.43 even tho I only finished my freshman year and I had failed two courses, got a D in one, and C. I’m chubby, full of hair body, dirty, asexual, I smell bad, my armpits are dark, the area between my thighs is dark, my nose is big, my lips are thin, I have social anxiety and I always end up embarrassing myself in front of people, my accent is wrecked, I hate going to the bathroom, I don’t take care of my personal hygiene, my body is full of scars, my art suck, my writings suck, I hate my mom I hate my day, I don’t feel safe around any one at all.",1,3,1754000332.0,depression,user_0469,False,True,2025-08-01T10:00:08.982599
1meex71,"Chronic pain is unbearable, often think about suicide but i’m still scared of it","I have had chronic pain in my groin ( i’m a man) for about 6 months. It has felt as though my body is in a hydraulic press and everything is being squished like a grape. This unbearable pain is undiagnosed by doctors (i’ve been to about 5 specialists) and i’m out of hope. I have a loving family, girlfriend whom means the world to me and friends but no matter what they can’t help take away this horrible pain. I don’t know how people can live like this, in actual torturous pain daily. I have wronged people in my past so I have rationalized this as a punishment. I can’t live like this anymore. I feel like suicide is an option but i love my girlfriend too much to leave her. I had dreams of doing so much stuff with my life ( i’m 18) but I just can’t do the things I like anymore like sports. ",0,0,1753999378.0,depression,user_3585,False,True,2025-08-01T10:00:08.982599
1me8pbf,I’m tired,"I’m tired of wake up, everyday feels worse. I tried getting help and said my screen score wasn’t high enough for them to help. I said no to the question of suicidal because I don’t want to kill myself I just don’t want to wake up. It’s that question that makes you think if I say yes are they going to do a 72 hour hold… I rather say no.  I even wrote my suicidal letter, I’m just so deep that I feel like I can’t even look for work that my anxiety has put me in where I can’t do anything right. ",2,0,1753984909.0,depression,user_1686,False,True,2025-08-01T10:00:08.982599
1meehsw,I don't wanna do the life things,"Breathing, walking, eating, bathing, working, talking... I don't wanna do any of these, I just wish to disappear for good",1,0,1753998353.0,depression,user_0324,False,True,2025-08-01T10:00:08.983602
1meeata,Idk if I wanna keep going,Im in a poly relationship. And both my partners attempted but failed. And idk if I can do it. Im 500 days clean from any form of harm. And now im doubting it. It'll hurt those who love me. And what's worse for me is my dad's hours away. And my brother would find me. Hes already found another of my siblings dead. And it'd hurt him. But it'd hurt my dad and both my partners. Im here for everyone. Listening and trying to stay strong for them. But who's there for me? I cannot cope anymore. Its tough and life fucking sucks. Having both your partners hurt themselves hurts a lot and idk if they know how much its hurt me. But im so close to either relapsing or doing it for good.,0,0,1753997883.0,depression,user_3576,False,True,2025-08-01T10:00:08.983602
1mee68y,I can't function,"I can’t do anything anymore, I feel everything so amplified I can’t function, my head won’t be quiet, I feel like I’m disconnected from my body or there’s nothing of substance inside of me, I can’t stop thoughts of hurting myself and people I love even if I don’t want to think them, I hate having thoughts of sex and control all the time but when I seek sex out I don’t want it anymore, I don’t want anyone to feel my body because it’s not real - I don’t feel real. I hate everything but it’s so difficult to hate everything when there’s so much to love, I hate my friends but the next day I love them, I’m scared all the time because I’ve cultivated a personality for each individual person and I’m so scared they’ll see through the lies and love I have towards them to see no empathy and hatred. I have this vague sense of wanting to go home but I don’t know where that is and nobody loves me there anyway. I’m hopeless and abusive and horrible. I don't even know what's wrong, whether depression or something else, I will never get help nor help myself, I give up.",1,0,1753997577.0,depression,user_3586,False,True,2025-08-01T10:00:08.983602
1medt1f,I don't know what is wrong with me,"I've had therapy, even voluntarily stayed for an inpatient treatment in a hospital, I did a lot. But I still feel something is off with me, also physically. And I attract people that are not good for me, I had the weirdest interactions with a ""friend"" today who now threatens me with stuff. Like I look for people who I know are not good for me. The point is, I feel like I cannot be loved by a man and I also do not like myself. I am harsh to myself and therefore also to other people (although I don't tell them, I am introverted). I just don't know what it is worth to keep doing this, if I am already so sick at 34. Like, who will want to be with me, I am gay, and also have chronic hemorrhoids, and that really sucks for gay sex and I also have lowered sex drive for being on meds. Have tried different ones. I have a degree, am somewhat smart, but could not hold a job, as I am on the autistic spectrum and have anxiety depression, but mostly I just doubt myself, my self-esteem is so low at this point. I am physically attractive enough to be noticed by guys, but then I am just scared that they will leave me if they see how ugly I am on the inside. I made posts to ask for help here on Reddit and I was called the asshole in the conflict I shared, at least partially, and I feel like I am much more toxic than I thought. Thing is, my parents have such a toxic relationship and I feel I am doomed to repeat it, my mom is so unhinged and emotionally abusive, unstable, always undermining my dad and fully of jealousy, because my sister and I were always more attached to him, as she is so scary and unstable. Ever since I was small I felt something was wrong with her, she stayed in bed whole weekends and shouted, could not control her emotions, shouted at my dad, destroyed things sometimes, once she hit him in front of us and he let it all happen, was always like in a freeze, trying to keep things together. And he is very capable and smart and my mom could not deal with that, she always just wanted to put him down and have the attention on her. Anyway, I just feel like I am so sad and frozen inside myself, the only thing I want is a safe and nice home and love, but I feel like no man will want to stay with me if I can already not stand myself. And then, the whole world seems to go crazy, I do not know if I want to live in this world. ",1,0,1753996684.0,depression,user_3587,False,True,2025-08-01T10:00:08.983602
1medr0r,Seeking hope for things to get better (venting),"I developed severe health anxiety this year starting February and I haven’t been the same since. It started with pure panic, constantly anxiety, for me which was in the form of health. Constantly worried about my health, ambulances, doctors and a long process of waiting to start therapy which I’m still waiting for. I couldn’t sleep most nights out of fear. I haven’t been happy for so long and I feel like I never will be again, I feel stuck. I’m constantly anxious about my health and depressed, scared I’ll never be myself again. I don’t think the way I used to. When I’m reassured about something, I find something new to stress out about and it never ends. My brain fog for months has been so extreme like I’m in a dream and I can’t think or focus on anything anymore properly. 

I’m turning 18 soon and right now I shouldn’t be worried about these things. This isn’t what I want to think back on for this period of my life. It’s so difficult. Even now all these months my health is poor and I constantly have something wrong with my health and I truly don’t know what it is. I’ve started Citalopram 10mg for a week now. I know it’ll take time to start working, my side effects have been horrible. I don’t want to die, but I feel like life just isn’t worth living if it’s like this. My relationships and how people view me have changed as a result of this and I can’t stop. 

I try to exercise but most days I can’t get out of bed. It’s not something I can consistently do. I decided to take a gap year last year and I’d say it’s the worst decision I’ve made. I’m going back to school and hopefully this will change and distract me. Being at home this long definitely hasn’t helped and yet I can’t bring myself to change it. My health itself too prevents me from so much. 

There’s so much more but I just feel so hopeless. I can’t feel happy and joke around as I usually would. I was hoping if anyone had some advice or would share their experience or maybe is going through this right now? Please be kind and mindful, this is a pretty vulnerable post. ",1,0,1753996550.0,depression,user_3588,False,True,2025-08-01T10:00:08.983602
1me1xxx,Comparison really is the thief of joy,"I (18F) try so hard to look at the bright side but seeing my peers on social media having the time of their lives makes me feel so sad. I moved states a few years ago and I feel for the amount of time I’ve been gone, I have nothing to show for it. If anything I’ve deteriorated so much since then, I’m even more closed off than I was once to the point I’ve allowed my anxiety to stop me from jobs. Now I’m having trouble even getting an interview. I’ve always been the shy one but I always had friends inside and out of school, now I stay within my circle at school and haven’t made any friends outside of that in this new state. I hate the person I became and find myself wishing I could go back in time in hopes of ‘fixing’ things. I can’t help but feel so behind because I let my issues take over my life. I get I’m still young and there’s always time to change but I spent my formative years in this shell that I can’t seem to get out of as I enter adulthood",4,4,1753969391.0,depression,user_0627,False,True,2025-08-01T10:00:08.983602
1mdx3nh,I hate life 😔,"I'm currently going through something: I can't currently put it in words, but I know something is eating me up. So I thought, why not start here since I don't have any friends or no one to talk to. Please go easy on me. I might explained later in the future.",9,4,1753954637.0,depression,user_3589,False,True,2025-08-01T10:00:08.983602
1me74q3,"I love my parents, and I'm holding the world as my witness","I have no more fucks to give, for anyone, even myself, I reckon I am a lame to not say bad person, the only thing keeping me in this godforsaken world is the idea of my parents losing their minds when they discover me, I am not scared of death, I am not scared of doing it in a messy way, I just want to quit, not out of rage, not out of spite, but because I have no hope",2,2,1753981363.0,depression,user_3590,False,True,2025-08-01T10:00:08.983602
1med1gg,rejected again and it feels like there's no point,"throwaway account for reasons.

i'm a girl (rising college sophomore). in my whole life i've asked out two guys and no one has ever asked me out. i was rejected by both of the guys. i'm not pretty (obviously) but i'm not ugly either, i thought i'm skinny, average height, long hair. mild acne. relatively normal facial features. relatively normal body.

i have a big essay due today that i really need to work on, but after getting rejected by this guy i just don't want to exist, let alone do homework. i don't want to leave my house. he doesn't even live near me but still the thought of running into him makes me want to never leave my house.

i tried listening to music that i like to cheer myself up, but they're all love songs, and i can't handle that right now, so i can't even listen to music.

all i want to do is just lie in bed but i really need to work on my essay.

i don't have any close friends, and i've never had any close friends. from all evidence, i must just be a repulsive human being. there's no point in existing",1,2,1753994883.0,depression,user_3591,False,True,2025-08-01T10:00:08.983602
1me3jvc,"My GP has today prescribed me Mirtazapine, however I am extremely reluctant to take it as it leads to weight gain. Could I ask to switch to another antidepressant?","After Sertraline failed to make me feel any better, my GP has switched my Antidepressant to Mirtazapine. However, after doing some reading up about this medication I’ve found out that it leads to weight gain. This is making me feel extremely agitated & reluctant to take this medication as I am extremely conscious of my body weight enough as it is & have been recently starving myself (doc isnt aware) in an attempt to lose weight. I cannot risk putting on weight. Can I ask to switch to another medication?",3,12,1753973213.0,depression,user_1170,False,True,2025-08-01T10:00:08.983602
1mecu8e,"Ever try an EEG to see if brain is ""misfiring"" ?","    Excuse me if this question sounds ridiculous, but as a layperson,  what do I know about neurology? But as title states, anyone ever heard of someone using an EEG to see if there's some signaling issue within the brain that's causing depression, anxiety or some other mental health issue. I have been to a neurologist, with an MRI and hand, and did ask about EEG and he had said well that's really for looking into seizures and whatnot.
    Any info would be appreciated. ",1,0,1753994422.0,depression,user_3592,False,True,2025-08-01T10:00:08.983602
1me13u2,Free Will.,"Does anyone else think about that subject a lot? I end up driving myself insane thinking about everything that I ever did or didn't do, whether it's small or big. I start questioning if it's my own doing or things are meant to be this way, obviously there's a certain comfort in thinking the latter. I start wondering, ""what if I done that little small thing?"" I probably wouldn't have lost an arm or a leg and my life would have continued all the same, but I just didn't do it, I just missed out on it, and sometimes those things are all up to chance and things out of our control, that thought alone makes me feel very terrible. You have to be in a certain place at a a certain time for things to happen. You could have had it, but you didn't. Was it your own choice? Was it not meant to? Is it out of choice or ignorance? Who knows. It's all very tiring to think about.",4,3,1753967283.0,depression,user_2240,False,True,2025-08-01T10:00:08.983602
1mecs49,"Ever try an EEG to see if brain is ""misfiring"" ?","    Excuse me if this question sounds ridiculous, but as a layperson,  what do I know about neurology. But as title states, anyone ever heard of someone using an EEG to see if there's some signaling issue within the brain that's causing depression, anxiety or some other mental health issue. I have been to a neurologist, with an MRI and hand, and did ask about EEG and he had said well that's really for looking into seizures and whatnot.
    Any info would be appreciated. ",1,0,1753994289.0,depression,user_3592,False,True,2025-08-01T10:00:08.983602
1me6rqm,there is no way out for me,"Life really sucks. 
I've lowered all my expectations, but they still haven't materialized.
Now I don't have a job,
even a low-paying one, it really makes me uncomfortable. 
At least if it's low-paying, it should be comfortable. 
Damn, that's even lower than the pay here. 
$2 a day. 
How am I supposed to save money for my future career? 
Damn, I'm only 18. 
I should be able to go to college, but this damn economy. 
I want to die. 
There's no way out of this mess. Ugh, I only have family. 
No friends, Not even a partner. ‎ ‎Every day I just see other people luckier",2,0,1753980546.0,depression,user_3593,False,True,2025-08-01T10:00:08.983602
1mecog1,i’m really stuck.,"
every month for about a week i suddenly get the blues. but this one isn’t so subtle. my mom has passed, and everyone is leaving me behind. this month is harder than usual. my birthday was a few days ago i just turned 14. and i don’t think i wanna stay another birthday.

i’m tired of never being heard or comforted. i’m afraid of death, but at this point i feel as if it’s the only solution. can’t speak to family about it, they’re suffering enough as is. my friends don’t understand. and plus, i honestly don’t even like my friends. i want to spend time with the family i do have, but they’re always busy to keep a roof over our head. money is just tight, it’s absolutely suffocating and i hate asking them for money for new stuff. i am in desperate need of new clothes and what not for the school year and i will not risk being laughed at.

so one confession before i try eternal rest. i actually like life. i like how peaceful it can be, but sometimes it can be fucking disgusting and rude. reading the posts on this subreddit makes me sob, knowing other people actually hate they’re life so much that they’d take it themselves. they won’t wait for old age, or a tragedy caused by someone else, or even a illness. no they do it themselves because they don’t want to suffer any longer.

i used to think that people who died by suicide were insane, you know? you have a whole life to live, but you cut it short. the reality is, people are going to tear you down no matter what and there’s not much you can do. 

before i do attempt to go, here’s my favorite poem:

""There Will Be Rest""
 
There will be rest, and sure stars shining
Over the roof-tops crowned with snow,
A reign of rest, serene forgetting,
The music of stillness holy and low.
I will make this world of my devisingOut of a dream in my lonely mind.I shall find the crystal of peace, – above me
Stars I shall find 

so as Teasdale once said; Stars I shall Find
",1,0,1753994054.0,depression,user_3594,False,True,2025-08-01T10:00:08.983602
1mecni9,Please help,I want to die I don’t know what to do ,1,1,1753993994.0,depression,user_3595,False,True,2025-08-01T10:00:08.983602
1mecgm7,Does any have any experience with TMS? If so would you say it was helpful?,I just got done with my month long TMS treatment and I would say I had pretty mixed results. Like I’m noticing a mood swing pattern where I feel good for five days of the week then I go down into a really deep depression that makes it hard to get out of my bed and be productive. I’m just wondering if anyone else here has done TMS before and if it was helpful for them. ,1,0,1753993547.0,depression,user_3596,False,True,2025-08-01T10:00:08.983602
1mece0f,Not sure how much longer I can take it,"I am not sure where to even start. So much has gone wrong in my life in the last couple of years that I don't think the pieces can be put together.

The worst part is that I think the problem is really me, years of work in customer support made me extremely wary of other people. Even the thought of picking up a phone and talking to friends or family is making me weary.  

There is so much I could write, a series of setbacks during the pandemic and after left my unemployed and diagnosed with severe depression. My relationship fell apart at the same time. I don't even want to face my family again, knowing full well I ended as a loser, failure and black sheep. 

My landlord yelled at me because the rent was late and I might soon face homelessness as well. Right now I feel trapped, the depression makes it difficult to find another job and I might l lose my home anyway. 

The only thing giving me comfort are my two kitties, the only good thing left after my relationship fell apart but when I can no longer provide for them, then my last reason to live has gone. ",1,0,1753993381.0,depression,user_3597,False,True,2025-08-01T10:00:08.983602
1me2yk1,WHAT IS WRONG WITH ME,I always make the same mistakes and get super anxious and put things off and put myself in bad spots. I’m so tired of it,3,2,1753971829.0,depression,user_3598,False,True,2025-08-01T10:00:08.983602
1mec9rc,"Mirtazapine gives me night terrors, what next?","I’ve tried a handful of antidepressants over the years including sertraline, fluoxetine and most recently mirtazapine. 

Going though a hard time again and medication has been suggested but neither sertraline or fluoxetine helped, and the night terrors from mirtazapine were too much for me. 

Whats like mirtazapine in the sense it also helps sleep, but won’t cause nightmares? 

Thanks in advanced. ",1,0,1753993108.0,depression,user_3599,False,True,2025-08-01T10:00:08.983602
1mebx8b,Chat rooms or free counseling services?,"I'm not exaggerating when I say I have no one to reach out and no one who can lend me an ear and listen to my problems or feelings.

Nothing works. It doesn't get better. I just want someone to talk to, interact with people again, but it's like everyone can just tell I'm a shitty person and avoid me and I'm just so fucking tired of pretending I don't care.

I don't know what to do anymore, or if I will do anything.",1,1,1753992311.0,depression,user_3600,False,True,2025-08-01T10:00:08.983602
1mebu6i,Deeply Saddened After Watching First Anime,"So I watched Bocchi the Rock and it was super good, but I've been having feelings of dread ever since. Just finished it like a few hours ago, and I'm experiencing stuff that I've never felt before, like I wasn't able to completely finish a meal I made, and I'm just now very weak stomach and having a lot of weird thoughts (not like the suicidal shit cause I'm definitely not suicidal, but I wanna just hear what people can make of my scenario and share it with people.) I've had these weird motivations where I try to do something like play the piano because I tried to pick that up a while ago end up working out because I wasn't playing the songs I like to or learning very well. Anyways that anime really just showed me how much I'm wasting my life and how I don't really have the motivation or drive to kind of make the most of the rest of my years in school. I'm definitely gonna be missing a lot of details in this because it's just what I have on my mind right now, but I really hope other people can read this and understand.",1,4,1753992116.0,depression,user_3601,False,True,2025-08-01T10:00:08.983602
1mebsip,I’m losing it,"I’m absolutely losing it and no one knows. I’m exhausted and don’t know how much longer I can handle this. From my relationships to my finances, everything is just shit. It’s getting harder to find something to live for. ",1,0,1753992021.0,depression,user_3602,False,True,2025-08-01T10:00:08.983602
1mebi31,I can't take it anymore please kill me please help me with it., My brain is just overthinking always each scenario and I am numb,1,0,1753991343.0,depression,user_3603,False,True,2025-08-01T10:00:08.983602
1mebdvb,I don't wanna live anymore.,I'm tired of living but I don't have enough strength to suicide. I don't know what to do. But one thing is that I'm not waiting for anything. I'm done with this life.,1,1,1753991069.0,depression,user_3604,False,True,2025-08-01T10:00:08.983602
1mebcn8,How can I stop thinking about giving up?,"This could be considered advice and a vent, I really don't know what else I can do.
I have lived with dysthymia since I went to primary school, it was diagnosed when I was 13-14 years old, I had an addiction to self-harm during that age and thanks to a lot of perseverance and professional help, I stopped harming myself 3 years ago.
I currently have a partner, my relationship with my family has improved a lot and I have good friends, few, but very good, even so, every day I question whether I want to continue living day to day.
I really want to live, because thanks to everything I have achieved so far, I am ultimately happy, I feel loved and accompanied, but there is always something inside me that asks me to sleep forever or hurt myself again, I wake up every day telling myself that I want to live again today, but it weighs me down.
It weighs so much on me to have to breathe, I feel incapable and worthless every day, in all areas, I feel that I am nobody, that I am undeserving of everything I have and everything I love.
Breathing makes my chest hurt and I haven't been able to talk, I don't want to talk to my partner or my friends, because it's something difficult that I have to solve and only by letting off steam I can't.
I am afraid that they will distance themselves from me because I am not healthy, I don't know what else to do, I want to live for myself and for others, but I feel that what I am or what I give is not worth doing.
I cling to God, I talk to him and ask him for help because I need him or any show of faith, yet I feel like I can't.
Please help.",1,0,1753990990.0,depression,user_3605,False,True,2025-08-01T10:00:08.983602
1mebc96,i dont want to do this anymore,"I feel very hopeless. I don’t think things will ever get better for me. I live in constant agony. I’m haunted by my past and the mistakes I’ve made. I can’t go one second without thinking about something I did wrong. I’ve done horrible, irredeemable things that I will never live down or forgive myself for. Every uncomfortable moment lives in my head and eats me alive everyday. All I want is to move past it, but I just can’t. I’ll never be able to work. I’ve had so many breakdowns before my shifts. I would cry in the bathrooms. Once during a meltdown before work, I punched myself in the head so hard I started to bleed. I couldn’t even enjoy my days off because I would dread my next shift. I just can’t work like everyone else does and I don’t know why. These were only part time shifts, so how am I supposed to work full time the rest of my life? There’s nothing I can do. I’ll never find a job I can tolerate. I can’t control myself or my indulgences. I feel disgusting all the time. I don’t take care of myself at all. The things people do everyday without struggle feels like climbing a mountain to me. I can’t brush my teeth, bathe, or get dressed. It’s revolting, but I feel paralyzed when it comes down to doing it. I hold on to and get offended by things that shouldn’t matter. I’ve had people be very mean to me on the internet. I don’t know them and I shouldn’t value their opinion, but these people worded these insults in a way that struck deeply with me. It’s as if they knew exactly what to say to pierce my heart. And the worst part is when I tell others about this, I get an unsympathetic response. It’s always treated like an unimportant problem, which I agree it is. I just think about these words every single day and it pains me. I don’t recover as fast as most do. I’ve always been overly sensitive, and I can’t get any support about it from anyone. I feel so pathetic. I can’t do this anymore. I don’t enjoy anything. I’m barely living anymore.",1,0,1753990966.0,depression,user_3606,False,True,2025-08-01T10:00:08.983602
1meb5ki,Am I being dramatic?,"So I’ve been pretty depressed for about a year and a half now, with some ups and downs. For the past 4 months, it’s been worse and I’ve really been struggling to maintain a clean space and I’ve almost completely lost my appetite and I barely eat. I regularly go to bed hungry and I’ve been having bad headaches and muscle pains- it just feels like too much effort to eat.

I quit my job maybe 3 months ago because I was having suicidal thoughts and I didn’t feel very safe driving, which my job involved a lot of. That helped with the thoughts at first, but I’ve been too depressed to find a job since then (I’ve applied to some places but I haven’t heard back and I really struggle to get myself to do anything but sleep), and now that money is becoming a problem and I might be forced to move back in with my parents, I’ve found myself more suicidal than I’ve been in about 10 years, since I used to be really suicidal in high school.

I hurt myself with a knife and a box cutter last week, and I only didn’t kill myself because I couldn’t quite force myself to fully commit. 

I didn’t tell anyone at first, but yesterday I told my partner and my best friend and I said I was considering checking myself into a mental hospital or doing something outpatient and they both agreed that I should. Now I just feel stupid though because I’m not currently in a crisis or anything, and I feel like I should just fix this on my own instead of making everyone worry and paying a bunch of money that I don’t even really have right now. I’m waiting for a call back from this outpatient place so they can give me an assessment, and I just can’t stop thinking about how I’m being dramatic and I feel so guilty for involving the people I care about in my shitty mental health.

My worry is that I can’t predict when a crisis will happen because even small things have been setting me off recently, and I know that I won’t seek help if I’m actively in crisis. I’m worried about the damage of not eating enough for months is doing to my body, and I just don’t know what to do but I feel like I’ve made everything worse by asking for help. Any advice or just comfort would be appreciated. ",1,0,1753990539.0,depression,user_3607,True,True,2025-08-01T10:00:08.983602
1meatyj,How the softest souls learn to wear scars sharper than any devil’s horns.,"I’ve seen it too many times: the kid who says sorry when you bump into them… grows up to be the one nobody bumps at all.
You push an innocent too far drain their hope dry enough times  and that same quiet soul learns to swing fists you never see coming.

Psychology says hurt people hurt people. But sometimes, hurt people just turn silent, build walls with barbed wire on top, keep smiles sharp enough to cut. Betrayal becomes a blade tucked in the sleeve.
I’m not saying it’s pretty just that it happens. The world loves soft hearts till it eats them alive. So we get devils who were angels once.

Some of us learned: when life beats your heart tender, you armor it up in scars. You keep your bark quiet. You keep your bite ready.
If you’re reading this and you’re still soft  protect it, but don’t beg for mercy. If you’re halfway demon already, breathe easy you’re not the only ghost awake tonight.

That’s my chest cleared for now. Stay soft if you can. Stay sharp if you must. The world don’t hand out both.",1,1,1753989789.0,depression,user_0566,False,True,2025-08-01T10:00:08.983602
1meatlw,Why am I?,"Why is my mind subjected to experience this combination of disgraceful events that lead to the utter disgrace and harrowing horror that the perspective of my existence endures? What wills the brain that my soul operates to inflict such extraordinarily evil afflictions upon my own being, which in turn causes a complete and utter disbelief that any number of events or possibilities could pull me out of this rapidly crumbling catastrophe that is my psyche? Existence is more than pain, it is true hell. I do not understand how to will myself out of the hand that life has dealt me. Even from childhood it has been a shit storm. 

If anyone can make any sense of this and would like an insight into how or why I feel this way then I can do my best to answer. However, I totally do not expect anyone to understand or really care. As I am convinced that most of us feel this to some degree or other. 

I have no idea why I am rambling this nonsense either, perhaps I am comforted by the idea that my struggles are being seen by a small part of the world. ",1,0,1753989768.0,depression,user_3608,False,True,2025-08-01T10:00:08.983602
1mearap,What to do??,I don’t know if I have depression and not and I want to know it. I am always been happy and a VERY talkative person and I yap 24/7 and faking my smile and my laughter to make other people happy some friends says not all depression is so dark and sad but I don’t really trust it 😓,1,0,1753989622.0,depression,user_3609,False,True,2025-08-01T10:00:08.983602
1meai5j,"today might be my last day on earth... im tired of people, tired of begging.. tired of life im living...",wish you guys all the best... im sorry to my family that loved me dearly specially my 7 year old son.. i love you...,1,3,1753989038.0,depression,user_2149,False,True,2025-08-01T10:00:08.983602
1me45nb,I don’t know how to keep up,"I’ve suffered from depression for as long as I can remember, it kind of ebbs and flows for me and sometimes it’s easier to ignore and others it’s almost consuming. 

I currently live with my partner and previously his schedule was more flexible than mine so he would handle cooking dinner most days as well as splitting chores up more. In the past few months, we have kind of reversed and I’ve taken on all of the cooking, most of the cleaning, just a much larger household role in general. 

It has been incredibly hard for me because he expects fully planned meals with entrees and sides. Before living with him 6 frozen chicken nuggets warmed in the microwave or a bowl of ramen counted as dinner for me when I had no motivation to exist. I could let the rinsed dishes go for a couple of days and be okay. Now I am having to put so much mental and physical effort into daily life that it’s dragging me further down and idk how to manage. 

I sometimes just stand and stare at the empty skillet or clean dishes for a few minutes before starting because I have to force myself to do it. Like executive dysfunction to the max. He gets upset by me forgetting clothes in the washer or if the counters are dirty. I understand where he is coming from but he doesn’t understand my side of the equation. 

I feel useless and worthless and lazy and just don’t know how to keep going. I hate planning meals, I hate cooking food, I hate EATING food now because I know that every meal I have means one more new thing I have to plan. I forget to thaw meat from the freezer and feel immense guilt over it. I don’t like waking up and often just want to doomscroll my life away bc I don’t enjoy anything anymore. I don’t know what to do. I don’t even know if this is the right sub but maybe someone has advice? 

(Also this is not to hate on him, he is working so hard and so stressed and overwhelmed too, just in a different direction. I want to know what I can do/fix about myself in the situation not him.) ",2,0,1753974624.0,depression,user_3610,False,True,2025-08-01T10:00:08.983602
1me928u,"Husband not interested in physical or emotional connection- he just cuddles- i am feeling empty inside ,love him deeply have no will to live",Ps we have had the talk several times- this is how he is !! I cant change him - his love language is acts of service- only that and gifts- i am emotionally and physically deprived- i hv no friends- i work from home- i hv nevertheless felt thid lonely in my life - i hv numerous health issues too - i just cry and sleep and spend my time on phone ,1,3,1753985734.0,depression,user_3611,False,True,2025-08-01T10:00:08.983602
1me8h78,What is the point anymore?,"Ever month I'm drowning in bills, not eating and hell my phone doesn't even have service but I'm told to get it together? Things'll get better! Don't give up. But everything is just getting worse! I got news today from my landlord saying that rent (which was 743) is now going to be 1,320 in September. I have been picking up more hours from job because people quit and I was trying to save something but with my bills and even just buying basic necessities is becoming impossible. What's the point anymore if all I'm going to do my whole life is think about this miracle happening. Everytime I bring up suicidal things Im told that there's so much and that they'd be sad if I left but at that point I'm just living for others. ",1,0,1753984401.0,depression,user_3612,False,True,2025-08-01T10:00:08.983602
1me8f1o,I told my ex I still had feelings for her,"First time actually bothering to post so apologies for this probably sucking basically I've been suicidal since I was in middle school (I'm 23 by the way) and after being depressed and wanting to kill myself for a while my junior year of high school I made a deal with myself that in 10 years if I still wasn't happy was still depressed suicidal and if I didn't see a chance for happiness in the future I would be allowed to kill myself I'm 6 years into that deal with myself now I'm currently even worse than I was back then but roughly a year and a half ago I met her my ex and I felt comfortable and happy for the first time I had in a long long time I had hope I genuinely wanted to get better and felt like I actually could but after a few months she broke up with me because you still had feelings for an ex and didn't want to lead me on so today after thinking it over for a couple of weeks I messaged her how had been feeling and that well I still had feelings for but she pretty much just said that I needed to get therapy and blocked me which to be honest yeah probably and she didn't deserve to have me in her life no one does but now I feel like my death is even inevitable and that my chance of happiness is truly gone I might just wait until my cat dies and blow my brains out if that comes before the 4 years

Sorry for lack of punctuation and if this doesn't really make any sense I'm just really in a had bad place right now and wanted to talk or vent I guess",1,1,1753984263.0,depression,user_3613,False,True,2025-08-01T10:00:08.983602
1me280o,Advice on how to keep going?,"I genuinely don’t know what to do or how to go on. I’ve been sad for a very long time and just recently I opened up to my mother about it and she yelled at me. Like really got upset, which wasn’t the reaction I was expecting so now I feel like I can’t ever tell her anything like that ever again. 
She said it’s selfish to make her feel like crap and make her cry. I’ve also opened up about smaller incidents hinting to my mental health in the past but she brushes it off and changes the topic. I know both of my parents have trauma of their own, yet they both decided to not deal with it and have children of their own, putting the results of their unresolved trauma on their kid. 

My dad is high 24/7, 365 years every day and if he’s not, he’s an absolute different person, a meaner person. My best friend started dating my ex who turned all my friends against me last year due to our rough breakup (i was confused about my sexuality but I never expressed that with her, absolutely my fault on my part as I could have spared a lot of bad feelings and reactions). But I opened up to my bsf about the stuff my ex did and she still went and dated them. I have like four real friends and two of them live in different countries rn and the others are at home for the summer. 
I’m depressed, I have stopped eating a lot (not by choice, I feel nauseous probably due to my using thc to help cope with big feelings, also no food seems appealing anymore,  causing me to feel fatigued during the day and absolutely pooped), I feel so lonely, i feel supported at home financially and physically I suppose, but mentally my parents really just don’t give a shit, but it took a long time for me to realize they actually don’t care. Like the two people I need to care don’t care. So if the people that gave me life don’t give a shit how am I supposed to? People often tell me that I say I don’t care a lot or that I don’t take things seriously and I’m too calm about certain situations, when in reality im freaking out ALL the time. 

I am constantly thinking about anything that I can manage to FIT in my brain, over analyzing it and breaking it apart. I say I don’t care because im so so truly tired. Just too tired to give a full answer to anything almost. I don’t care because it feels normal not to care about serious things. If you don’t speak about them they’ll go away. That’s what I’ve learned anyway or assume my parents learned that way. 
Anyway this is more of a rant and I don’t really know how Reddit works super well so if anyone has any resources on how to get better or maybe build my character and confidence a bit more to get the will to keep going again, anything is appreciated, because this is the one time in my life where I really don’t know how what to do.",2,3,1753970073.0,depression,user_3614,False,True,2025-08-01T10:00:08.983602
1me203w,Everyone grows their wings eventually......,"Throughout life, we learn that we are no saints...  
We quickly realize nothing we do will be good enough  
But that is just not true...  
  
There are people who might not be saints  
but are light-hearted, full of love  
ready to express themselves

That someone used to be you....

And now, you can't look at yourself  
Thinking death is the only solution  
But, no matter what happens though  
  
Everyone grows their wings eventually  
because everyone here has a limited time

So, don't waste it :)

Hope you liked my small poem about depression. I know it's not much, I am no professional at this, I just wanted to share it for those who are silently suffering",2,0,1753969539.0,depression,user_1763,False,True,2025-08-01T10:00:08.984595
1me7n80,"Your Mind, Your Way - Why Personalized Healing Is the Future of Mental Well-being","A blog i came across today and found it kinda nice. May be you can have a look and find it worth to share ahead! It's a small read 5 minutes.

[https://www.linkedin.com/pulse/your-mind-way-why-personalized-healing-future-mental-well-being-ennff/?trackingId=Tk0OWmMy0t%2BetdC%2BtlceDw%3D%3D](https://www.linkedin.com/pulse/your-mind-way-why-personalized-healing-future-mental-well-being-ennff/?trackingId=Tk0OWmMy0t%2BetdC%2BtlceDw%3D%3D)",1,0,1753982531.0,depression,user_3615,False,True,2025-08-01T10:00:08.984595
1me6who,I want things to stay the same,"i got really depressed over the summer and before i was so happy. I had a good relationship with my bf.. my friends were all happy, i was at home, i was happy.. and i didnt feel alone. but then i got sad.. my bf ended up in the hospital because he was depressed..we werent able to talk much because he got his phone taken too.. and when we hung out i felt loved and cared about.. but then i went on my vacation to italy and everything came crashing down..
my bf (who recently transitioned ftm) noticed a shift in his sexuality and might like someone else.. i found out about it and i kinda tried to ask about it but he didnt wanna say anything.. i found out through one of his pinterest boards that its a guy.. (im a girl).. and he danced with this guy or something and ever since then hes been thinking he has a crush on him.. and now i feel terrible cause i feel like im not good enough even tho he says i am.. and i ended up telling him ive been thinking about kms and he asked me how and when and after i told him he hasn’t responded to or seen my messages in like 4 hours after he said “im sorry, pls dont hate me. this is for your own good” idk if he broke up with me but i have attachment and abandonment issues.. i dont have a lot of friends and i get obsessed with people.. thats what happened to me with my bf.. and he was everything to me.. i love him so much.. and we never ever fought.. im just so fucking depressed and i told my parents i wanted to kms and then they emailed our doctor and now my doctor might be sending me to the hospital. i dont want to go. im 15. i had a plan so i could gaslight myself or smth.. idk how to explain it.. ive been clean for like 2 weeks now and i dont wanna cut again cuz ik everyone around me wont be happy and i dont want to go to a hospital.. i just want to be with my bf and be happy and have everything be the same.. but now everything is changing for the bad and i hate it. I hate this trip, I hate whoever my bf has a crush on and i hate doctors and i dont wanna deal with this i just want this to be a really bad nightmare..",1,0,1753980852.0,depression,user_3616,True,True,2025-08-01T10:00:08.984595
1me0nof,HADS test results,"Can anyone explain how bad is my state? But be sincerely.
My results are D-15 & A-14",2,0,1753966099.0,depression,user_3617,False,True,2025-08-01T10:00:08.984595
1me6dbq,Its been three weeks now...,"This time is longer than normal. Normally I can get through it in a few days. Force myself into a hot shower, blast some music that makes me feel like someone else might get it. I cry, sleep, eat. Run and ""presto!"" I'm back!  Well. At least the energy to force smiles and connections is semi replenished. Enough to get me through until next time. But this time, its been three weeks. I can roll out of bed, put on headphones to blast music while I log into work. I'm good at my job. No, im great at it. But, it doesn't matter really. I work to pay the bills to be alive and work more. Its an endless loop of a game. Severing ending like any online mmorpg... another quest, another expension. Today. I cried. I napped. I forced a shower and here's my nightstand. Cluttered with cups, snack garbage, tissues, pills, empty water bottles... Aftermath of the past two days... no energy to even clean it. To move these things to another place.  Ive lived off coffee, water and snacks. I need protein. I need sun I think. Im sure this too shall pass, but honestly... there's nothing waiting for me. The cliche, do it for the family. Blah blah blah. Maybe Ill start cleaning this mess, and start to undo all the messes that I let pile up for weeks now. Can I catch up? Who knows. ",1,0,1753979631.0,depression,user_3618,False,True,2025-08-01T10:00:08.984595
1me5o3h,Im in vacation,Still depression and borderline follows me.how to survive this will I have euphoric days again or will it always be this depression ,1,0,1753978059.0,depression,user_3619,False,True,2025-08-01T10:00:08.984595
1mdxkgi,Is it normal to not feel anything at all ?,"I am numb to feelings I think. What does happy or sad feel like ? I’m satisfied with my life, but I don’t feel anything in my heart or guts ? Should « happy » feel like something, body-wise ? I can recognize how I should « feel » with context clues (happy when everything is calm, sadness when the situation is sad itself) but I don’t actually FEEL anything in my body. Is this normal ? Maybe I’ve been expecting to feel these GRAND feelings because of stories in fiction when in fact it’s literally nothing ? Or is there something wrong with me ? ",3,3,1753956385.0,depression,user_3620,False,True,2025-08-01T10:00:08.984595
1me5hz7,loop of self hatered,"when the year just started everything was going good enough for me but then i passed out from my school and ykw a heartbreaking news was knocking my door.

 my only friend was no more, he suddenly got hospitalized for a week and i thought it was just a minor issue and i was busy with my exam too and when i heard the news for the first time my heart stopped. i met with his family and i got to know that his last wish was to meet to me (we couldn't meet for almost a year or so) and talk to me and while i was enjoying my life i can never forgive myself for this. I take the whole blame upon me and i just wanted to thank him for the last time and a final goodbye but who would've thought that this is going to happen i even now cry for him and re-read my old chats with him knowing that i wont be able to have new ones. 

now iam all alone no one to talk to its just me and my bed been months into this and my health is not good either. i dont even have a single person to talk to and even if i had i know that i won't be able to have a same connection that i had with him and somewhere i withdraw myself from any connection because i just cant. i somehow know the outcome will always be against my favour and due to this loop i cant even process any new relationship with anyone. this self hatered is killing me . 

i just want this pain to end with me but im just living through this for the sake of my family nothing else. 

not even a single person will hear me out thats why i used this sub to share my feelings",1,0,1753977687.0,depression,user_3621,False,True,2025-08-01T10:00:10.122771
1meider,sueing becase sus 💀💀,💀 ok diddy why do peple hate the sus depress because the just stop be sad and depshein and diddy because its sus i do net care abot it ok its just diddy and sus and i will am sueing because bad quotation mark and diddy also i will leve after ok 💀k 💀k 💀,0,5,1754008466.0,depression,user_3622,False,True,2025-08-01T10:00:10.122771
1me55mf,I hate my skin( if you are going to tell me some bullshit like be comfortable in your own skin I'm gonna block you),I hate my skin so bad. That's why I use to cut myself. I want to be white so bad. My skin is one if the most reason I'm depressed abd suicidal. Does anyone feel how I'm feeling. When I see white people I get so jealous and depressed why couldn't I look like them. My skin feels like a prison. I just want to peel it off. I would often imagine my life if I was white. I wouldn't mind my skin if I was ugly. Being ugly and black cause the majority of my depression and suicidal thoughts.,0,6,1753976907.0,depression,user_3623,False,True,2025-08-01T10:00:10.122771
1me5177,Any advice on how to smk 🔄,Also don’t give me that bullshit that “it gets better” or “let’s talk” I’ve heard it all before so if you don’t have any actual advice just don’t comment.,1,3,1753976633.0,depression,user_3624,False,True,2025-08-01T10:00:10.122771
1mdzip0,I finally found the courage to tell people I wasn't doing so great: it didn't go well,"I finally found the courage to be vulnerable with two of my long-term friends, sharing with them that I haven't been doing well. Instead of offering support, they got angry, downplayed my feelings, and criticized me for other things they felt I wasn't good at. 

Stressed and overwhelmed, I ended up apologizing for those other issues, even though they weren't what I wanted to discuss. 

A few hours later, the conversation is still on repeat in my head, and I can't look at them the same way. We've known each other for so long, and I'm left really hurt.

Any advice?",2,3,1753962912.0,depression,user_3625,False,True,2025-08-01T10:00:10.122771
1mdx1u1,school will seriously kill me,"i’ve struggled for awhile with lots but its never gotten this bad. 2nd semester last year i never ate lunch and could barely get my hw done before midnight. now its summer and i can’t get out of bed and my family is always on me about how lazy i am but i physically cannot keep my eyes open or stand up until like 5pm.  i’ve been going to bed at 6am and waking up at 4pm and I can’t fix it, no matter how tired i am in the middle of the night. anyone know how to fix my sleep schedule? (this close to taking a benadryl just to fall asleep at a normal time) and also how do i start the year not feeling so terrible abt myself and being somewhat happy and productive? can i do it with just trying hard enough to not be lazy and sad? if i told my family how i feel i don’t think they’d care at all bc they already hate me ",3,2,1753954441.0,depression,user_3626,False,True,2025-08-01T10:00:10.122771
1mdyz79,"Many people think about suicide and many do it because of why I am here, why do I live like this, my life is not worth living","I am not here to advise you or to tell you to do this and that. Suicide has its reasons. Failure in life, failure in the world, the difficult life that has no solution. No matter what you do, you will find yourself failing in the end until life becomes meaningless in your view. Never out of motive. What did I do? I tried. I want to do what I want. I do not want to be a failure. I do not want to be sad and depressed in my life. But before thinking about suicide, you must ask yourself a question as a savior of yourself from injustice. Why did I get here and what brought me here? Why are there people who do what they want and control our destiny and our lives? You should not think about suicide, but rather think and try to destroy and change the one who brought you to this place. If you fail and die, this is not a wonderful thing. I wanted to commit suicide, but I won the attempt.",2,0,1753961201.0,depression,user_3627,False,True,2025-08-01T10:00:10.122771
1mdywus,I think I have some sort of depression,"I'm not gonna make this post too long and drop all of my childhood trauma but pretty much a lot of things happened back then. i've had thoughts of suicide since elementary school and i often feel apathetic about things. It has gotten somewhat better but i feel like it comes and goes. i'm just tryna figure out what to do about it like should i go to therapy? are there other methods and things besides that? 
thank you for any advice yall have.",2,4,1753960990.0,depression,user_3628,False,True,2025-08-01T10:00:10.122771
1mdyik1,Feeling stuck and unsure lately,"Since my mom passed away, I feel like I’ve just been stuck in an emotional standstill. I can’t seem to move forward or find my way. It’s like I’m just going through the motions every day, but nothing seems to help. Honestly, I feel like a robot, just repeating the same routine day after day. 
 Anyone else been through something similar? How do you break out of this kind of slump?""",2,1,1753959706.0,depression,user_3629,False,True,2025-08-01T10:00:10.122771
1me3jsb,Can I ask my psychiatrist…,"Not sure where else I should post this, so I’m posting it here. I’m 17, I’ve been depressed since I was 10, (could be earlier but I don’t remember my childhood and have never been properly diagnosed) had anxiety my entire life, suicidal since 12. 

I see my psychiatrist today just for a check-up on meds but I’ve been considering asking if I can get evaluated for something - anything. It’s hard to explain but on my medical papers all it says is GAD (generalized anxiety disorder) and for the longest time I’ve been constantly doubting myself that my feelings are valid at all and my parents take it that way too. (That my feelings aren’t valid). 

I just want to actually know, on a professional paper, that it’s not all in my head. (And so my parents can take it more seriously too). My therapist thinks I may have BPD (I know you can’t get that properly diagnosed until you’re 18 or older). 

But I don’t even care, I just want some sort of reassurance from a professional. MDD, ADHD, OCD, etc, something that can let me know I’m not going insane.

I’ve attempted multiple times, I constantly SH, I have no friends, I despise myself and my family still doesn’t understand. A very real text I got from my mother yesterday: 
“Why did you sit there and cut your arm again and not get up and listen”

TLDR: So, I don’t know, I just want to know if it’s appropriate to ask my psychiatrist to just get evaluated for anything at all.",1,2,1753973208.0,depression,user_3630,False,True,2025-08-01T10:00:10.122771
1mdyhj7,Yeh,Just need to let this out - there are certain parts of my personality that I literally hate. Absolutely hate.. some of its adhd stuff I think (or I hope) but wow fuck.. I am so fucking useless in many ways. Can't even pick one example because there are actualy too many.   ,2,0,1753959627.0,depression,user_3631,False,True,2025-08-01T10:00:10.122771
1mdygrr,Feeling numb but can’t stop crying,"I feel so empty today but everything makes me cry. Then I feel like shit because I’ll get the worst headache and just feel like I’m dizzy all the time

Idk how to lift myself up",2,2,1753959561.0,depression,user_3632,False,True,2025-08-01T10:00:10.122771
1me3eii,I have never felt like this,"My body is so heavy that it feels like I can barely stand. I can't eat, can't sleep. My mom found out I've been cutting myself, and it's only gotten so much worse. I think I have to kill myself, I feel like there's no other option. I can hear her and my dad talking about me, and my mind is telling me the worst things. I feel like I don't have any option. I try to explain how I feel, and my mom immediately tells me it's because of my schoolwork and how I prioritize my friends, and how I don't have my endorphins moving enough. They both say my feelings don't matter and that I need to push through, but all I feel and can think about is my feelings. I can't go to school without extreme anxiety. How am I being perceived, and how do I walk, and what are these people thinking of me right now? I'll drop my pencil, and all I can do is stare at it, thinking about all the ways I can get up in a normal way to get that pencil. I just don't think life is supposed to feel like this, and my medication isn't working, and I don't know a way out of my head. I turn 16 in just a couple of months, but I'm so sorry, but I don't think I can do this. Does anyone know any way I can become normal, or I don't know, I don't want to die either, I just don't know what to do.",1,1,1753972874.0,depression,user_3633,False,True,2025-08-01T10:00:10.122771
1mdw6ue,Reasons to stay,Just looking for reasons to keep going..,3,8,1753951036.0,depression,user_3634,False,True,2025-08-01T10:00:10.122771
1mdy7tr,Idk what to do,My friend got the all clear for his cancer about 3 months ago and it came back stronger and harder than it ever has and I think he might die idk what to do I’m really stressed I’m just worried about him I already had 1 friend die of cancer and idk what to do apart from using morphine and drugs ,2,1,1753958717.0,depression,user_3635,False,True,2025-08-01T10:00:10.122771
1mdw49h,Help,"Hello

I’m struggling post college. I went to school with no plan. I have hated myself since about 14. I pretty much self sabotaged and didn’t put enough effort into my schooling and now am stuck. Can only seem to get entry level jobs mostly in customer service. But I’m introverted and was a gifted kid who could be doing something way cooler if I actually used my brain rather than just blaming the world for being so cruel. Anyway I’m just rambling if anyone else relates let me know. I’m already on meds they say you have to find the right one but I don’t really believe that.",3,3,1753950763.0,depression,user_2037,False,True,2025-08-01T10:00:10.122771
1mdvxl2,Given up hope,Don’t get your hopes up ever because apparently there is none I’m a 28m I can tell you shits always gonna suck man I’m so tired of trying I always wanted to be someone special but nobody ever cared ,3,1,1753950036.0,depression,user_3636,False,True,2025-08-01T10:00:10.122771
1mdxsdy,help,"Hi, I don’t feel okay. I’ve felt stuck for years. I don’t want to be judged. I just need to talk to someone real who understands what this feels like.",2,1,1753957186.0,depression,user_3637,False,True,2025-08-01T10:00:10.122771
1me1vdv,Moving in with parents as an adult,Considering moving in with my parents and selling off most of my furniture. Was considering taking a new job in their hometown to be around more family and friends and reset my mental as I build myself back up. I have about 4 years worth of savings. Is this a smart move? History of depression (getting better). Parents need my help and offered me a place to stay at their home. Currently living alone ,1,1,1753969216.0,depression,user_0389,False,True,2025-08-01T10:00:10.122771
1mdxc10,How bad is a psych ward as an adult?,"Dunno if this will post or not, but oh well.

I'm thinking of maybe going in despite this dread they'll just shove medication in my mouth and kick me out.

I went there a lot when I was in highschool, it wasn't bad but I felt a bit of anxiety wanting to get out of there. So I don't know if it'll be worse as an adult since you won't be able to work, communicate outside, and still feel any real connection.

I want to bring my teddy bear with me",2,9,1753955538.0,depression,user_3638,False,True,2025-08-01T10:00:10.122771
1me1pud,Boyfriend wants me to act normal,Boyfriend wants me to act normal . I want to kill myself.,1,11,1753968836.0,depression,user_3639,False,True,2025-08-01T10:00:10.122771
1mdx5nd,I wish my attempt 5 years ago worked,"If it worked, I wouldn’t be here suffering today. I don’t actually plan on harming myself currently, but I wish my attempt back in 2020 worked. I’d rather have been dead after just turning 17 instead of breaking down and burning out at 22. Existing is too much on me. I want to go to a remote area where there is absolutely no one around and just scream into the void.",2,1,1753954854.0,depression,user_3640,False,True,2025-08-01T10:00:10.122771
1mdwysz,How do I put a spark of hope and light into a family member when myself is loosing hope and struggle to live?,"so i have a little cousin who seems to be really struggling at such a young age and is severely depressed. We don't have a strong connection being several states away and huge age gap and i was always the quite one and introvert and it was tough to form a bound when i got a brother whos very outward and engaging. 

i dont know how to reach out in a light heart warming respone without coming off aware of the situation. Also i myself is very depressed so trying to put a spark into someone's day be tough when yours is running out. ",2,1,1753954102.0,depression,user_2517,False,True,2025-08-01T10:00:10.122771
1me11cq,Tramadol,Where can I buy tramadol in South Africa without a prescription?,0,0,1753967103.0,depression,user_3641,False,True,2025-08-01T10:00:10.122771
1me10sm,First therapy and I lied,"I wanted to know how was it for guys. How honest were you?
I explained my current situation(did not attend classes, staying most of time in bed, poor concentration, motivation, bad grades for 3 years and wanted to change)

But when she asked how do you feel emotionally?Are you sad?I said i could not explain it. I dont even know if I am sad. Is it sadness when tears rolled down your cheeks? In my case,if I cry in front of someone or even alone, I think I am manipulating someone into pitying me. I dont know since when, but it's like this for a while. I dont know if I am depressed but I have constant suicidal thoughts and when she asked if I have suicidal thoughts.I just said sometimes. Why you asked me? Maybe I got defensive or watered it down after she asked if I sometimes hallucinated  or i felt being watched constantly.  The fear of being viewed as a mental case or I dont know- fear of going into a psych ward.

Now I have been asking myself- i am sad or just angry at my current state? When I cry , is it because I am sad or is it just tears of frustration? Are I being sincere?or I am lying to feel better or to look better?
One thing I am sure, I dont want to feel like that. I dont know if I want to kill myself but I keep on saying you need to. I read posts on how people were affected by suicide. I cried a bit but was it sadness? Sad that my family has to go through such pain or just fear of hurting them one last time?
I am sorry as I can't write properly but I will appreciate if you could say something even with such little details.",1,1,1753967063.0,depression,user_3642,False,True,2025-08-01T10:00:10.122771
1me0wu6,Im tired of looking at myself,"Everyday i wake up and look in the mirror i just see my ugly self, i go in the shower i see myself, i get out of shower i still see myself. When im out all i think is about how people look at me. My face is so disgusting. Why do i have soo much acne. Why am i ugly. I cant bring myself to feel satisfied about my looks. ",1,0,1753966788.0,depression,user_3643,False,True,2025-08-01T10:00:10.122771
1me0nyz,Is it really worth ruining my life to try abd then fail for no reason?,"I fail at everything i do. Everything. I can try it a million different ways, i can try a million different things, and i can do the same thing a million times over, and still fail. Im just tired of ruining my life for no reason and i just wanna stop already.

Why should i keep going when i know thw result because it happens 100% of the time without question? I wish i was exaggerating, but im not. I cant do a single thing right no matter what.

""Learn from your mistakes."" How do i do that? Especially when simply nothing works. Id understand it if it was a *part* of the process, but it just *is* the process.

Am i really just supposed to fail over and over for the rest of my life, is that whats destined for me? Id rather die, but sadly im not allowed due to other's selfish desires",1,7,1753966121.0,depression,user_0008,False,True,2025-08-01T10:00:10.122771
1me09ts,Does it take away your ability to think critically?,"My dad battling severe depression convinced us to sell our ancestral land and invest into a great deal. 
He eventually lost all the Money and is now suicidal. 
We feel we are at fault as we could have easily stopped him considering his mental health but he has been a very successful man (pre depression) ",1,1,1753965054.0,depression,user_3644,False,True,2025-08-01T10:00:10.122771
1me06hg,I've been thinking...,Will sh finally help me cry? the suffocation is too much and i just wanna let it out....but i know that sh is wrong,1,8,1753964795.0,depression,user_0594,False,True,2025-08-01T10:00:10.122771
1mdw4cg,Dysthymia Treatment in NJ,"At Advocare, we understand the long-lasting impact of Dysthymia (Persistent Depressive Disorder) and are here to help you find lasting relief. Our expert [**Dysthymia Treatment in NJ**](https://www.advocarehmsj.com/dysthymia)  provides personalized, compassionate treatment plans that combine psychotherapy, medication management, and lifestyle support to address the chronic nature of dysthymia. Whether you're experiencing low mood, fatigue, or difficulty concentrating, our goal is to help you regain control, improve emotional well-being, and lead a more fulfilling life.

",2,0,1753950772.0,depression,user_0037,False,True,2025-08-01T10:00:10.122771
1mdw100,I think I've given up,I'm so tired. I don't know how to explain to everyone its becoming too much to bare.,2,1,1753950406.0,depression,user_3645,False,True,2025-08-01T10:00:10.122771
1mdvwwu,Its getting worse and worse. Rant,"Im not homeless or jobless but i just dont get a new home. No landlord wants me i cant find a new job, i dont like my hobbies anymore. 
Im depressed for atleast 8 years now and just cant find a therapist. Every time i had an appointment they told me that they dont have the capacity to take me. 
Right now i really dont know what i should do or how i can handle the whole situation. I dont really got friends and nothing that i do feels fullfilling or is fun. 
I hate my job and the whole situation im in. Im 25 years old and still live with my mom.

A girl that was living nearby took her own life a few days ago and im somehow jealous.",2,8,1753949967.0,depression,user_3646,False,True,2025-08-01T10:00:10.122771
1mdzpw3,Zugzwang,"Lately I have so much existential thoughts. I was thinking about meaning of life, and yeah, Reasons to Live at all. The only one I figured is that if anything doesn't matter killing yourself also didn't make sense. Like doing whatever didn't make sense. But.. lately I feel like it's changing. That saying that life is pointless is just my excuse for closing my eyes that I'm screwing my life and I feel like it's only the begining of all this I'm about to live. 

So yeah, almost at every night (so whenever it's possible) I sneak out from home just to walk without any end point. Sometimes I can sit for hours. I just sit at the ground if it's in that one specific place (like yesterday) or a bench if it's cemetery, scratching my head (like in other days of July and June). Sometimes I just scrolling my phone, but... like yesterday.. I was looking at night sky, scratching my head, crying so bad. fuuuck, I can't even describe this feeling.. It's despair, it's.. it's.. too much. I'm throwing my backpack (when I have one), I hit the ground with my legs and hands, I have unnatural tremors that leave my head slightly tilted to one side, talking to myself in thoughts that I'm a monster, even discover strange 2nd me who wants to take control over me with anger, even seeing VAMPIRES.. I'm.. feeling to small to handle it all. And it's much to handle. The fight with something that I can't really beat. The fight with the natural course of events. I'm supposed to die. Be forgotten. Today or in 70 years, it doesn't really matter. I am only next generation of phones which are supposed to replace old ones and then being replaced with new ones. A. Fucking. Phone. And the cheap one. That doesn't really working good. That wasn't really wanted by buyers.

I'm in a spaceship with a crew. We're about to hit the ground. I see that everyone is dancing and only I'm crying, shouting, looking for a way trying to safe me or at least find someone who will do it if I will be too weak. They don't care if they die.. they enjoy another few seconds of their worthless lifes which will end in a moment. 
Carpe diem! Viva la vida! Why are you crying, shouting? Come dance with us! Imagine that you're not in the pot at all, that you're not one of a billion other particles that together make a bad tasting soup. It's a disco. We aren't mixed just to build the world, we're mixed just because it's cool! Imagine that the spoon that is about to end our lifes is only a music which gives us rhythm as we dance! Periodically, day by day, week by week, month by month, year by year.. every time cycling by the same points. Spring, Summer, Autumn, Winter. Four parts of a circle. Like in this pot. Like.. in the clock. Tick, tock, tick, tock.. another seconds past..


Two guys are playing chess on the moon.
""Hey, it's your move. Why aren't you moving? You're about to lose this game on time!"" Asked the first one
""Why? Because I'm in zugzwang! Every move leads to lose"" answered the 2nd one ""should I surrender?""



So, what is a point of improving if we didn't reach the final point anyway? What is the point of trying to be happy, if after it will be a sadness? Like, what is the point of learning, if I don't learn all anyway since I have limited time and resources here? What is the point of care about my health if I'm going to die one day anyway? Why am I supposed to earn money if they didn't save me from death? 
And what's worse, whenever I tried to talk about what I'm writing here I was ridiculed and misunderstood. Like either I'm an old, boring man complaining about life instead of laughing at things that don't really fun or a kid who doesn't yet understand the rules of this world. 
So.. even if I have ""friends"" and ""family"" I feel lonely. And what feels more scary, I feel like it's not like there is someone who can answer my questions. I know it's bad, but I even tried to talk to AI about it. Like I would ask the Absolute. But yeah, as you probably guessed, it doesn't work. But I tried. By 2 fucking month of suffering, torment. 10 months of loneliness. 7 months of madness. Month of seeing seeing ""visions"" in darkness, years of issues with anger, years of living in this crazy house, months of being addicted to nrg drinks, years of holding my painful memories only by myself, years of trying to smile, put on a mask when I'm heard another laughs at me.. And.. it's just to end again in the bed, complaining how life is unfair, to beg for attention on knees like a desperate bitch. Wasn't able to hold MINE problems by myself. ",1,0,1753963488.0,depression,user_3647,False,True,2025-08-01T10:00:10.122771
1mdzl9o,an outlet,"I don't have anywhere else to let this out, my next psych appointment isn't until mid august and I am really struggling. My grandma and dog passed last year and I started taking antidepressants which in hindsight made my mental state a lot worse. My partner and I were long distance and I betrayed her trust and hurt her in the worst possible way and she has left me. She and my dog were my entire world.

I’ve been told I have a fearful-avoidant attachment style. I struggle with expressing love and vulnerability, and I grew up in an environment where it didn’t feel safe or natural to do so. Looking back, I lacked healthy male role models, my dad and grandfather created a lot of volatility at home, sometimes violence and that shaped how I learned to relate to others emotionally. The hardest part is that I couldn't bring myself to tell the one I loved the most how badly I was really doing while she was overseas. I've only been able to speak about this to strangers, I don't know why.

I've been trying to get better by going on walks, but I haven't been able to go a day without randomly crying through out the day, which gives me a headache and makes me really tired and I just go to sleep after dinner. My nightmares have also gotten worse, I wake up a lot where I'm yelling. I know whatever I'm feeling, she would feel worse and I am just so angry and sad that i did this to her. That night I felt completely worthless, and most days since have felt similar. I think that feeling contributed to self-sabotage in the first place.

I've also been having dark thoughts, I keep thinking about that blog post where his last post is ""that's all folks"" and his parents find it and continue his blog. I don't think I could ever do that to mine, I try to speak with helplines. My birthday is coming up, and I'm really dreading it. Thank you for reading if you made it this far, I'm going to go to sleep.",1,0,1753963132.0,depression,user_3648,False,True,2025-08-01T10:00:10.122771
1mdyv39,Depression Worsened After Painful Experience with Crush Who Has BPD,"I’m really struggling with my depression and need to vent. I (M, 30s) went on a few dates with a girl I was crazy about.   
She seemed great at first, but things turned bad fast. I found out she has BPD, and she started being mean, putting me down with awful comments like I’m weird, ugly, and no one will ever want me.   
I’m already battling depression and loneliness, so I clung to her, hoping it’d work out. But it was hopeless.  
When I finally walked away, she got even worse rude, cruel, like a monster. Her words hit me hard, and weeks later, they’re still feeding my depression, making me feel worthless. I know she has her own issues, but I can’t shake the pain. ",1,0,1753960830.0,depression,user_deleted,False,True,2025-08-01T10:00:10.122771
1mdyqmj,Hungry and weak,I haven't eaten properly at all these past few weeks. I'm so hungry my entire body is aching but I can barely even bring myself to open a bag of shredded cheese. Half my fridge being moldy and rotten certainly doesn't help,1,0,1753960423.0,depression,user_3649,False,True,2025-08-01T10:00:10.122771
1mdy0qa,“Rest day” but I’m more exhausted than after a shift,"Today’s my “day off”…

I slept for 12 hours and honestly could sleep another 12.
But I can’t.
Tomorrow I’m up at 4:30 AM for another 12-hour shift.

All I want is to lie down, do nothing, rest.
But there’s so much I “should” do – clean the apartment, scoop the litter boxes, do the dishes…
No idea where I’m supposed to get the energy from.
Everything hurts. Especially my legs and my back.

So far, all I’ve managed to do is drink a coffee and stretch a bit.
And even now, my mind’s already spinning – thinking about work again, what food to prep, if someone will finally join our team…
Or if I’ll once again be doing the job of 2.5 people.

Anyone got tips on how to not go insane from work – even on your so-called “day off”?
",1,0,1753958018.0,depression,user_3650,False,True,2025-08-01T10:00:10.122771
1mdxtfk,I lost my will to continue living,"My biggest wish right now is to restart my entire life. I’ve made so many bad decisions that led up to where I am now, and I hate how it haunts me every waking moment. I lost all my money, I fucked up my education, I always got myself into trouble with the authorities etc.. Every time I think about the past, and about how much better in general I could have been, is a constant reminder that I’m a failure. I know I shouldn’t dwell on the past, but that’s the whole reason why I can’t even be happy now. Yes, I still can change, and I’m trying. However, at this point, I don’t even have the energy to do anything anymore. When I wake up, I always dread living another day.  I really don’t know what to do anymore, I’ve already fucked this life up to the point of no return. I just don’t want to continue living anymore. ",1,2,1753957289.0,depression,user_3651,False,True,2025-08-01T10:00:10.122771
1mea65y,here are 100 reasons to live  (i wrote them all myself),"here are 100 reasons to stay alive, i wrote them all myself

1. waking up after a good sleep
2. smiling at the sun
3. a warm breakfast with your family
4. the sun shining on you
5. waves on the beach against your ankles
6. a cold popsicle on a hot summer’s day
7. laughing so hard your stomach hurts
8. playing games with your sibling
9. going to your favorite place
10. the feeling of relief 
11. the feeling of pure joy
12. running in the grass
13. meeting an idol
14. eating new foods
15. spending time with family
16. being with loved ones
17. giggling with joy
18. bright stars
19. gorgeous sunsets
20. to welcome every day’s sunrise
21. to dance in the rain
22. to feel lucky because you are
23. eating warm meals
24. playing games
25. relaxing and doing things you love
26. good things happening to you
27. sitting on a swing in the breeze
28. flying a kite
29. making your favorite cookies
30. embracing your childhood
31. embracing your adulthood
32. smelling your favorite flowers
33. eating something you grew by yourself
34. making your backyard beautiful
35. savoring your favorite desserts
36. inspirational books
37. inspirational people
38. making new friends
39. the feeling of accomplishment
40. realizing someone loves you
41. ending a feud with a former enemy
42. watching the sun emerge from the clouds
43. good dreams
44. achieving your dreams
45. meditating 
46. listening to the sound of the rain
47. getting a meaningful gift
48. meeting your child for the first time
49. saying “i love you” to your parents
50. having fun
51. achieving a new record
52. traveling to another place
53. seeing someone special after a while
54. rainbows after a heavy rain
55. knowing that someone cares about you
56. good news
57. cozy breezes
58. coming back home after a long day
59. a hot shower in the cold winters
60. making a snowman
61. taking pictures 
62. recalling memories 
63. recreating new memories
64. being comforted by someone who loves you
65. having a great conversation that you don’t want it to end
66. making a funny joke and everyone laughs joyfully
67. feeling like you’ve found your way
68. feeling like you know where you are
69. feeling like you’ve got experience
70. accomplishing something you thought you couldn’t do
71. pushing your limits and expanding them
72. feeing proud
73. taking a rare photo
74. experiencing something you’ve always dreamed of
75. knowing that you’re capable of things
76. trying a new instrument
77. buying something new
78. living in a cozy home
79. knowing you benefitted the world
80. meeting your future grandchildren
81. having fun with your growing family
82. getting your dream pet
83. having a lifelong friend
84. your favorite day of the week
85. going on your favorite amusement park ride 10 times
86. watching someone’s face light up because of something you did
87. playing in untouched morning snow
88. petting your friend’s dog
89. hearing “i’m proud of you”
90. picking up trash from the floor and helping the environment
91. making something of your own
92. falling in love
93. feeling good about yourself
94. hoping for good things
95. finding a new favorite hobby
96. watching a life-changing movie
97. feeling better after crying
98. learning who you are
99. realizing how special you are
100. knowing that tomorrow will be a great day.

I wrote all these myself. There are a lot of these on the internet but I took the time to list these. I hope this helps. You are loved and lots of people care.  


 

",145,49,1753988292.0,mentalhealth,user_3652,False,True,2025-08-01T10:00:17.555508
1meel7q,Is it possible to be traumatized by a gore video?,"The other day I watched a video of a serial killer cut some guys head off with a meat cleaver while the other guy was jerking off. He later cut off his other body parts and then cooked it and ate it on video.

Im not traumatized by that video but its kind of disturbing to me, I think about that video all the time. Will i eventually forget about it?",69,124,1753998579.0,mentalhealth,user_3653,False,True,2025-08-01T10:00:17.555508
1mejct9,Therapist brought up a point I hadn’t considered before and I’m afraid they’re right…,"So I had an appointment with my therapist today and they brought up an interesting point, since I’ve been feeling hopeless and suicidal for most of my life. 

As of last year, I do not meet the clinical criteria for depression anymore, but I’m still dealing with these suicidal thoughts. 

However, they came up a hypothesis that my suicidal thoughts are the remnant of a mindset I developed from when I was bullied in my childhood. 

They said the only way I’d be able to move on from this is by replacing my mindset with a healthier one. But the issue is that I can’t do that, because I truly feel that I don’t want to live. 

Does anyone here have any experience with using suicidal as a crutch? Am I going crazy? Is my therapist off base here? ",16,14,1754011288.0,mentalhealth,user_3654,True,True,2025-08-01T10:00:17.555508
1meluhz,"I dont want to have kids, but it would be nice to have a family to come home to","I'm 30, and i'll admit that I don't want kids because it just seems like a lot of work, and i'm worried about not being able to give the kid the best life. 

I already struggle a fair bit with having energy for everyday things, and I doubt im going to have energy to raise a baby. 

I dont know... I just think about coming home everyday to nothing and no one, and there's no one there to support me or be a security blanket / safety net when things fall apart. 

I also think about how nice it was for me as a kid to come home to my Mother, Father, Brother, and Sister. 

Sure, I could be happy coming home to a small apartment with two little dogs... but i'm not completely happy and i'm still worried about the safety net security bit or having a real friend I can connect with. ",10,7,1754018642.0,mentalhealth,user_0957,False,True,2025-08-01T10:00:17.555508
1me5xyb,Taking control of my finances helped my anxiety more than I expected.,"I’ve been dealing with anxiety for years, and while therapy and journaling have helped, one thing I underestimated was how much financial stress was fueling everything.  
  
The constant worry about credit card balances, collection calls, and never feeling like I had a way out it was always in the background, draining me. A few weeks ago, I finally decided to face it head on. I used a program to learn about my options, and honestly, just having a plan made a huge difference mentally. It wasn’t magic, but knowing I wasn’t alone and that there were actual steps I could take gave me some peace I hadn’t felt in a long time.  
  
If you’re feeling overwhelmed by money stuff on top of everything else, just know you’re not the only one. Has anyone else noticed mental health improving once they started dealing with their finances?",64,0,1753978671.0,mentalhealth,user_3655,False,True,2025-08-01T10:00:17.555508
1mepofb,Don’t guess your side effects — track them.,"If you’re on antidepressants like SSRIs, please track your symptoms. Even if you feel like it’s small stuff — nausea, insomnia, mood swings — it matters. I’ve been using SympTrack to keep tabs on everything, and it’s helped me explain things better to my doctor.

Not saying it’s a fix, but it helps you advocate for yourself. If you’ve found anything else helpful, drop it below. We’re all figuring this out.",4,0,1754031859.0,mentalhealth,user_3656,False,True,2025-08-01T10:00:17.555508
1medzu1,"People with insomnia, tell me how do you cope...","I have had insomnia for a couple of years. There are periods when everything is fine and I can fall asleep without problems, and there are times, like now.... I just can't fall asleep, I can stay awake for a day, and the next day I still don't want to sleep. I can have auditory hallucinations from lack of sleep. I was prescribed pills for insomnia, but I really want to sleep without them. And the problem is that there is not even a special reason why I can't fall asleep. Most often there are no thoughts or worries. It's as if my eyes can't close ",23,33,1753997147.0,mentalhealth,user_3657,False,True,2025-08-01T10:00:17.555508
1menvbj,I don't know how to live after accidentally causing a fatal accident,"Hello I'm a 26 years old guy. 2 days ago a 36 years old man riding a motorbike with his 61 years old mother on his back swerved and hit the side of my car.

It was on a wide road with multiple lanes splitting into 3 different roads. The left lanes was going straight into the first road, the middle lane was going straight into the second road, and the right lanes was heading into a roundabout. I was in the middle lane going straight towards the second road in a steady pace. I'm sure I'm not speeding but alas I didn't see the motorbike trying to switch lanes from the left ( our country drove on the left side of the road) and before I knew it something had hit my car. I stopped and look into the rear mirror and saw the son crying asking for help with his mom lying down unconscious next to the motorbike.

I walked towards them not knowing what to do, we were in a state of panic. People started to gather, they told us there's a hospital nearby. They carried the mother into my car, with my hand shaking I drove to the hospital. The son was crying, her mom lying against him made no sound.

I accompanied them to the ER, as the doctors worked on his mother, the son for the first time looked at me. I don't quite remember what he said right then. But he did tell me he was trying to go to the right lanes for the roundabout, I told him I was going straight. Then the police officers came, his sister and the rest of his family also came. The police asked if we want to file a report but nobody trusts the corrupt police in this country. They would take our vehicles and asked for money in return. There would be no real investigation nor court ruling. In the end we agreed to settle this without the police. The hospital bills would be split 50/50 between us.

The son and his family, although shaken themselfs, tried to comfort me. ""Bad luck,"" they said. ""You were all just at the wrong time and wrong place,"" they said.  No one was blaming me. And although I don't think it's my fault, at least that's what my logical brain tries to convince me, that the motorbike was the one at fault for hitting my car from the left lane. My heart says otherwise, that the accident was caused by me. I caused all of this to happen. If I was more perceptive I could've anticipated the motorbike. If I was slower maybe the bike wouldn't hit my car.

Today the mother was still in a critical condition. They had done a surgery on her but the doctor told us that chance of recovery is slim. She's in a state of coma. The hospital bills keep piling up.

When I look at the mirror, it's like I'm looking at a different person. A person who have caused a fatal accident.

I can't go back to my daily routine. I forced myself to go to work despite being entirely unproductive. I forced myself to eat. I forced myself to sleep despite the nightmares. I couldn't dare enjoy any of my hobbies. I couldn't bring myself to watch my favorite shows, I stop working out at the gym, I don't even talk to my friends anymore.

I don't know if she would survive or not. I don't know how long we could continue paying the hospital bills. We might go broke before she could wake up.

I have only told this accident to my family and a friend I trust. I know they're worried about me but how could I live from now on, knowing a family had suffered because of me, that a life could be lost because of me? How? Am I even deserving of life?",5,2,1754025257.0,mentalhealth,user_3658,True,True,2025-08-01T10:00:17.555508
1me4tp7,What causes a lack of empathy?,"Due to a trauma related disorder, I lack empathy. I am wondering what specific things in childhood can cause this",52,30,1753976152.0,mentalhealth,user_3659,False,True,2025-08-01T10:00:17.555508
1mea5il,here are 100 reasons to live  (i wrote them all myself),"here are 100 reasons to stay alive, i wrote them all myself

1. waking up after a good sleep
2. smiling at the sun
3. a warm breakfast with your family
4. the sun shining on you
5. waves on the beach against your ankles
6. a cold popsicle on a hot summer’s day
7. laughing so hard your stomach hurts
8. playing games with your sibling
9. going to your favorite place
10. the feeling of relief 
11. the feeling of pure joy
12. running in the grass
13. meeting an idol
14. eating new foods
15. spending time with family
16. being with loved ones
17. giggling with joy
18. bright stars
19. gorgeous sunsets
20. to welcome every day’s sunrise
21. to dance in the rain
22. to feel lucky because you are
23. eating warm meals
24. playing games
25. relaxing and doing things you love
26. good things happening to you
27. sitting on a swing in the breeze
28. flying a kite
29. making your favorite cookies
30. embracing your childhood
31. embracing your adulthood
32. smelling your favorite flowers
33. eating something you grew by yourself
34. making your backyard beautiful
35. savoring your favorite desserts
36. inspirational books
37. inspirational people
38. making new friends
39. the feeling of accomplishment
40. realizing someone loves you
41. ending a feud with a former enemy
42. watching the sun emerge from the clouds
43. good dreams
44. achieving your dreams
45. meditating 
46. listening to the sound of the rain
47. getting a meaningful gift
48. meeting your child for the first time
49. saying “i love you” to your parents
50. having fun
51. achieving a new record
52. traveling to another place
53. seeing someone special after a while
54. rainbows after a heavy rain
55. knowing that someone cares about you
56. good news
57. cozy breezes
58. coming back home after a long day
59. a hot shower in the cold winters
60. making a snowman
61. taking pictures 
62. recalling memories 
63. recreating new memories
64. being comforted by someone who loves you
65. having a great conversation that you don’t want it to end
66. making a funny joke and everyone laughs joyfully
67. feeling like you’ve found your way
68. feeling like you know where you are
69. feeling like you’ve got experience
70. accomplishing something you thought you couldn’t do
71. pushing your limits and expanding them
72. feeing proud
73. taking a rare photo
74. experiencing something you’ve always dreamed of
75. knowing that you’re capable of things
76. trying a new instrument
77. buying something new
78. living in a cozy home
79. knowing you benefitted the world
80. meeting your future grandchildren
81. having fun with your growing family
82. getting your dream pet
83. having a lifelong friend
84. your favorite day of the week
85. going on your favorite amusement park ride 10 times
86. watching someone’s face light up because of something you did
87. playing in untouched morning snow
88. petting your friend’s dog
89. hearing “i’m proud of you”
90. picking up trash from the floor and helping the environment
91. making something of your own
92. falling in love
93. feeling good about yourself
94. hoping for good things
95. finding a new favorite hobby
96. watching a life-changing movie
97. feeling better after crying
98. learning who you are
99. realizing how special you are
100. knowing that tomorrow will be a great day.

I wrote all these myself. There are a lot of these on the internet but I took the time to list these. I hope this helps. You are loved and lots of people care.  


 

",26,10,1753988250.0,mentalhealth,user_3652,False,True,2025-08-01T10:00:17.555508
1mefas1,"Voluntarily Admitting Myself. Packing List, Tips, Dos and Don’ts?","As the title says, I am considering admitting myself to a psychiatric facility. This is going to be a really difficult month for me. I lost my best friend and late partner during this time, my birthday is coming up which is the same day i had a traumatic accident, and I’ll be alone my brother and the only friends I have are traveling for the entire month. 

I’m so alone. And it’s heavy. Mentally and physically, I’m struggling. I’m scared of making the wrong choices. On top of that, I have a court date coming up against one of my rapists, and I know I’ll need my full strength to face it.

I believe it might be safer for me to admit myself rather than risk spiraling. I really think this is the mature right decision to make. But I’m scared since my past experiences with psychiatric hospitals and rehabs were traumatic, and I’ve never admitted myself voluntarily before.

My brother is leaving in a few days, so I have that much time to prepare.
If anyone has tips on What to pack, What to expect, Dos and Don’ts anything really. Im scared and being prepared helps me alot. Thank you so much",13,4,1754000301.0,mentalhealth,user_3660,True,True,2025-08-01T10:00:17.555508
1meolsw,Even texting people I like makes me anxious sometimes,"It’s weird. I’ll think about texting someone, and my brain floods with worst-case scenarios.

“What if I say something dumb?”

“What if they don’t answer?”

“What if I’m annoying them?”

So instead of sending the message, I do nothing.

And then I feel more alone.

Is this just me? 

(25 year old Male btw)",2,1,1754027866.0,mentalhealth,user_3661,False,True,2025-08-01T10:00:17.555508
1mepz43,Coping Mechanism,"I’m not really sure where to even began, im just venting atm to get thoughts out of my head and trying to avoid a panic attack while at work. 
I’m going back to therapy for the first time after 8years. My mental health and anger issues have gotten so bad that my wife is ready to leave me. I’m so proud of my wife and my family, the thought of me losing them because of my actions is eating me alive. My head is constantly swimming with thoughts to the point I’m having multiple panic attacks a day. I’m absolutely terrified of meeting with this therapist, I’ve never been one to share my feelings, I’ve always kept things to myself. The worst part of all this is just how alone I feel in this journey, out side of my wife and kids, I have no support system where I live because my family lives several hours away. I’ve never really had a social life and what little I did have I’ve pushed away. The one thing I have done that made me feel better was deleting all of my social media accounts. ",2,0,1754033001.0,mentalhealth,user_3662,False,True,2025-08-01T10:00:17.555508
1mencq1,WHAT'S THE POINT OF KEEPING PUSHING YOURSELF? WHY IT MATTERS?,"Is it ok to one day born as nobody and die? We neither choose our birth nor our death. I am terrified of the thought of dying as nobody. I don't understand why this bothers making me push myself and work hard. But I still deep-down questions it every day. Why and what must I do? The only reason I am certain about is to earn my living. But feels like this isn't enough reason, even animals earn their living every day in one way or another. ",3,2,1754023462.0,mentalhealth,user_3663,False,True,2025-08-01T10:00:17.555508
1me0nlh,People who have struggled with depression how did you manage to overcome or at least cope with it?,Honestly I’m just tired at this point I can’t do much even the passage of time feels agonising ,52,65,1753966093.0,mentalhealth,user_3664,False,True,2025-08-01T10:00:17.555508
1memqn3,I’m experiencing a nervous mental breakdown would really like to talk to someone who has been there,😢,3,1,1754021444.0,mentalhealth,user_3665,True,True,2025-08-01T10:00:17.555508
1mej9av,How do you stop seeing everyday as just another day?,"Everyday I wake up and feel like everyday is just gonna be the same. It kinda is, but theres so much I miss out on i feel because of it. It feels like I've wasted so much time for alot of different things just because my brain's on autopilot. I don't really feel like I'm living my life if that makes sense 🥲",4,1,1754011007.0,mentalhealth,user_3666,False,True,2025-08-01T10:00:17.555508
1meotxt,Daddy/mommy issues: do you feel unreasonably drawn to people and characters that remind you of your dad/mom?,"Have that be romantically or sexually or platonically, have you ever found yourself drawn to people that remind you of your parent in one way or another? Have that be age, appearance, personality, speech, and so on so on

I’m almost exclusively attracted to older men, we are taking 50s, I’ve only had relations with older people in my life.

",2,1,1754028665.0,mentalhealth,user_3667,False,True,2025-08-01T10:00:17.555508
1mem33z,I feel like giving up,"Idk anymore guys, it's becoming so hard to gather my thoughts and verbalize them. I have no one to talk to, and the one person I did have is avoiding me now. Idk, maybe I'm just annoying or something. Itd make sense, ive been told im very annoying in the past, so i wouldnt doubt it. Maybe I'm just too much for people to deal with. Maybe I'm too much for myself to deal with. Im tired of myself. I wish I could just disappear.",3,2,1754019403.0,mentalhealth,user_3668,True,True,2025-08-01T10:00:17.555508
1meoa5s,how to get a therapist if im broke?,im a minor and my parents dont have that much money to afford a therapist but i still would really like to get a therapist but idk where to find one thats cheap/free.,2,2,1754026699.0,mentalhealth,user_3669,False,True,2025-08-01T10:00:17.555508
1mefupw,I’m just so exhausted.,"I apologize, wasn’t sure if venting or needing support was the appropriate tag here. Also, posting from mobile and apologizes for any typos - I’m crying while I write this lol. 

I (42f) was diagnosed with depression in middle school, first panic attack as a freshman, CPTSD 2 years ago. I’m doing the “right” things. I have a good psychiatrist, therapist, and PCP. I take all of my meds. I eat fairly healthy (although some new GI issues recently have hindered that a bit). Mindfulness, yoga, getting sunshine by walking my dog, doing my “homework” from my therapist, you get the idea. 

The past couple of years have been rough personally - left an alcoholic partner, lost a job due to mental health, moved cities, started a new job, living alone for the first time - a lot of big changes. 

I have really been struggling. I’m making it to work, and my performance there is good (although I have missed a couple of days, but no warning for it). Outside of work I’m a disaster. I haven’t unpacked, my apartment is a mess, I’m just surviving. I don’t succeed at self care every day. Therapist knows all of this and we are working on a plan. 

I guess I am just feeling sad? overwhelmed? frustrated? I’m doing all of the right things, and have been for a long time. I know these are chronic illnesses that I will have to work to control my whole life, and I hate that. I hate it for myself, and for everyone else going through anything similar. 

There aren’t many people in my life who understand, and when I have tried to educate them or send them information it goes nowhere. In my profession, mental health is really only talked about in a dark humor way, and admitting you are truly struggling doesn’t feel safe. I’m feeling pretty lonely in this right now. 

I’m safe at the moment, no worrisome thoughts. Just overwhelmed, sad, kind of scared this is just how life will always be, and feeling alone. 

Just looking for maybe a little solidarity or a virtual hug I guess? How do you cope with knowing this is an ongoing battle? Any tips for getting my living space in order when it’s hard to get out of bed (this is really stressing me out)? And if any of this resonates with you, I hope you know you aren’t alone in how you are feeling. ",7,4,1754001712.0,mentalhealth,user_3670,False,True,2025-08-01T10:00:17.555508
1menz4s,I’m anxious I’m a bad person I I don’t know what to do,"I was denied a position I’ve already been helping out in and am very very much qualified for and it was given to some random person. I found out my supervisor and a manager talked a lot of shit about me, even after all the times I helped her. I was so mad I was shaking I hate myself I told everyone that I was denied the position I mean everyone and that I was upset and disappointed about it. I had a 70 minute conversation with two gms, I’ve just been irate I’m starting to get anxious what if I get fired now but I also may quit so idk why I even care? It was so disrespectful to hire some random person with no experience after putting in extra hours and covering for so many people. I started feeling scapegoated they said they’ve seen no improvement we were down four people but I’ve been too mad and too argumentative and I sobbed in front of a bunch of managers I hate myself I don’t know what to do. This position was a passion of mine",2,1,1754025634.0,mentalhealth,user_0907,False,True,2025-08-01T10:00:17.555508
1menwr8,Is this complex trauma? Can anyone relate?,"I’m 19F, been struggling with mental health since I was 12. Recently been analyzing my issues and my symptoms to see wtf is wrong with me and why it’s not getting better. CPTSD and like, attachment trauma keep coming up? 

I’m not trying to self-diagnose I just noticed its kind of insane how I exactly fit the listed symptoms. But its like I can’t really remember any “trauma” that would lead to this?

I’ve been dealing with hypervigilance (also causes nightmares/disturbing dreams), exaggerated startle responses, anxiety, emotional dysregulation, chronic intense feelings of guilt/shame, deep belief I’m a bad person, struggle to feel close to people/always fearing rejection, feel unlovable, chronic people pleasing (so automatic I don’t even realize I’m doing it), derealization, no sense of identity, and extreme discomfort with emotional/vulnerable convos to the point I feel physically unable to stand them. Actives my fight or flight. 

Like CPTSD consistently is the only thing the internet keeps spitting at me. But its not like I was abused or anything. I have a lot of “childhood amnesia” I guess which is also stated as common trauma symptom. I genuinely can barely remember ages 8 - 14. I can’t even really picture my room or mentally walk through my old house. I have barely any memory of entire vacations.

Idk I had an unpredictable parent growing up, as in someone who would swing from super loving/supportive to angry/strict randomly. And like the same thing would get completely different responses depending on his mood. And I guess I remember my parents fighting a lot when I was younger, and I’d comfort my mom when she was crying at like age 5? 

I was also bullied for a year in elementary school. But does all that really count as “trauma?” Isn’t it just kind of standard childhood stuff? Like my parents are great overall I’d say. But why am I struggling with so much so badly? I haven’t had a close friend in like four years. I feel like I’m always waiting for something bad to happen, constantly rehearsing every bad scenario that could happen in my mind (and dreams) so I’m always prepared. And genuinely believe I’m a bad person and feel overwhelming guilt doing literally anything. 

Idfk. Anyone else dealt with this? Am I just depressed or something?",2,1,1754025401.0,mentalhealth,user_3671,False,True,2025-08-01T10:00:17.555508
1mele68,I’m Exhausted from Pretending I’m Okay,"I’ve become a professional at “I’m fine.” Smiling in conversations, laughing at jokes, texting people back with emojis so they don’t worry. But the truth? I’m running on empty. Not physically  emotionally. Mentally. I don’t even know what I’m pretending for anymore. It’s not like anyone would really notice if I stopped. They’d just think I’m “in a mood” or “tired.” I don’t want to scare anyone. But I also don’t want to keep faking it. How do you ask for help without sounding dramatic?",3,4,1754017243.0,mentalhealth,user_3672,False,True,2025-08-01T10:00:17.555508
1meh9br,Limerence is killing my lover girl heart<\3,"Limerence can feel like magic and madness braided together. It’s that obsessive longing, the way your brain plays the same reel over and over: their smile, their words, their imagined thoughts about you. You script a love story that hasn’t even happened—or maybe only happened in pieces—and still, it loops endlessly, echoing through your mind like a haunting song.

But limerence is not love. It’s not deep, steady, or safe. It’s the idea of someone, elevated and unreal. It thrives in uncertainty, in the what-ifs and maybes, in the silences you fill with fantasy. And the more space you give it, the more it consumes.

To deal with limerence is to begin the painful process of pulling yourself back to reality.

It starts with honesty:

“I don’t actually know what they feel. I don’t actually know who they are when I’m not projecting.”

Then comes the discipline:

No more checking their stories, rereading messages, listening to songs that remind you of them.

And then the work of re-centering:

Redirect that emotional intensity into your own life. Let yourself grieve the illusion. Let yourself be angry, heartbroken, embarrassed. All of it is part of the unraveling.

Eventually—slowly—clarity returns. And you begin to realize: the connection you craved wasn’t really about them. It was about what you wanted to feel about yourself. Loved. Seen. Chosen.

That’s where the healing begins. When you realize you don’t need to be consumed to feel alive. You just need to come home to yourself.

….. but I want to pretend, to think, to imagine. I want it for real. I want the laughter, the fun… the fantasy… and that’s my problem. I can never get out of my own head.
",5,4,1754005432.0,mentalhealth,user_1044,False,True,2025-08-01T10:00:17.555508
1me29e1,I faked being okay with my job for 4 years. It ruined me.,"I spent 4 years pretending to my ex I was fine in a job that drained me completely. On paper, it was stable. Good job, good wage, nice flat. Respectable. Inside I was slowly collapsing.

I kept smiling, painfully trying performing and hiding it in order to save face. Until it cracked.
I spiraled into what I call a pseudo depression (never been diagnosed), lost my 7-year relationship, and now I’m still stuck with this flat we need to sell.

I've been really good at it, nobody noticed. The worst part is realizing how long I ignored myself. I’ve changed jobs since, I’m slowly rebuilding. I went deeper into running, did an ultra-marathon. Not for glory, but to prove to myself that I still had some fight left. That I still exist and that I can choose my pain.

Just needed to get it off my chest. If you're reading this and you're faking it every day: act before you crash hard.",30,3,1753970159.0,mentalhealth,user_3673,False,True,2025-08-01T10:00:17.555508
1meqht4,"Starting therapy for the first time in 4 years, very scared","I honestly don’t entirely know why I’m posting about this but I feel kind of lost and I’m hoping some encouragement or support will make it easier maybe. I’ve had a lot of therapy and in/out patient help with my mental health. For a while I’ve been doing okay without additional support but as I’m starting to become more comfortable with myself I’m recognizing thinking patterns and behaviors in myself that I’d like to understand and change. I’m very much so a protective person and can understand and support other people but I have a really hard time opening up and communicating my emotions outside of a blanket of metaphors or metaphysical analogies. I recently just started a relationship with someone very well versed in mental health and their own journey, they’re much more open than me and I really wish I could be more open and communicate my emotions without fear or shame hindering me from being honest. I have a lot of problems with expressing my thoughts and feelings because often times I’ll invalidate myself before I even speak. I want to get back into to therapy to help sort through these things and kind of revitalize the coping strategies and communication skills I’ve learned. The problem is I’m terrified. I’m so scared. I’m scared that I will fall too far into blaming myself and self hatred and that I’ll slip back into how I was many years ago. I’m scared that by opening up and loosening my defenses that I’ll fall. I don’t want to fall, but I’m also so tired of catching myself in patterns of self hatred and silence and I’m currently at a point I don’t know how to help myself. I can’t identify the emotions or the origin of these defenses and so I think I need help. I’m just worried. I don’t know, if anyone has advice for how to go about talking to a therapist for the first time in many years I’d really appreciate it. I have an appointment already and I think I’ll be okay I just don’t know how to start. ",1,0,1754035040.0,mentalhealth,user_3674,False,True,2025-08-01T10:00:17.555508
1meqhou,Genuinely feel like something happened and I'm not sure what to do now,"I woke up this morning expecting it to be like all the other days only to realize one of my friends who i honestly cared about had just left and unfriended me and most other people he was in contact with. Asked if ge was ok twice and he didn't respond. After that my dad asked me to come with him to return a package and he was explaining something to me when i suddenly zoned out. He realized i wasn't paying attention to him and then said, ""you know i would've been paying attention if my dad decided to teach me any of this."" And honestly that hurt mainly just because i know he wants me to be even better than him and yet i feel like he's just disappointed to realize his son might end up lost.

There was some other stuff that really did hurt this week that contributed to this... i guess ""lost"" feeling but honestly these were the ones that hit the hardest. It feels like at some point i made an irreversible mistake and now I just feel like a bad friend, son, brother, basically everything

Thx for reading this stupid ass rant ig",1,0,1754035026.0,mentalhealth,user_3675,False,True,2025-08-01T10:00:17.555508
1meqhln,What's wrong with me?,"So I am a 12 year old and I have ADHD and Social Anxiety. Its like having a mind that never shuts up. I live in india where mental illness is taken as a joke and even used as an insult. I have been suffering silently. I lock myself in my room and deal with it alone. I am average at everything. My parents expect me to be a doctor and I want to be something that...even I don't know. I sometimes snap and yell at my friends for the slightest mistake they've done, I feel horrible afterwards. I want to tell them it was an outburst but I CAN'T. And then I find myself pushing everyone away. I have told my best friend who responded with, ""Oop,you better go to a mental hospital psycho!"" I have learned to blend in the background at school, bieng an out cast, and writing my dumb fantasy story. I like the pain now because it's the only thing that feels real.
",1,0,1754035017.0,mentalhealth,user_3676,False,True,2025-08-01T10:00:17.555508
1memmjn,Quitting job to work on physics,"Quitting job to work on physics

Im looking for perspective because this is not my field. My husband started learning and working about physics last year. He told me he thinks physicists have it wrong and my response was poor and I told him I thought that was an arrogant assumption. It really hurt his feelings and I did say sorry but he still uses it against me.  He wrote a paper, thought he was going to win an award, then when rejected was in a bad mood for a while.  I told him I didn't want to hear about the project because he seemed to put his self worth into it. I told him I'm more concerned about his mental health and that he should consider doing fun social things he used to do.  Fast forward my husband spend all his free time on his project and then last month tells me he has a 100 million idea and wants to take out a lot of patents. He has been working alone this whole time and has no background in physics. He is a software engineer. He told me he is going to win and nobel prize or go to the looney bin. He told me he wants to quit his job to work on the project and doesn't have mental health issues and he doesn't like work. I pointed out that he doesn't have validation amd he said the math validates him. I had a friend who is a physicist talk to him and point out errors but now he says i just embarrassed him and prevented a potential collaboration. I tried to get him on medical leave but he refused. He quit last week against my wishes and tells me I'm not supportive of his mental health and his dreams. 

What does this look like?  Do ppl find discoveries alone?
",2,0,1754021087.0,mentalhealth,user_3677,False,True,2025-08-01T10:00:17.555508
1meq7vs,Whats wrong with me?,"I used to be a ten year old who would cry at birthday parties And in gymnastics practice I dropped out of it that year.I wouldn't stop crying Just because I felt So scared and sad I'm pretty sure looking back.My mom thought I was being molested Which I wasnt. I was the twelve year old Who was Starving herself For the attention of her friends and family I was the thirteen year old Who was cutting herselfalso for attentention Then I was fifteen , and I had a really bad relationship To my
Best friend , I stopped showing my friends my scars( my family hasnt seen them ever and doesnt suspect anything) And I would hurt myself Crying so angy I didn't want to feel like my dad who was always angry and once when i was around that age had shoved me and choked me a bit with his arm i bit him to get free. The next day he was joking with my mom about it. My social anxiety would become so bad my oral grades were so bad my heart beat so fast everytime i wanted to say sth in class my hands were sweaty. In 12th grade i dropped out every lesson was scary every minute i felt like i couldnt take it now ive been lying in my bed for 5 months i tried sertraline and venlaflaxin it doesnt work my therapist doesnt think she can help me she says i have to go to a clinic. I got a cat and i try so hard to do ANYTHING but its so hard to be happy and productive when you dont have any hope and are so very tired. Also my sis has been struggeling with an ed since she was like 14 and shes 19 now and had to be on the border of dying before my parents noticed and got her help( shes in a psych ward atm)

",1,0,1754033949.0,mentalhealth,user_3678,False,True,2025-08-01T10:00:17.555508
1meq3ro,Back to work after a significant time out,"Hi, 

I'm looking for some advice please and my therapist suggested I get some ideas and advice from people on here who may have been in the same situation or similar. 

I've been out of work for 9 years due to some traumatic things and my last job, I was let go from due to (what I didn't know then, but realise now) was the start of significant period of mental health.

I now know that I have ADHD, CPTSD and OCD and have been working with a therapist for the past 6 years to understand/manage my symptoms, it's been a hard slog but I'm finally starting to leave my house more and think I may be ready to start working again.

The thing I'm worried about is how to explain my big career break and also knowing how my last job ended (very badly) and couldn't go to them for a reference, how is the best way to start to get back into work without feeling judged or having to go into any subjects of why which I know I will struggle to explain and/or will just trigger me. 

Any advice on how to get back into the workforce would be great

Thankyou   
Me x",1,0,1754033507.0,mentalhealth,user_3679,False,True,2025-08-01T10:00:17.555508
1mem5n9,late nights…,"does anyone wanna talk? feeling very anxious and panicky tonight with my thanatophobia and ocd, but, my moms heading to bed soon, so i won’t have anyone to talk to… just keep in mind i am 19(f) and would prefer nobody under 18 or over 25!",2,1,1754019628.0,mentalhealth,user_1062,False,True,2025-08-01T10:00:17.555508
1meeajn,My parents probably should've gotten me a therapist when I was younger,"I am 16M. When I was young, around the age of 6-7, I developed a habit of animal abuse (won't go into detail.) I remember it vividly. Again, I won't go into detail, but I know exactly why I did it, and why I kept doing it. I constantly think about doing things to my close friends that most people would consider horrible, or more likely, just plainly evil.

I tolerate those around me. Usually, my indifference or apathy/lack of empathy toward their existence, and the things I do around them, is mistaken for sarcasm, or a sense of humor. I say I hear things that aren't there, they think I'm joking. I don't know what I want from anyone. I don't know what I'll be.

This is why, sometimes, it confuses me that my parents didn't suggest a therapist. it seems obvious. I cannot remember the last time somebody has wanted to know what I am thinking. However, I will not be going to therapy. I am not asking for advice about my mental health.

All of my 'friends' have mental health problems, and they think I'm the weird one. There is obviously something wrong with me. Nobody knows what it is. I don't mind it.

You should seek help or therapy if you feel anxious and/or depressed, and make every effort you can to improve your mental health. I am neither anxious or depressed.",6,3,1753997865.0,mentalhealth,user_3680,False,True,2025-08-01T10:00:17.555508
1mepxbu,I don't get it? Why are yall not calling 988?,"Hi,,

I work for 988, and was a volunteer for years.

I don't get it.

I've been dispensing  my brand of support for a few weeks or months here,

I see sooo many people needing support, soo many people saying their suicidal .

Most people asking for advice.

Yet so  few of them saying they tried calling 988.

people looking for mental health support, yet not saying they've called 988 or warm lines.

Why is this?

Do yall not want to?

or

do yall not know these resources exist?

What's going on?

OR

is there something easier and more comforting about just posting on the internet?

oh, 

 also there is a sub for 988

[https://www.reddit.com/r/988/](https://www.reddit.com/r/988/)",1,4,1754032809.0,mentalhealth,user_3681,False,True,2025-08-01T10:00:17.555508
1mepwmr,Need Some Advice,"I’ll just get straight into (sorry if it’s gonna be a little long), I turn 20 this year and i still haven’t gone to college for longer then a semester (which i failed and thoroughly gave up) I haven’t tried to get an apprenticeship anywhere and I just feel lost and worthless, 

I grew up poor but not enough that I was worried about food at a young age, my mom raised me as a single mother through a divorce as a foreigner, she was not the nicest growing up for various reasons ranging from yelling to hitting me but I mostly ignore this as it’s how she was raised and she was stressed from being in a bad environment.

I’ve struggled with mental health my whole life ranging from being overweight to hating how I look and this last year it’s really ramped up, I’m surrounded by friends who I love to hang around with and I know how badly so many would feel if I was to do anything harm related to myself, yet I just cannot find a reason to bring my life together and do anything, from trying to further my life through education or even just better myself physically it all just feels so overbearing.

I’m really only writing this because I mainly just need to get it out but my future looks so bleak and it hurts to think about, I see so many of my friends on their second year of college now knowing what they are going to do when their older and I can’t even begin to put together what I even truly want in life, I work a shitty minimum wage job and it just reinforces that i’ll never truly have anything and continue to be a failure like I am.

There’s more I could say but I truly don’t want to make this an essay so if anyone has felt like this any gotten through it i’d really like to hear how and just maybe ground myself in someway to get some sort of grip on reality because currently everything feels like it’s slipped away forever. 
",1,1,1754032737.0,mentalhealth,user_3682,False,True,2025-08-01T10:00:17.555508
1melxtt,reaching my breaking point i think.,"Been stressed which is an overstatement. between my dad's health not being the best and trying to get help for him and being turned away by doctors, being the only one working and supporting us, and still trying to manage grief of losing close relatives recently, getting hurt at work,  it's starting to take a toll on my mental health and I feel like I'm just one more set back away from things really getting bad again and I'm just tired. ",2,0,1754018938.0,mentalhealth,user_3683,False,True,2025-08-01T10:00:17.555508
1me82qg,how do i stop only caring about how i look? it's ruining my life,"i don't even know where to start. every single day i wake up and feel too ugly to exist. like, i don't want to go outside, talk to anyone, try anything new, because i'm convinced everyone sees me and just thinks ""eww."" it's exhausting. i am scared i'll end up alone forever because of how i look, and that thought is eating me alive. it stops me from living, from doing basic things. it's like no matter what i do, my appearance is all i can think about.

how do i accept that i am ugly? how do i stop letting this define every part of who i am?

i want to stop caring so much. but i don't know how!",11,10,1753983493.0,mentalhealth,user_3684,False,True,2025-08-01T10:00:17.555508
1melm2h,Okay so what does this mean? Please help,"I have this thing where I can be the most anxious person ever but I can throw on this persona and just go out and pretend I’m someone totally different and my anxiety disappears completely… and it’s not like alters or anything because there’s only myself and her. Her as in (my higher self?, my better self ig). Am I insane?",2,3,1754017921.0,mentalhealth,user_1044,False,True,2025-08-01T10:00:17.555508
1mepijy,My gf is a bit mean when it comes to me trying to talk about my struggles,"(This is a vent I’m not gonna break up with her)

Ok so this might be long because I’m upset. Basically I (17f, almost 18) have been dating my gf (17f) since November 2024. We were friends for a year before that. I’m moving two hours away to a big city for college in about 2 weeks.

We have both struggled with mental health stuff and I’d like to think I’ve been good at being there for her. I listen or talk her through stuff and try my best to comfort her. 

However I’ve been struggling with anorexia for quite a while. Since before we started dating and before we knew each other. I’ve been trying to recover.

I opened up to her abt it when we started dating and she said I can talk to her. I always asked before ranting or anything like that but the response would always be a bit mean?? Like one time she told me I’m not special as in everyone goes through what I do, she’s ghosted me before because I got sexually harassed at work, whenever I make jokes like “ugh I’m gonna kms” she’ll respond with “ok??” and today I told her i went of my antidepressants and she got mad at me and kinda went off on me?? Like not bad but like enough to make me feel like shit bc she was obviously annoyed with me. She then said she was just impulsive and needs to work on having empathy with me and can’t be here for me rn.

Idk how to explain it. I just dont know how to approach the subject bc she gets mad at me for hiding things or not telling her things. She’s also the only person I can ever talk to. I have other friends but I think the only reason they’re rarely annoyed is because I don’t tell them stuff?? Idk what the purpose of this was I just needed to get it out ig",1,0,1754031269.0,mentalhealth,user_3685,False,True,2025-08-01T10:00:17.555508
1mepi1l,I think I’m gonna drink it all and die,I’m really trying but I don’t even know who I am anymore I’m everything I’m not supposed to be I’m such a horrible person I don’t feel like I deserve anything ,1,5,1754031214.0,mentalhealth,user_3686,True,True,2025-08-01T10:00:17.555508
1melgei,Normal or not?,"When you get upset dose your mind just keep going faster and faster till you have to hit ur head to get it to stop them you have to keep having to tell shut up in your head so it won't keep going??

I probably shouldn't say this but I sometimes have voices in my some good some bad🤷🏾‍♂️

Its a daily experience so yeah",2,1,1754017433.0,mentalhealth,user_3687,False,True,2025-08-01T10:00:17.555508
1mep617,Im struggling,"What happens if I stop taking my meds for diabetes, heart, and bipolar?",1,4,1754029925.0,mentalhealth,user_0783,True,True,2025-08-01T10:00:17.555508
1mep32p,Has anyone experienced limerence and how do you get over it,Hi I’m m19 and I don’t know if limerence is a mental health issue (sorry if it isnt). But anyways for as long as I can remember I have always had this feeling when I have a crush or someone I love/like I find myself obsessing over them. And making up fantasies and scenarios as well as finding them to be the most perfect human being. That all changed when I found out one of my crushes liked me back at first I was the happiest in the world (I should say this is my first ever girlfriend) but after a couple of weeks I found myself being bored.. and I just couldn’t find myself feeling the same way I felt when she just my crush and after a couple of weeks we broke up. And ever since then I have always felt like something is wrong with me until I found out about limerence and found out that theres “cures”. I just wanted to come on here and see if anyone can tell me how they got over feeling limerence with every crush they’ve had and truly learned how to love someone for who they are. Thank you,1,1,1754029612.0,mentalhealth,user_3688,False,True,2025-08-01T10:00:17.555508
1meovth,maybe i want too much,"I feel like everyone around me is so happy and content with their relationships. I can’t help but focus on all the bad. I can’t move on from the rude comments, even flippant or joking. I can’t stop thinking about how poorly every single person has treated me in the past. How do other people just move on? I can’t do it. I don’t know how to be a human. I don’t understand how to deal with the fact that my friends exclude me and have hurt me, even though i know it is normal. I don’t know what relationships are supposed to look like. ",1,1,1754028861.0,mentalhealth,user_3689,False,True,2025-08-01T10:00:17.555508
1mefscb,Is anyone else weirdly more anxious since getting “into healing”?,"I went from “I need help” to “I need to fix my inner child, hold space for my trauma, reprogram generational wounds, protect my energy, avoid narcissists, cut cords, do shadow work, journal in 3 colors, align my chakras, and somehow keep my job”... all in the name of *healing*.

It’s like healing turned into homework. A whole identity. An aesthetic.

I swear half of my feed is therapists lip-syncing over Lana Del Rey tracks. No shade, but when did therapy become

 ✨influencer content✨?

Real question: 

What’s one piece of “mental health advice” that made things *worse* for you?",3,0,1754001544.0,mentalhealth,user_3690,False,True,2025-08-01T10:00:17.555508
1meos1b,Need advice!!,"I apologize for this long post but it’s eating at me and would really like some advice!

I have been going to therapy for 6 months now once a week cause my PPD and PTSD have gotten really out of hand. Well it has gotten to a point with my PPD that I feel like I need medication, while therapy is helping I feel like I need a bit more help feeling “normal”. I discussed with my therapist 2 weeks ago that I would like to explore medication and was wondering if I could get a referral. In these two weeks I was also talking about getting an adhd assessment and my therapist gave me one and said she strongly believes I have ADHD based of the results of the assessment, so she suggested I bring it up to the psychiatrist. Referral didn’t go through so she says just go upstairs (same building).I went to the psychiatrist office and made an appointment a week out. Well today was that appointment and I feel so confused and honestly invalidated. 

He started off by asking me why I was there and I explained that my ppd was becoming debilitating and that while therapy has been helpful I feel like I need a little more support temporarily. Also brought up the ADHD assessment and my PTSD, anyways he asks me a series of questions pertaining to ADHD and PTSD. After all the questions he’s says let’s go over the diagnosis I have for you. He said he doesn’t believe I have ADHD because I didn’t give him correct timelines for when I started noticing my symptoms ( he also stated this test was 40% inaccurate) then suggested that I can take a more accurate 20 minute one. He also said I have PTSD (which I already knew from a previous psychiatric diagnosis) then, he said I have BPD or at least bipolar traits is what he called them it was confusing cause he kept switching between the two. At this point I’m so overwhelmed and confused because he says these are loose diagnoses and nothing is definitive until actual diagnostic assessments are done, also said that my PTSD could be showing up as ADHD or that I do have ADHD.  He asks what I want to do moving forward so I say I would like to do the ADHD assessment and he says “great go to the front desk and they will schedule it, thank you for being so vulnerable in here and I hope you have a great weekend.” I got to the front schedule and find out the test is $200 cause insurance downs t cover it, which is crazy $200 for a 20 minute assessment!! I’m just so confused because we didn’t discuss my ppd at all and there were no treatment options talked about for these loose diagnoses just pretty much felt like a “damn that sucks hope you figure it out!” 

Just to mention I have been struggling with depression since adolescence but was told everyone felt that way and that people who were on medication were attention seekers. So one of my biggest fears now that I’m realizing not everyone feels this way, is that if I do go on medication people will see me as a pill popper and an attention seeker. Again things I was told when growing up and I understand it’s not the case and shouldn’t have this fear but, this appointment made me feel weird and kinda like I was being brushed off.  

Would it be wrong of me to ask my therapist for a referral to a different psychiatrist?",1,1,1754028478.0,mentalhealth,user_3691,False,True,2025-08-01T10:00:17.555508
1meoovx,"P.S. — I used Chat 8pt to help me put my thoughts into words because it’s hard for me to express this stuff clearly. These are my real feelings and experiences, I just needed some help organizing them. Thanks for reading.","I don’t really talk to people about this stuff because I don’t trust anyone like that, and I don’t want anyone knowing certain things about me. So I’m posting here. Maybe someone gets it.

Life feels like a blur. Like it’s just passing and I’m not really in it. I’m not super depressed like I was in the past — I had really dark days where everything felt numb and heavy. This isn’t like that. It’s more like… I’m floating through the same day over and over. No excitement, no goals, no reason. Just vibes and emptiness.

I sleep a lot, not because I’m tired physically, but because it’s the only time I escape my thoughts. When I’m awake, my brain goes into overdrive. Thoughts come nonstop, jumping like I’m swiping through photos too fast — boom boom boom, one after the other. I can’t even keep up with them. I overthink small things, make weird theories in my head, and sometimes I get angry for no real reason.

I lose control too easily. One little thing can trigger me, and I just snap — yelling, cussing, punching walls. Sometimes I feel like I create scenarios in my head that aren’t even real, and I react to them like they are. It’s like my brain sets traps for me.

My energy is low. Not in a ""I'm always tired"" way, more like I’m never *charged*. I’m just getting by. There are days I feel a bit more alive, but it’s never real energy — just enough to do basic stuff. And even when I do try something new — a project, an idea — I lose interest fast. I get excited, then quit. I can’t stick to one thing, and I hate that about myself.

I don’t go out. I don’t hang out. I don’t open up. I used to try, but people proved I can’t trust them — even family. That made me close off more. Now, I just stay inside and keep to myself. I'm an introvert for real.

Religion has been driving me insane too. It was supposed to give me peace, but instead it’s like a mental warzone. I keep overthinking it, doubting it, questioning it, then feeling guilty. I don’t even know what I believe anymore. It’s just another weight on my head I can’t lift.

I’ve got potential — people told me that growing up. Teachers, adults, even random folks who didn’t know each other said the same thing. But I feel like I’m wasting it. I know I *could* be something, but I don’t put in the work. I’m lazy. I lose motivation fast. I feel hopeless, like I can’t keep up with life. And the worst part is, deep down I want to be something — I just can’t seem to move.

I’m not here for attention or fake sympathy. I just want to know if anyone else feels like this. Like you’re *aware* something’s wrong, but you can’t explain it properly. Like your mind won’t shut up, but nothing’s even happening. Like you’re tired, but you haven’t done anything.

If you’ve ever felt like this and made it out, or at least learned how to live with it — how did you do it?

AND THANKS IN ADVANCE FOR HELP",1,0,1754028158.0,mentalhealth,user_3692,False,True,2025-08-01T10:00:17.555508
1meolqz,Losing romantic interest in women,.,1,2,1754027861.0,mentalhealth,user_3693,False,True,2025-08-01T10:00:17.555508
1meat87,I miss my old self and personality so much,"I've always had that really eccentric, bubbly, cursed personality ever since a child. But I've realized that it hasn't really been there lately. I think ever since I started becoming really depressed, it died out.

I remember myself from 2 years ago was my PEAK era. I loveddd being known as the eccentric one. I loved getting comments like ""how do you always come up with this stuff..."" etc.

That personality is gone for the most part now. I just realized how much of my personality I really lost. I'm just really normal now. I went through one friendgroup breakup and tbh it's weirdly still weighing down on me so much. It just feels so weird to be happy without my old friends.

 Not only that but I've had so many friends in the past few years that were just so incredibly mean to me. I can't help it but feel like I'm annoying everyone and everyone would be so much better without me. 

But honestly I just really miss my old self the most. I mean to be fair... A lot of it was a mask to get more attention and be more liked. But now that it's gone it feels the truest to myself. It was me. It was such a fun time. I can't really regain it anymore because it all just seems so pointless :( ",7,4,1753989743.0,mentalhealth,user_1280,False,True,2025-08-01T10:00:17.555508
1meojiu,I ran away from my dads house almost a year agotw: sh abuse,I (16m) ran away from my dad’s abusive house hold a year ago in a week. I was cutting myself daily bad enough I should’ve gotten stitches. It was the only way to feel something. I would wear this one specific hoodie and lay on my floor after cutting just feeling so cold. I miss that feeling strangely enough but I’m very happy now. I found my career and work full time despite having ptsd that often gets triggered. I love it that much. I’m good at it too (I’m a line cook with high goals). I lived with William for about a year and he would force me to meal prep for the family which is annoying but not abusive. he would yell at us for the smallest stuff. I remember him yelling at my older brother when he was doing it one night for something small like making too much rice. My brother broke down and started crying running to his room. I heard this and couldn’t stop myself from crying. I’m crying typing this. My brother never deserved to be put through what he was put through. he was a pure soul. I would lie and be sneaky but my brother was almost always honest with william. I love my brother. but he won’t speak to me because he found out I started smoking weed which I quit recently. My brother was abused as a little kid. my dad would abuse my mom before I was born and after. my earliest memory is my mom and william fighting and it turning violent. the second earliest is my mom crying on the front door step right as she got home from work still in her uniform. I tried to comfort her but I was 2 years old. MY EARLIEST MEMORIES ARE SO EARLY BECAUSE THEY WERE SO TRAUMATIC TO A TODDLER. I have no happy memory’s until my fourth birthday. all sad shit. My mom always tells me I’m strong I can get through whatever hardship I’m going through. but I’m not strong. not at all. I might be big and I might be physically strong but I can’t even be complimented about things that aren’t cooking related without cringing. No one genuinely complimented me until I started making friends at school. I’m kinda popular which is so weird to me. I’m a funny guy and have a bunch of friends but I’m a piece of shit to the people I love when I’m going through shit. this one girl that friendzoned she was so nice and always a good friend. I told her I had cut myself while drunk and she said to not tell her stuff like that. and I went off on her and cried for hours after. she was such a close friend to me and being drunk isn’t a good excuse neither is me having a rough life. everyone goes through shit. but mine isn’t as bad as others but it’s worse then most I’d say. I finally reconnected with her and apologized and I’m happy I did. I no longer  hate myself as a person. I still hate william but no longer think about offing him. He put me through hell. constantly telling me I wasn’t good enough.  or keeping me illegally from my mom. or cursing me out etc. he called me scum a lot. I truly believed I was scum. ALL BECAUSE I ATE TRAILMIX WITHOUT ASKING HIM. I have scum carved into my chest. because I thought I was a piece of shit. I didn’t think I deserved life. I wanted to kill myself to spite him. but I always knew I had potential to do something great. I found it now and I’m going to make sure he never eats at my restaurants. I can’t wait till he dies. I’m going to piss on his grave at the funeral. I cannot wait till he dies so I will feel safe. I still am scared he’ll show up at my job. I didn’t go over the real abuse in this btw.,1,0,1754027633.0,mentalhealth,user_3694,False,True,2025-08-01T10:00:17.555508
1mec0l9,i really need someone to believe me,"i was sa’d when i was a kid, when i was around 12/13 i told my sister since she was the one i was the closest to but she ran and told our mom, i was a little dumb at the moment i don’t know what i was expecting hugs? “everythings is okay? i believe you?” no my mom looked at me in disgust and told me it was just a little touch (i can’t remember well). everyone has been ignoring it and they except me to as well but i wish i could now i’m in my early twenties i can’t talk about this to anyone but i’ve been struggling so much these past years i really need help",5,15,1753992522.0,mentalhealth,user_3695,True,True,2025-08-01T10:00:17.555508
1meodlm,Being unsure wether it’s ASPD tendencies or just straight up autism and depression,"I’m not a great person, and I can’t tell that to anyone, because I don’t want my image to be ruined. I want to be seen as a good person, a hero even, so that I’ll get attention and praise.

But the truth is, I’m manipulative, and I find lying and manipulation in any way from anyone as something creative and intelligent, so I’m pretty much fine with it. Also, I have relatively low empathy, not zero, but I can’t tell be pretty apathetic towards even my friends struggling with their mental health issues most of the time, if not all the time. However, I will comfort them and “help” them if it isn’t too much work, because again, I like that others see me like a hero. I do have some empathy and I do love people, and I don’t wish them any harm, so I’m not sure.

I’m really not interested in other people’s lives, even my friends lives, but I ask anyway because that’s what you’re supposed to do to keep that friendship.

Also, I would feel bad if I kicked a puppy or a cat (unless if the animal attacked me of course) and I would also feel bad if I ran a person over. And I’m not impulsive, not at all. I’m very calculating and weighing EVERYTHING I do, and if it will have consequences for me or not.

I’m diagnosed with Asperger, I have been measured as gifted and I have severe depression, which could be reasons why I am like I am, and think like I do.",1,0,1754027038.0,mentalhealth,user_3696,False,True,2025-08-01T10:00:17.555508
1meoctv,Is it just stress ? Or should I seek help ?,"From the past 2 years I have been feeling quite low feels like "" I am doing something it's done but feels like is it actually done ?"" I know it sounds weird but I have to check it again and again . 

I have to repeat my thoughts in my mind things to confirm that what person has said or done . Like it actually happend ? . Feels like I am stuck in position and times keep moving on .
 
Am I overthinking ? Pls help if anyone know what the deal  with me ? Thanks .

 ",1,0,1754026963.0,mentalhealth,user_3697,False,True,2025-08-01T10:00:17.555508
1mek2ef,I support evil against my will.,"Hi I [M16] recently got my first real job. As a part of that, I now pay taxes. To clarify, I am an American citizen. I don’t know how to cope with my work going towards an evil government. Not only do my tax dollars go towards ICE black-bagging innocent people — “illegal” immigrants are innocent in my book — but also continues to fund an ongoing genocide. I have long suffered with guilt over how good my life is. This is why a big reason I self harm — though I’m one year clean — because I feel I should suffer as I don’t deserve to live such a good life. Now that I’m directly funding programs that hurt people, I have been getting close to a relapse. This is more of a vent but I feel I needed to share.",2,7,1754013347.0,mentalhealth,user_3698,True,True,2025-08-01T10:00:17.555508
1meobns,How do you do Therapy,"I'm sorry if this is long, confusing or if this isn't the right sub for it. 

But how do you do therapy?

I have been in and out of therapy since I was 15 (21 now), doing therapy as a minor is a joke (at least for me). I was unable to connect with the therapist assigned to me, and I had a traumatic experience in therapy because the session required my parent in the room which lead to all trust between me and that therapist being broken because I didn't feel like I could talk to them anymore without fear of retaliation in some way from my parent. 

I never got to talk about the CP from the people around me, the emotional/mental neglect from the parent that I had to be in the session with, and the general trauma of my life up to that point. After a year of staying with that therapist and making no progress because I felt unsafe and unable to open up I stopped going. I puttered around the idea of going back when I went to college. I started looking into the schools mental health resources and I tried to be honest with them but they immediately wanted to hospitalize me and put me in group therapy which wasn't helpful to my needs especially as a student on scholarship who needed to be able to do my school work, go to classes, and work at my job.

But that's when I was trying to be honest, I told them about the CSA and how it effected me, they wanted me in a hospital.

After 2-3 years a slew of abusive/one sided relationships and being raped, I'm trying again. 

I've had my therapist for a few months now but I don't know how to bring up anything about my shit show of a childhood, the CP of my teenage years or being raped. I don't know how to talk about those things I don't talk about those things with anyone and never have not even my current partner knows the extent of my abusive relationships, almost nothing about my childhood except that I was extremely poor. He dose know I was raped and that is all, nothing about the CP. And honestly I'd rather him not know because I don't want them to think of me differently.

I like my therapist enough this time around, but I have no clue how to talk about these things or bring them up. I always feel awkward and I know part of the issue is these are hard subjects to begin with let alone my own ""flashbacks"" attached. But I feel so helpless and afraid that I won't make progress or get better without talking about those things. But at the same time I'm closed off as a person in part because of the trauma of the things in my life and in therapy specifically because I don't want to be hospitalized and I'm afraid to not be taken seriously. There is a mistrust between me and therapy.

So please dose anyone have any advice on how yo talk to a therapist? How to bring up hard subjects because I want to process them I can't keep living my life between depressive episodes and panic attacks. I want to sleep at night, I want to not see shadow people I want to not feel like I'm drowning and need to scream but somehow I'm still standing in my own way.",1,1,1754026847.0,mentalhealth,user_3699,True,True,2025-08-01T10:00:17.555508
1meo9dw,Too tired to go on but too hopeful to let go,"My life was so good for a while and I was happy but it just keeps devolving due to things out of my control.

First, my Functional Neurological Disorder flares up and I have to quit my job. Now no one else will hire me no matter how hard I try. I can't file for disability yet despite my long list of them. My family is poor, we can hardly afford our bills and food, and I try to help but I can't.

My country (America) is further and further going to shit and this place doesn't feel like home anymore. I don't feel safe. I am constantly in fight or flight mode. I can't afford to leave or go to university, despite my partner living in Poland and his family willing and ready to welcome me to their home. I can't escape this place because I am being swallowed whole.

My parents (father and stepmom), married for 14 years, just separated. It was hard for me and bittersweet but at first, I understood. But turns out my stepmom cheated on my father despite claiming there wasn't anyone else in her life. She's just like my awful, cheating birth mother. She's dead to me, she's not the same woman I thought I knew. She's hardly home anymore and goes and cooks/cleans for this new man instead of spending time with her children. She even left in the middle of my birthday celebration to give him some of my birthday dinner. She doesn't see that she is deeply hurting everyone, no matter how much we say it. My poor father has to sleep in the garage because she got the bedroom in the separation and he still loves her, so he wants the best for her despite being angry. I don't know what to think anymore. She has ruined everything. Thanks for making my mommy issues worse lol

I'm also sick as a dog with viral bronchitis and been isolated in my room for two weeks for everyone else's safety and it hurts to breathe 😭 I know that pales in comparison but I am physically disabled with like over 10 stupid health conditions so it's just one more thing, yk?

It feels impossible to keep going, but I need to for my father, siblings, my finance, my pets, and my friends. I still find some good in the small things, but it's so hard to keep going. I feel so hopeless and buried underneath the stress that I want to hurt myself or end it, but I've been clean from SH/suicidal ideation for so long (almost 6-7 years) and I know it's not the right way to go. But what can I do? Nothing feels like home anymore but I can't afford to live at fucking all in this stupid country. I'm also too scared to go through with it. Guess that's a good thing. 

I've felt things get better before, though it took years, and I know it's possible, but with the state of the world, I'm afraid I'll never be able to do what I know will help me (therapy, leaving home, pursuing education for better jobs, being with my partner). Not even my medicine is strong enough for this shit 😭 I just can't handle one more thing or I might put myself into debt just to be hospitalized at this point. 

I don't know how anyone can help or how to help myself except for throwing myself into loving my friends, bonding with my family (minus my stupid stepmom), caring for my dogs, and being creative. I like playing video games too, but that doesn't pay the bills. Thank you to anyone who reads this far. I guess I just needed to get this out. ",1,1,1754026622.0,mentalhealth,user_3700,True,True,2025-08-01T10:00:17.555508
1meo95g,How do I get over this girl,"I met this girl a little over a year ago, we met online and we would talk and FaceTime all the time. She is a religious girl and I respect that since we follow the same morals. We met for the first time and after that she kinda ghosted me. It sucked and took a while to get over. I unadded her on everything and just tried to forget that she existed. About every time I was almost fully over her, she would add me back for some reason and talk to me as if we were best friends for a little over a week, and then promptly leave me on delivered for hours on end, while still being online and stuff. This happened like 2 more times just as I was about to get over her. Almost a month ago she added me out of the blue, and said she saw me or smth, we talked and caught up on everything and this time it felt different. It was on and off for a while, then she wanted to visit me at my work one day (I work at a pet store, she wanted to check out the animals and stuff while also visiting me). She comes to the store with her brother and we had almost constant eye contact, she stayed there for like 30 minutes and we talked and talked. She left and we snapped back and forth, and now I’m on delivered for 17 hours for the 3rd day in a row. I can’t bring myself to unadding her ( I don’t want to lose whatever connection is there). I don’t know what to do, I hate her yet care for her. ",1,3,1754026598.0,mentalhealth,user_3701,False,True,2025-08-01T10:00:17.555508
1meo8h6,Why do i often get ignored in my class?,"Back in my home country , i was very extroverted , had a lot of friends and you could say i was charismatic .
But after my immigration i became sort of pathetic .
I did manage to find a girlfriend which i really love and a handfull of good friends , ( wich are often from my country ) . 
But the average classmate ignores me when i talk or am teying to make a convo .
And some people even call me awkward .
Or idk maybe i just FEEL ignored .",1,0,1754026533.0,mentalhealth,user_3702,False,True,2025-08-01T10:00:17.555508
1meo518,I can't do it anymore with the compulsiveness and paranoia,"Possible trigger warning for paranoia and OCD!

(Idk what I have but some friends think it might be ocd but I'm not sure) 


I have severe paranoia and it has gotten much worse in the past months, to make it short I'm superstitious and I have some ""rituals"" that I have to do every time something even slightly bad crosses my mind and it's exhausting I can't seriously live like this anymore. In this moment in my life I don't have nothing good I think that's why it's so much worse than the past years, my brain forces me to knock on wood 3 times with 3 fingers only but if I touch the surface maybe even for a fraction of a second with another finger it becomes 4 and I'm terrified of that number so I have to do it 3 times more to hope to cancel the bad luck of the 4 over the bad luck for the first thing that got me knocking wood, then I have to touch iron too, and this I do at least 20/25 times a day It's eating me I can't go with this anymore, every single post about catastrophic stuff or sad stuff or family idk everything makes me severely paranoid and I have to destroy my fucking knuckles and it's also a sensory nightmare every time. 

Paranoia is eating me alive and if I can't knock that wood or touch metal I get insane attacks and I feel crazy and helpless because I already am living in hell now and this is just too much ",1,0,1754026197.0,mentalhealth,user_3703,False,True,2025-08-01T10:00:17.555508
1megzx1,How can I motivate myself to keep going when I don't have a clear reason to?,"Sometimes I can set goals that give me purpose, but right now I’m struggling. Most people stay motivated by friends, therapy, or working toward a future they’re excited about. I want to take care of my mental and physical health, but I don’t have the energy. I’m 18, about to start college, and I don’t have a social life or clear goals—so it’s hard to feel excited about anything. **I know I** ***want*** **to and** ***should*** **keep going, but how do I make it feel meaningful and worth it, even when I don’t have a clear reason or destination in sight?**",3,0,1754004723.0,mentalhealth,user_3704,False,True,2025-08-01T10:00:17.555508
1menw98,I just need someone to listen,Hi my name is sveti I'm Russian and Swedish I'm just 14 years old so please don't be mean to me that's the last thing I need rn I'm suffering everyday but please just listen to my story... I was born in Stockholm Sweden and then moved to the USA at 6 years old my whole like I got bullied heavily and beaten up by other kids when I became 11 years old I started self harming and my parents didn't let me go to real school any more I was homeschooled and  then I completely lost my ability to talk to anyone then I started going on like a lot I have a lot of online friends that are nice to me and stuff like that they treat me good and I also dated a guy online but he was screenshotting every DM and using it all against me and everyone started making fun of me because I cut myself and then my friend told me to just ignore them so I did but they keep making more accounts and coming back and it's like every new person I meet they know me and what happened to me also my dad wasn't really in my life so I never had anyone to look up to it's just me my mom and my cat at home and I cant take it anymore the loneliness and everything I'm in pain everyday I'm done with this life it's miserable and sad please someone talk to me,1,1,1754025350.0,mentalhealth,user_3705,True,True,2025-08-01T10:00:17.555508
1mensx7,I keep having nightmares about when I was assaulted as a child. I haven’t had a good sleep in 5 days.,"I’m so tired. I keep having nightmares about when I got sexually abused as a child. It started off as me just being slightly anxious and nauseous before going to sleep, I wasn’t having any nightmares at first. Then it progressed into full on crisis levels of stress when the nightmares started. I haven’t gotten more than 4 hours of sleep a night in I think the past 5 days. I don’t know what to do about it. I’m just grateful that my boyfriend keeps waking me up with his snoring. I’ve been so anxious to go to sleep these past few days. It’s been bordering on anxiety attacks and breakdowns whenever I get in bed. When I do fall asleep I think maybe I’m crying a shit ton during it until I’m eventually woken up by my boyfriend snoring. 

I feel extremely scared and panicked before sleeping and I can’t find a cause for it. My heart is really fast and my chest feels constricted. I constantly feel like something bad is going to happen. There’s nothing stressing me this majorly in my life right now. Everything is fine. My relationships are good, I socialize, I have hobbies. I just don’t know what triggered this. There actually is no reason for me to be like this right now.

My boyfriend is asleep right now and I’m crying on the living room couch writing this. Yesterday he told me to wake him up if something like this happened again but he felt sick tonight so I don’t wanna wake him. I’m just so tired I want this to end. I’m really confused on what to do except going to a doctor which could take days or even weeks. I’m not gonna do something rash or anything but fuck me im tired and stressed. I’m going out today on a 40 minute walk to check some shops with my boyfriend and I don’t know how I’m gonna survive that honestly. ",1,2,1754025025.0,mentalhealth,user_3706,False,True,2025-08-01T10:00:17.555508
1menqe6,Interlinked…,"We are not as separate as we seem.

Every glance, every word, every silence threads us tighter than we know—knotted in memory, tangled in emotion, stitched by invisible things: shared songs, mutual ache, the way someone said your name and made it feel like home.

You meet someone and suddenly your lives braid—whether for a moment or a lifetime. Your laughter echoes in their future; their grief leaves fingerprints on your past.

Even strangers brush against your soul. A kind gesture, a passing compliment, a gaze that holds just long enough to say, I see you.

We are stories inside stories, mirrors facing mirrors.
When I hurt, you flinch. When you heal, something softens in me.

You are not just you.
You are every person you’ve ever loved.
Every person who has ever hurt you.
Every face you remember at 3 a.m.

We’re not meant to be whole alone.
We are meant to be interlinked.
Like constellations—dots of light that only make sense when seen together.

And maybe that’s the point:
To reach across the vastness,
To touch the infinite,
By simply choosing to connect.",1,0,1754024776.0,mentalhealth,user_1044,False,True,2025-08-01T10:00:17.555508
1menogy,i really hate taking medicine,"i really don't like taking meds. i know i have to, i know that i don't function properly on my own i have diagnosed DID and ADHD and both come with loads of comorbid disorders that just make me unable to work properly.

but i ODed with meds a few times on purpose and not only that but i just hate giving myself away to these meds. im not myself without them, but i aint myself with them either.

my girlfriend today and i had, I wouldn't call it an argument, more of a frustrated conversation i guess, where i said it would be kind of funny if the doctor didn't prescribe me my ADHD meds my next appointment. she didnt find that funny, she instead almost scolded me about it.

and idk, it's horrible. when im on meds people always ask if i took my meds when I'm upset, and i hate the physical act of taking them, and I know when I start taking them AGAIN cuz I keep stopping and starting，months on and months off, I'm gonna feel horrible. even she asks that question sometimes and it sucks because half the time they're right so I can't even tell them to stop because they're always right

i hate meds i hate needing them i just wish i wasn't so mentally screwed up",1,1,1754024588.0,mentalhealth,user_3707,True,True,2025-08-01T10:00:17.555508
1menkab,Possible identity disturbance? Not sure what to call it.,"Correct me if this isn't identity disturbance, please. I don't know what else to call it genuinely. Identity crisis? Idk haha

Since about 2 years ago, I've completely lost all sense of self. To put it simply: I rely on other people to kind of ""form"" my identity for me 

I fixate on people, whether fictional or real, and try to become them. Around october 2023-february 2024, i was obsessed with this influencer. I stopped eating so I could have the same body as her, bought all of the same clothes as her, studied her mannerisms in every video and even the way she typed. Then I found someone else. I cut my hair the way she did, bought the clothes she did, watched her favourite movies... 

It's been a cycle since then, and still currently, I'm in it. I HAVE NO IDEA WHO I AM. I'm constantly changing who I am to fit whoever I'm fixated on. I just cannot stop. 

Once again I'm not sure if this is identity disturbance or not, or if this is a symptom of anything, but it is extremely tiring. I just turned 17 and I have OCD and anxiety and depression but thats it I think. 

Is there anything I can do to stop this now that I'm aware of it? it's honestly stressing me out and I feel...unreal? sorta. because i feel like im not actually me. i guess. 

Also I should add this has made me do some pretty stupid things on a whim. Cut and dye my hair without thinking, quit my job, spend unnecessary money. There's more but you get the idea.",1,0,1754024194.0,mentalhealth,user_3708,False,True,2025-08-01T10:00:17.555508
1menilz,Learned Helplessness,"Recently I’ve found out about a thing called Learned Helplessness and some of the things I was hearing was stuff that I saw in myself. So I did a bit of reading and a lot more of what I was seeing seemed to match up with what I had personally experienced. I’m not usually super keen on self diagnosing, so I when I say that I am almost certain that I have been affected by this I really mean it. In either case one thing I find odd is that after realizing that I have this, I’ve been unusually optimistic and in good spirits despite being in a very stressful situation at the moment. I’m not sure what’s going on but I wanted to try to talk to others about it and so I hope that I can do that here.",1,0,1754024026.0,mentalhealth,user_3709,False,True,2025-08-01T10:00:17.555508
1menhuq,How do I know this happiness will last? What if it’s just the high part of the rollercoaster?,"I’m going to college this year and as I’ve began to feel excited over preparing for this next step I feel like this shadow is following me. I’ve struggled with my mental health since I was 11 and tonight I’ve just been looking through old notes and posts and one stuck out to me. In 2023 I wrote in my notes about how I always think I’m “cured” and finally on the road to long time happiness and I’ll feel that way for months and then suddenly without warning a switch will flip and I’ll be dragged back to horrible places in my mental health. I wrote about how I always think I have “it”, it being happiness and then something inside me changes and I’m back in the dark.

I’ve felt great this summer. I’ve been going to the gym, hanging out with friends, getting things together for college, and overall living life. I mean I’ve been sober now for a little over a month and it doesn’t even faze me now. I’ve found myself thinking, “this is it, this is the start of a better life, of a better mind”, but what if it’s just like all the other times? I’ve been okay so many times in my life over the past 7 years, truly believing I’m better only to fall back into an even darker place every time. What if this is the same? It always feels new, this good feeling, this energy. What if this is just another revolution in the pattern? ",1,0,1754023947.0,mentalhealth,user_3710,False,True,2025-08-01T10:00:17.555508
1meiyqi,Any advice or thought?,"Hey, I’m just looking for some general advice, me and my partner have been together going on 18 months quite close friends for 2/3 years prior, a lot and I mean A LOT, had/has gone on in the year prior to us starting dating to now, way to much to divulge.

In recent months we’ve been on a downward spiral, he has asked me to do more in areas and while I feel like I’m trying my best I feel like I continually fine a way to mess it up, completely unintentionally, it feels like I’m subconsciously doing a u-turn and I don’t why,

In recent history he’s mentioned he thinks I have some form of anxiety/depression because I show a lot of traits of desiccation and checking out emotionally when I feel pressure or things get hard.
To him my natural response seems to be to just lock it up and poof it didn’t happen,, I don’t think he’s wrong at all in this I do agree I think I do this, but it’s always in hindsight, in the moment I feel completely normal and it’s only really when looking back on something that I see every point where I had an opportunity to do/say something and didn’t, and I just don’t know why.

I’m also horrific at talking about how I feel or what’s going on in my head whenever I’m asked I feel like my whole self just freezes or checks out entirely and I just draw a blank. I know in my head exactly what I want to say but Is like my voice runs away from me, the only two ways I feel I can communicate in these scenarios is with some level of alcohol in me because I get extremely chatty, or over text message and I just can’t fathom why, 

I recognise my own issues but feel in a way trapped in myself, I’m worried that without finding a way this will destroy my relationship entirely and it’s effecting my partner so much I hate myself more and more for it",2,1,1754010166.0,mentalhealth,user_3711,False,True,2025-08-01T10:00:17.555508
1mend10,I suspect i may have ASPD,"I’m not sure how to start this but i’ve been feeling empty lately. It’s like there is a gaping hole in my chest and i’m like numb like living life on autopilot. I’ve felt this was for the past 1-2 years maybe but it’s gotten much worse in the past 6 months. I guess i went through a lot in these 4 years. I don’t feel much emotions except for anger i get really angry and think about hurting other, of course i wouldn’t go through with it but it’s there in my head. I get this feeling especially with my parents, when both parents are bad people i guess that leads to a really fucked up child. Heres an example of  something that happened recently;

There’s this girl I thought I liked—maybe I did, maybe I didn’t. I told her, and she said no. As I suspected, I felt nothing. No sadness, no disappointment—just…nothing.

That’s what confuses me. I genuinely cared about her, and I think I did like her, so why didn’t I feel anything when it didn’t work out? She said she wanted to stay friends, but I turned that down. I guess I realized I wasn’t getting anything out of it, so what was the point in faking a friendship or forcing normal conversations?

Honestly, the only people I think I truly care about are my friends. With them, I can be real. But with everyone else, I don’t think I care or feel love at all. It’s a strange feeling—or maybe more accurately, a lack of feeling.

And to be honest, for the past two years, I haven’t felt any motivation to live. It’s not that I want to kill myself—I won’t. But I just don’t want to be alive either.

EDIT: This isn’t just about some girl that’s just an example ",1,0,1754023492.0,mentalhealth,user_3712,False,True,2025-08-01T10:00:17.555508
1mena6p,How do I grow beyond my toxic family and cushy job after divorce?,"Basic idea in the title but here is the detail.

I live in Australia, for context. For the last 5-6 years I've worked for my family's business, and I currently am making $150,000 a year before tax. I drive a car owned by the company (petrol covered), use a phone owned by the company (bills covered) and have extremely flexible hours in the sense that my 9 - 5pm can be a 11 - 4pm or whatever else if I want it to. Sometimes, like today, I don't even show up and - provided I give some kind of explanation after the fact - don't really face any consequences.

The catch is that it puts me in contact 5 days a week with my family. My father is an aging boomer, quick to anger, dismissive, and has the kind of personality of someone who hasn't really had to answer to anybody since he started the business over 20+ years ago. Some people have described him as abusive, especially when it comes to his behaviour towards me and my mother - this would be verbal and financially controlling abuse, I imagine. He works constantly at the business; often arriving home after 7pm and going in on weekends to do odd jobs. The success of the business has meant private schooling for myself and my sister, my parents owning a rolling portfolio of property; a beachhouse, and large purchases like cars are generally possible whenever needed. My mother is worked off her feet - also works in the business, but also spends one day a week babysitting my neice, two nights a week helping me care for my 2 year old, keeping the house cleaning, gardening, doing all the usual home upkeep stuff, but always with an air of stress or anxiety. I've recommended her to go to a therapist or even her own GP to discuss any issues she may have in the past, but I don't think she has done so. I would describe my relationship with my sister as disappointing and distant; we have no real problems with each other, but not the kind of intimate connection that siblings sometimes enjoy.

Like many families like this, the situation is not ideal, but stable. However, at the start of this year I separated from my wife of 7 years (13 years total relationship) and left my home with her to live with - you guessed it - my family. In the middle of this situation is my daughter who is 2 years old and recently disagnosed with a neurological condition. The move to my parents and crisis of my marriage has exacerbated and made all the more obvious the stressors and dynamics that have become so normalised between everyone involved us. It has also shown me to be capable of controlling behaviour.

I have wondered during this crisis if my reliance and proximity to my family for basically everything is something that is holding me in a stuck position - for the last two years leading up to my separation I have dealt on an off with anxiety, depression, stress, perhaps even suicidal thoughts at times. A close friend expressed genuine concern for me the other day regarding where I am at after 8 months of separation and behaviours that are stopping me from growing into a new chapter in life.

At the moment, I'm thinking a lot about how much has changed in my life, but also how much *hasn't* changed. I'm looking for ways to truly become a better, happier person, and I am wondering if this job, this life that I've created but that has also been created for me, in a sense, is a part of what is holding me back.

I know there is a lot of information here - plenty more that I haven't posted - but I'm happy to answer any questions.",1,0,1754023228.0,mentalhealth,user_3713,False,True,2025-08-01T10:00:17.555508
1men5wv,Anxiety or something else?,"I would often keep misinterpreting sounds, as something completely disturbing or startling.
So I will share these examples I had experienced, I'm not sure if it's something common or normal for someone?

1. I was at work outside, at some empty, under construction light rail station. At a distance I hear a weird like animal sound, and it weirded me out, because it sounds so creepy, I asked my coworker and he said, it's just a guy saying ""overhead"" I was surprised but still kept hearing as that weird sound.

2. I was walking my dog outside, walking through a quiet road, and I hear this extremely loud tool, which sounded so weird, which sounded like a person moaning ""Not in a sexual way in sense"" then a scream like sound which startled me, because it sounded like someone being murderd.
But it was just an oscillating cutter.

3. I was walking through a neighborhood, with my friend, and I heard the loudest scream nearby and startled me, then I looked to my right, and see a man, I thought he screamed, but he was just jogging casually with his AirPods. So I looked at my friend and asked, he wasn't so sure what I was talking about.

And other more I can’t fully remember",1,0,1754022831.0,mentalhealth,user_3714,False,True,2025-08-01T10:00:17.555508
1meflqi,is it important to talk about sex related traumas to your partner ?,i hate talking about my traumas and things and to her it would be even more weird,3,4,1754001073.0,mentalhealth,user_3715,False,True,2025-08-01T10:00:17.555508
1men2oq,burnt out from friendships (vent),"Im so tired of everything 

I (f23) used to be such an empathetic and caring person I feel like. I always check in on friends and initiate n follow through on plans I make w friends. I felt like I kept getting burned by these friendships I cared sm about and ended up confused, hurt and lost. After a while I couldn’t help but think to myself, “am I the problem? Im the only common denominator in all these situations” if I were to analyze/ dissect the friendships ive had over the years since a child, I would describe it as unstable and a bit tumultuous

Nowadays I just feel jaded by relationships (of all kinds) I crave that intimacy and understanding that I see so often portrayed in media growing up—the power of friendship n found family etc—but am also terrified of it. I know myself, that if I have a favorite/ close friend or something of that sorts, it’s over for me. I start having expectations and wants n usually they fall flat and im left feeling bitter and resentful of them. I try to fix myself and usually what happens is I distance myself until I’ve processed it and then once I feel better I reach out again and we have a good time until the cycle repeats inevitably. I cant **be myself** (I hear that advice all the time and I feel so exhausted and powerless over it) I just know that if I am myself that I’ll have a major crash out and do something so ugly and explosive that there might be no coming back from it. And honestly all of my gripes with friends are something so trivial n stupid, I feel like an idiot if I were to even address it. Something as stupid as why do I feel like ur giving other friends more attention n hype than for me or like why didnt u offer to help me out when I was struggling. I expect too much and I feel like it’s such a nothing burger of a problem. I can feel the resentment  and bitterness building up inside me and im just mad at them and me (me especially for having these as issues to even begin with) im tired and dont know what to do. 

Tldr ive had many unstable friendships that fell apart and now I feel jaded about friendship—both craving intimacy but also terrified of it because of my “unrealistic expectations”",1,2,1754022531.0,mentalhealth,user_3716,False,True,2025-08-01T10:00:17.555508
1med4ms,I exposed myself to the bad things that happen in the world and it's ruining my will to live,"All this human trafficking and pedophile stuff is always on my mind and it's ruining my life, I had a lot of things happen to me growing up and now I learn about the things people go through on a global scale with sex trafficking and all of the other stuff. It is so easily accessible to watch online and it's sickened me entirely and my soul feels like it's dying. I don't know what to do it's even made me angry with everyday life I'm constantly mad. ",3,4,1753995096.0,mentalhealth,user_3717,True,True,2025-08-01T10:00:17.555508
1mei9n5,Should I stop antidepressants and go more holistic?,"I’m tik tok and there’s people saying certain vitamins help with anxiety/depression.

Are eating meat is the reason you have mental health issues(as there parasites in them), or your diet is the reason you deal with mental health issues, or drink this tea blend to help with anxiety.

Personally I’ve been on latuda for a week now and haven’t felt any improvement honestly still feel depressed/anxious still low energy 

And I don’t have schizophrenia/bipolar issues which is what latuda is for. But my doctor reassured me that latuda is also a good option as it’s a mood stabilizer . 

I personally deal with social anxiety, anxiety, and depression issues… I just want to be more happier and confident in life ",2,2,1754008169.0,mentalhealth,user_0006,False,True,2025-08-01T10:00:17.555508
1mecs0w,I compare myself to literally everyone. Even to my therapist,"Lately, I’ve been feeling this deep sense of unworthiness.
It’s like no matter what I do, I’m always “less than.”
I even find myself comparing my therapist to me — how articulate he is, how much he seems to know, how easily he expresses complex thoughts — and I feel small next to that. I think: “I’ll never be like that.”

It hurts.
It makes me feel like I’m behind in life, like everyone else has their jobs, relationships, passions figured out — and I’m just… here. Existing. Unspectacular. Unseen.

I realize I’ve tied my worth to being “special” in some way — smart enough, interesting enough, creative enough, deep enough. And when I don’t feel that, I feel like I don’t matter.

I think I learned early on that value comes from being liked, admired, validated. That just existing isn’t enough — I have to earn my place in the world. And even though I know this belief is harmful, that worth isn’t conditional… it still feels true on some emotional level. Like my nervous system didn’t get the memo.

Some people say, “You are enough just because you exist.” But honestly, that feels almost irrational to me. Like — how can that possibly be true?

I’m trying to be patient with this part of me.
To not force it to believe something it’s not ready to.
To just sit with the sadness and confusion, and keep going anyway.

If anyone else has felt like this — I’d love to hear how you cope.
Even just being seen helps a little.
",3,6,1753994281.0,mentalhealth,user_3718,False,True,2025-08-01T10:00:17.555508
1memnnf,"Drop your advice. Or don’t, I’m probably beyond saving anyway.","I’m 13M, lazy, addicted to dopamine, and broken. I’ve lost almost all hope of a comeback, and I have no fucking clue why I’m posting here. This won’t help me. I posted this meaningless fuckin post anyway. All my problems have been answered countless times. I know what to do, and how to get out of my slump, but I simply chose not to. It’s like the cure is worse than the disease for me, and that’s simply not true. I know it’s wrong, but I believe it anyway. I’ve lost as a person, which is something that’s really hard to do. I can comeback, but me knowing that I can, and should, and me not coming back, makes me lose hope. This is why I believe that free will is a myth. I have so much advice from this exact subreddit, but I simply don’t use any of it.
It feels like I’m stuck in a hole, at the center of the earth, and gravity is so strong that I can’t even jump. But gravity’s pushing me up, I just keep falling for some reason. Strange analogy, but bear with me.
I get so much support, but It’s not enough. I need to do something MYSELF. My dad always said that it takes effort to be happy. Well, I know that, but I just can’t put in thr effort. THIS IS WHY I DO NOT BELIEVE IN FREE WILL.
If yall wanna give some advice I won’t stop you but I don’t recommend it you’ll probably just waste time.",0,0,1754021184.0,mentalhealth,user_3719,False,True,2025-08-01T10:00:17.555508
1memlna,Struggling with limerence,"Hello, don't know of this belongs here so I apologize if it doesnt. I have noticed recently that I am struggling with limerence. I find a guy cute at whatever place I frequent I search a or multiple dating app to find him. He is on my mind the whole day, rinse and repeat. I changed gyms because of this obsessive ɓehaviour. Now that a new guy works at the library I frequent my brain will not stop thinking of him when I have no intentions to talk to him in that way. Any advice or tips on how to stop being so obsessive?  I know it's wrong but my brain doesn't want to turn it off. I have tried using distraction but my brain always seems to wheel back🤦🏾‍♀️",1,0,1754021019.0,mentalhealth,user_3720,False,True,2025-08-01T10:00:17.555508
1meeyj3,Someone who wants to be sad together?,Being sad was so much more satisfying as a teenager. Now I just feel like a failure when I am not happy. Like I just need to be better. Like it is my own fault.,3,5,1753999465.0,mentalhealth,user_3522,False,True,2025-08-01T10:00:17.555508
1memjby,Why do some people deliberately harm others? What do they have to gain?,"I’ve been reflecting on how some people seem to intentionally cause harm : emotionally, mentally, or even physically even when they’re fully aware of the damage it does. These same people who present as kind or “normal,” and still end up hurting others in surprisingly calculated or cold ways. They have a perfect image outside so no one questions that they did this. Their friends support or encourage them, or at the very least enable the behaviour.
They know the impact could lead to total health collapse for the person being hurt yet they continue, or even escalate, their actions. 
The person causing harm is aware of the other's trauma history or helplessness.

Trying to understand it not to excuse it, but to make peace with some painful experiences.

",1,0,1754020844.0,mentalhealth,user_3721,False,True,2025-08-01T10:00:17.555508
1memj35,My favorite drinking game,"Sometimes when I have a few drinks I like to cycle through the rounds in my semi auto pistol while it’s in my mouth or against my head. I’ll look at myself in the mirror and remind myself of all the things that make me the great person everyone sees me as. The trauma, the pain, the tears, everything that I had to go through in my childhood to make me a reasonable face for the masses, but to myself I’m nothing. A rat. A pest. A fucking piece of shit. I wish to kick myself and spit on me. Funerals make me ill, how could I seek a life so Lucious that my death must be celebrated, a plot of land dedicated to the waste I’ve laid to the earth. My existence is the most sickening thing of life. The awareness to my own existence is sickening. 
To everyone around me I lead an excellent team, I make my numbers, and when I make a mistake, I own it, and I learn. The laughs flow and the smiles are there. If anyone notices my mask is down, It comes even stronger. I’ve had loving family members, shower me, love me, respect me, and yet, I feel like this. My own blood, those married to them. Love me. Why. I wish I could tell you why so I could figure how to make them not. They could never understand me. I’ve tried explaining. Some of us aren’t meant to be here. And we know better than all. We’re always told to trust our gut. Mines always told me I’ve never belonged. ",1,0,1754020825.0,mentalhealth,user_3722,True,True,2025-08-01T10:00:17.555508
1memj1z,Nothing satisfies me I am eternally empty and tired. I can’t keep friends because I just can’t exist.,"I’m turning 20 in a few months. I’m supposed to be young and going through those awkward and tough but fun years where you really find yourself and what you like. Instead I’ve spent them exactly the same as my early teenage years. Isolated, lonely, and with an immense void inside of me. 

I can experience short term satisfaction.. sometimes I even get tricked into thinking I might be getting better. But it never does. Nothing is ever okay. Something is always fucked up and wrong. My day to day existence is just.. uncomfortable. Physically and mentally. I am just constantly experiencing negative and overstimulating sensory overload 24/7 and it just feels like my brain is fucking melting. 

All I can do is distract myself.. but that’s starting to get harder and harder. The things I like no longer seem to satisfy. Meds don’t work.. therapy just makes me hate myself before because there really is nothing wrong. There shouldn’t be anything wrong. I should be greatful. I should be happy. But I am chronically miserable and I don’t know what to do. 

",1,4,1754020821.0,mentalhealth,user_2535,False,True,2025-08-01T10:00:17.555508
1meeq16,I think I might be developing an eating disorder (I don’t know if this is the right subreddit for this I’m sorry),"This is kinda a question I suppose, am I developing an eating disorder? I’ve been on a diet for the past while that I consciously put myself on. I’m walking 10k steps a day, drinking 2-4L of water, going to the gym + dance workout. I went from 2000-2500 cals a day (recommended amount for my age and medical conditions) to 700-1200 a day. Food is the enemy in my head, I want to eat. I want cake, I want pancakes, I want chocolate. I won’t eat it, I’ve even started eating much smaller portions of things I like. I’m in no way overweight and I know this. But I still want to loose weight. I feel the absolute undying NEED to. But I don’t want it to go too far, to stray from “diet” to “eating disorder” which is it currently?",3,6,1753998902.0,mentalhealth,user_3723,False,True,2025-08-01T10:00:17.555508
1memar1,What could this be? (Derealization or other i need help identifying),"(Reposted from elsewhere thats why there are edits)


Sometimes when im in the middle of talking to someone all of a sudden reality doesn't feel real, things feel so much bigger or closer and everything feels weird but i cant describe it. Its happened 3 times now and all 3 felt the exact same. It usually goes away in under 5 minutes as long as i dont focus on it but the first time it happened for longer. 


Edit 1: i asked about my symptoms on other forums and they said it sounded like derealization. It doesn't feel like derealization though its not like im watching through a window its just things feel really big and close, and all of a sudden i get this mental whiplash of like ""wait what? What was i thinking about?"". I focus on people's faces alot for some reason because they feel weird. They also talked about alice in wonderland syndrome but im very doubtful about that.

Edit 2: ill clarify im not looking for a diagnosis to replace psychiatric diagnosis. My psychiatrist gets back in a few weeks so ill talk about it with her then. Until then i just would like some advice and if anyone wants me to get into specifics about how it felt, looked, etc. To get a better understanding feel free to ask.


Also other helpful stuff here

Country: Canada 

Age: 16

Sex : M

Race: White

Height: 5,9 - 5,10

Weight: 140lbs - 150 lbs

Diagnoses: dont know all of them but ADHD and ASD (low on the spectrum) are definitely there

Meds: 40mg vyvanse in the morning for adhd and unofficially for managing binging. 400mg magnesium at night for sleep and add 10mg melatonin or 0.5 mg clonazepam on rough nights. (Though i havent had to use clonazepam yet)

Drug use: semi daily cannabis use and an occasional cigarette (less that once a day)

Thank you!


",1,0,1754020075.0,mentalhealth,user_3724,False,True,2025-08-01T10:00:17.555508
1mem9qz,"I think I am just living every day and that's it. Nothing to do, really.","Ever since my brother got diagnoses with terminal cryptogenic cirrhosis, instead of learning from his endurance and passion for what he loves, I've instead taken a very negative outlook on life. It's not like I'm sad or anything. I'm just somewhat indifferent to my dreams and desires. It feels as if my body craves many things, but my mind is numb to them. Want a relationship? I don't THINK there's a point in it, other than being a foundation for future sadness. What about your books and drawings? Not really worth the energy waste, since it's all just a dream, no real chance of becoming something with them. What about graduating, aren't you happy you're going to become a professional? Not really. I am actually getting my title virtually. Didn't have the motivation to go to a ceremony. 

See the pattern? For the record, I am under psychological and psychiatric aid, but it hasn't really helped much. It's something so deep I almost find comfort and joy in it. The idea of just waiting to die feels safe, but I know that's not how I should live... Yet I do want to live that way. Again, I guess because it is my comfort zone.

Anyway, just wanted to get that out of my mind. Virtual algorithms that pretend to be a human are not enough atp lol.",1,0,1754019986.0,mentalhealth,user_3725,False,True,2025-08-01T10:00:17.555508
1mem5jq,Lumina Wellbeing Application,"Lumina represents the convergence of advanced artificial intelligence, clinical psychology, and enterprise-grade technology infrastructure. Our mission is to democratize access to sophisticated mental health support through robust, adaptive AI systems that provide personalized therapeutic interventions with the reliability and security of enterprise software.

",1,0,1754019620.0,mentalhealth,user_3726,False,False,2025-08-01T10:00:17.555508
1mebyx4,Fight For Your Life…,"In case no one told you today…

You’re not going to be alone forever, in fact - in a world with 8,000,000,000+ people, do you really think you’re alone in your situation??? If you do think you’re alone - you’re wrong, so very wrong…


Change your perspective, and fight for your life, as hard as it may be - **coming from someone who also battles with Mental Health, on a daily basis** and although we’re total strangers, I love you, and I’m so proud of you for the silent battles we all fight, you’re so worthy of love, kindness, and happiness, peace, and security.


Even in the hardest times where it feels too difficult to keep going, **PLEASE KEEP GOING.** I have lost too many people in my life, that we will never get back, and something so special about you — is that as the world spins, and keeps spinning, nothing is permanent, everything is temporary, and so are you… 


Why cut your life short??? There will never be another you, I promise you’ll thank yourself in the future for fighting for your life, I love you, please take care of yourself, and don’t be afraid to reach out to people, and tell them you’re struggling, and that you need help, whether you’re a man, woman, tall, skinny, short, fat, gay, straight, black, white, or even green, you’re worth it, and we’re all equal. 🫂


**Sending big, warm hugs to everybody who deals with internal battles every single day, I hear you, I see you, and I love you, stay strong.**",4,0,1753992418.0,mentalhealth,user_3727,False,True,2025-08-01T10:00:17.555508
1mem19i,I really don't know,I really don't know what's happening to me like for some reason I feel I can't breathe properly. I'm 16f and currently suffering from overweightness. Is there anyone who can relate to me ? I really need sm who I can trust and share my thoughts cuz it's enough!,1,0,1754019235.0,mentalhealth,user_1078,False,True,2025-08-01T10:00:17.555508
1melxt6,I don't know where I sit in terms of my life right now if I'm being honest.,"I honestly don't know what I'm looking for in this post, whether it's advice or just somebody to listen, but either way, I'm doing this.

For context into my life, I'm 18M with diagnosed ADHD, definitely undiagnosed depression, and potentially undiagnosed autism (though that one I'm less confident in saying)

I think my biggest thing going wrong rn is that I'm unintentionally sabotaging my life.  I'm going off to college within a month, and with that comes a lot of shit I still have to do. However, for some reason, subconsciously I can't do it. I just get sucked into my phone or some other distraction. And this isn't the first time. I've always struggled with motivation and the ability to do things I have to do that are tedious (like cleaning my room). It's causing some slight animosity from my parents towards me, which sucks because they're otherwise very supportive of me. 

In a similar but unrelated vein, I also feel like I'm ruining the friendships I have. Throughout most of my life, it feels like people only hang out around me because I hang around them. I went to a private school from kindergarten to eighth grade, and with that I only left with one friend and no social life or any semblance of social awareness. Given that, I feel like most of the people I did manage to befriend in high school have started to drift away now that we're graduated, which I'm really upset over. 

With that, as well as plenty of other shit, I'm currently sitting at a point I don't want to be at, where I'm not necessarily looking to commit suicide, but I'm not gonna be mad if I die. 

I don't know if I've made enough sense to be responded to, but it's currently late and I'm not in a good headspace.",1,0,1754018937.0,mentalhealth,user_3728,False,True,2025-08-01T10:00:17.555508
1mee3qs,Is it okay if I want to isolate myself?,"I don't just want to isolate myself, I want to  disconnect myself from the concept of being ""human"" and staying in a society, because it's just too bothersome. Everyday, I just feel so disconnect with the world, as if I had never been part of it. However, I don't have such needs because of anxiety... It's rather the opposite, because I find the idea of isolating myself from everyone extremely appealing, it brings me comfort. I do have psychotic and dissociative episodes, and a historic of complex trauma, so I don't know if it's really related in this situation. 

Is it really okay for me to isolate myself from society, even just a little? To forget about the real world, to disconnect myself from society.  ",3,2,1753997411.0,mentalhealth,user_3729,False,True,2025-08-01T10:00:17.555508
1melwvg,You ever get so disappointed in yourself you don’t feel like eating.,Years and years of constant fuckups come spiraling back and I literally can’t even bring myself to eat. CD,1,1,1754018853.0,mentalhealth,user_3730,False,True,2025-08-01T10:00:17.555508
1melur7,Being a therapist freind is ruining my feelings of empathy,"This is deffinatly on me but i became a therapist freind. I'm the one giving poeple advice,im the person some poeple vent too,I dominate the convo when it comes to helping those with mental problems. And I've noticed somthing about myself. I give absolutely no shits about there issues. Not that im mad about it sense I like have this strange want for it. But I can't feel empathy for them,I can understand them logically but I can't FEEL what they feel. I think exposing myself to too many people's issues has pretty much dissociate me to actually having that connection. I do find these poeple my freinds and I do care for them but I've just become numb to there problems.",1,1,1754018665.0,mentalhealth,user_3731,False,True,2025-08-01T10:00:17.555508
1mels5x,Anxiety at work,"
I have been at my job (admin at law firm)for about 4 months and was just starting to feel settled. I was told I was making a lot of mistakes and need to stop or I will not get work. I have been shown how to do things now a told I was doing well but it’s still in my head.  I’m Panicking as soon as I wake up, uneasy in the morning making it hard to concentrate. Cried in my car at lunch a few times. Not being able to relax. 
It’s just still in my head because they didn’t tell me every time I made a mistake that they are upset and not telling me or I have made a mistake someone will find out about. And I feel like they think
Like I’m just waiting to come in one day and be told I’m done. Is there any way to lower my anxiety because it is becoming when it is like that that I feel like I can’t do it anymore. 
How do I know when it’s my anxiety talking and when it’s my gut telling me this isn’t for me.
23 this is my second job it that matters",1,0,1754018438.0,mentalhealth,user_2308,False,True,2025-08-01T10:00:17.555508
1melqcx,Anxiety at work,"
I have been at my job (admin at law firm)for about 4 months and was just starting to feel settled. I was told I was making a lot of mistakes and need to stop or I will not get work. I have been shown how to do things now a told I was doing well but it’s still in my head.  I’m Panicking as soon as I wake up, uneasy in the morning making it hard to concentrate. Cried in my car at lunch a few times. Not being able to relax. 
It’s just still in my head because they didn’t tell me every time I made a mistake that they are upset and not telling me or I have made a mistake someone will find out about. And I feel like they think
Like I’m just waiting to come in one day and be told I’m done. Is there any way to lower my anxiety because it is becoming when it is like that that I feel like I can’t do it anymore. 
How do I know when it’s my anxiety talking and when it’s my gut telling me this isn’t for me.
23 this is my second job it that matters",1,0,1754018286.0,mentalhealth,user_2308,False,True,2025-08-01T10:00:17.555508
1melo7h,I think there’s something wrong with me,"I am constantly in a state of fear and I see myself as nothing but a piece of meat, I do not believe that I should be able to feel pain and that it is all in my head, I also go into episodes where I mutilate myself due to this belief. I also have auditory and visual hallucinations on occasion, but nobody believes me. I do not have a solid identity and it’s consuming me.",1,2,1754018108.0,mentalhealth,user_3732,True,True,2025-08-01T10:00:17.555508
1melnpm,I just punched myself several times in the face,"When certain things go wrong or don't go perfectly as planned I do this to myself. For example it can be the most ridiculous and random things like my dog getting excited and peeing a little on the carpet. I completely lose it and take it out on myself. That's what just happened. I punched myself fucking hard multiple times, smashed my head into a table and broke a hole into it, whatever it takes to make the thought of it go away. I don't know why I'm writing this but I thought maybe it could help. ",1,2,1754018066.0,mentalhealth,user_3733,True,True,2025-08-01T10:00:17.555508
1megwn6,Did I have an anxiety/panic attack yesterday?,"I'm honestly so confused. I'm not diagnosed with anxiety or anything similar (no therapy :( ), but its likely. I had a really bad day yesterday and now I'm wondering if it was an anxiety attack

Heres a post I made yesterday https://www.reddit.com/r/depression/s/xuUvggJoQ6 , as a record for how I felt. I feel like I dont know enough words in the English language to state just how uncomfortable that was. Looking back it was as if someone was burning me alive and I wanted to die just so the pain ended. It lasted nearly 12 hours

I think I know what triggered ""it"". My college started just this week, and classes start at 8:30 AM everyday. I woke up at 7:30 AM, thought ""I can skip one class. The next one is at 3PM"" and went back to sleep. I woke up again at 3PM. 


Lovely. Missed an entire days worth of classes and failed to turn in 2 assignments. Im screwed. How am I ever gonna start to live as an adult? Its been 2 days and I'm already skipping college. I'm never gonna catch up. 

Should I give up and skip tomorrow as well? I have to go out and buy some equipment for tomorrow's class, how am I gonna get up and do that? How am I gonna deal with all this workload when I cant get up to brush my teeth in the morning?


&nbsp;

Those are some of the thoughts I had yesterday. Said ""tomorrow"" has now passed and I feel better, though I cant say any of those stresses are gone ofcourse. But that mental state I was in feels terrifying. I didnt even know how real or made up it was. I just felt indescribable mental pain. Over something so miniscule.",2,2,1754004482.0,mentalhealth,user_3179,False,True,2025-08-01T10:00:17.555508
1melm0v,"TW for most tags. repost for advice.. hello, I'm gonna sit down and commit to this vent, my entire story.","Hi there, I'm a male, 14 years old, going through a lot, and i need to talk about it, i feel it'll be easier to start from my first problems and move to now, I'm a middle child, my older sister is around 20, and my younger sister is 11, when my younger sister was born, even during the pregnancy, my mother paid a lot less attention to me, I'm not exactly sure how this affects me.

when i was 7 years old, that is when i first started having suicidal thoughts, i am very unfortunate to have two families with very bad depression, my pap gained psychosis from his major depressive disorder, and my fathers grandmother died from depression, didn't leave bed, didn't eat, didn't drink, just curled up and died, I had started to try and cut myself, being young, i was too weak to actually do anything, but i did try.

I then dealed with this depression by myself for well, around 7 years, suicidal thoughts got worse, my empathy also dropped.

when i was 11 or 12, I was groomed online, 17 year old, taught me how to masturbate, he got me comfortable enough to show my body parts, and props to him, he was damn good at that, i really didn't realize it was grooming until i cut him off after a fight, i regretted it and was going to unblock him, until he had deleted his socials.

14 now, i had searched out for that type of relationship again, i found it, currently still happening, i started searching again around two months ago.

around a month ago, i was going to kill myself, the knife was right there, lying on my vein, i had to power to stop all of it, and i didn't, i told my therapist, and went to my nearest psych hospital, just the ER wasn't admitted, instead, i was put through a PHP, a program, 5 days a week for 6 hours, school hours, i was prescribed methylphenidate (Concerta/Extended-Release Adderall) and Sertraline (Zoloft)

I also picked up Medical Marijuana, I have been on so many anxiety medication, none of it works, not even the Zoloft, i tried it, and it induced suicidal thoughts (almost went back to the hospital for an admittance.)

and now the most recent shit, I'm experiencing disassociation, no diagnoses, but two of my therapists and my psychiatrist think that I am right, in fact it was one of my therapists who suggested it after hearing my symptoms.

Symptoms- Bad memory loss, a rarer side effect- Extreme eye problems that can be mistaken for hallucinations, a feeling of being in a dream, watching life through a screen, or controlling your life through a game, things looking or feeling too real or too fake, and i will also explain an episode i had.

I was in my room, I started to feel like i was in a dream, i went upstairs to the kitchen, but i couldn't remember how i got there, i remembered the start and the destination, but not anything in between, my emotions were blank, and the entire room was constantly moving and changing, it was extremely entertaining and comfortable to watch it.

My other therapist suggested Bi-polar induced psychosis (her sons have bi-polar induced psychosis, and my description matched there's almost perfectly.)

I am now being prescribed a new medicine, I believe the brand name is Lexapro.",1,0,1754017916.0,mentalhealth,user_3734,False,True,2025-08-01T10:00:17.555508
1melf3o,Why did I suddenly start to cry when somebody yells at me.,I never used to do this. Screaming actually never bothered me at all as I was used to this but for some reason now as soon as someone starts I start tearing up and cant stop. How do I get rid of this ,1,1,1754017320.0,mentalhealth,user_3735,False,True,2025-08-01T10:00:18.788737
1megmxc,What point is there in living a life youre not interested or invested in?,"Legit cannot think of a single long term reason to stay around that isn’t outweighed by simple facts like there’d be less stress, grief, money problems, less of an environmental impact, etc.

And then with the knowledge that one day I’ll die and the sun will explode and nothing will matter just makes me think there’s even less reason to waste my time hoping I won’t be upset or depressed for longer than an hour.

I just can’t find any reason.",2,0,1754003751.0,mentalhealth,user_3736,False,True,2025-08-01T10:00:18.788737
1meldbq,"I feel like I’m going crazy, does anyone know whats going on?","Sometimes when im in the middle of talking to someone all of a sudden reality doesn’t feel real, things feel so much bigger or closer and everything feels weird but i cant describe it. Its happened 3 times now and all 3 felt the exact same. It usually goes away in under 5 minutes as long as i dont focus on it but the first time it happened for longer. I smoke weed too if that’s relevant im not sure.

Edit: i put my symptoms into GPT (as you do) and it said it sounded like derealization. It doesn’t feel like derealization though its not like im watching through a window its just things feel really big and close, and all of a sudden i get this mental whiplash of like “wait what? What was i thinking about?”. I focus on people’s faces alot for some reason because they feel weird, idk i might be schizo.

Edit 2: i saw something about AIWS. Although i dont think it’s likely that it is that its worth looking into. My therapist is on leave for the next 3 weeks so ill speak to her about it then but until then does anyone have any leads? Also if anyone wants more info to get more specifics feel free to ask. ",1,0,1754017174.0,mentalhealth,user_3724,False,True,2025-08-01T10:00:18.788737
1mel26t,I can't anymore.,"I feel like my life is coming to an end. Not like I will end it, but I feel something bad is about to happen. Sometimes I black out for couple of hours and when I wake up I see some scars/cuts and something that seems like someone's fingerprint on my arm. I feel like something is wrong with me to be honest.

Next thing, I got problem with my parents. They divorced because my dad uses drugs and abused me and her. That broke me. I never had someone to teach me how to fix something on my car, how to talk to girls or something any good father-son relationship should be. Sometimes I think about the worst and I just can't get it out of my head. I talked to my mom about it, she told me I was young and it will pass but it's been going for almost 4 years now every single day.

I really need your help. Please.",1,1,1754016263.0,mentalhealth,user_3737,True,True,2025-08-01T10:00:18.788737
1mekry8,I need to change.,"(Male, 25)

Hello fellow Redditors.

I have been living with mental struggles for a long time and I think I have to confess already that I need help.

Since many years, starting with panic attacks, going through existential crisis and now low (painful at times) self-esteem I have been struggling. I have people by my side but yet I feel so alone in this fight. I’m gay and my mother makes my life hell because of that. She is someone who makes you feel bad about it but can’t handle a backfire so you just have to stay and accept her homophobia, because otherwise she becomes sincerly bad mentally, which makes me feel bad, because she is very influenced by me.

I don’t know what I want to do with my life. I am stuck and now I really realize what does that mean when people say it.

My nicotine, phone and masturbation addictions are strong and I procrastinate a lot. Hardly feeling joy and can’t get myself do the things that I need to do.

Can someone please show me a way to get out of this. I don’t know where to start really. I am basically lost.",1,2,1754015417.0,mentalhealth,user_3738,False,True,2025-08-01T10:00:18.788737
1mdwxuh,Is it normal to miss parts of yourself that only existed when you were struggling?,"I’ve been doing better lately, and I’m grateful for that. But weirdly, I kind of miss the version of me that existed during the hard times. It felt more raw, more connected, more honest in some strange way.

Is it normal to feel that?",24,5,1753953994.0,mentalhealth,user_3739,False,True,2025-08-01T10:00:18.788737
1meklqg,Wasted and missing you…,"I’m so afraid to meet up with a man that I’ve completely fallen in love with otp. Maybe it’s limerence, I mean it most likely is but at the same time, how will I ever know the truth if I can’t even get the courage to meet up with him… it’s so hard to actually differentiate what the connection really is because our connection feels so surreal. Like you meet someone so unexpectedly and they’re not even close to what you’re usually into but it’s like your soul just craves them so deeply that you feel like you can’t even breathe without them… I hate it… but I couldn’t ask for anything better. I love him. I do. That’s not even a question… but is the way he talks to me and the way he makes me feel just as true? Is it all in my head? Is it a game? Or is it truly real? 

Being a woman is so mentally draining. I feel like I’m not skinny enough… or my style isn’t good enough yet, will I even stand out to him??? People say your outside appearance isn’t all that matters and it isn’t, not fully, I have such a beautiful giving heart.. but we’d all be lying if we completely said it didn’t. I want to be perfect for him. I want to stand out for once and be THAT girl… for him. I chase that perfection and it’s killing me. I don’t want to perform to be loved anymore. I hate this fucking generation. Someone message me something to change my mind before I give up on love completely. I don’t want a hookup. I want him…

But I fear me being worried and insecure already blew it . ",1,1,1754014902.0,mentalhealth,user_1044,False,True,2025-08-01T10:00:18.788737
1mekkl9,Struggling with intrusive thoughts and workplace anxiety (accused of something I didn’t do),"Hi everyone,  
I’ve been working as a telemarketer for about 10 months now. Since the beginning, I’ve had a hard time socially at the office due to anxiety — especially when there are a lot of people around, I tend to shut down and not greet anyone. Unfortunately, this made my supervisor and coworkers see me as cold or rude, and some started talking behind my back.

Over the past two months, things had actually improved — I was managing to work well with my team and supervisor. But a few things happened that brought all my anxiety and intrusive thoughts back full force.

Back in February, my coworker (who sat next to me) lost his phone. He said it was in the kitchen area. No one accused me, but I felt so anxious I started defending myself anyway. Then, about two months ago, someone else who shares the same cubicle space as me (from the morning shift) said their headphones went missing. Again, I didn’t take anything, and I told him I hadn’t seen them. But after that, he completely stopped talking to me.

Fast forward to this week — I was struggling to work properly because I didn’t have all the tools I needed. I asked one of my other supervisors if I could bring my old phone and use it with a company line, and she looked at me weird but said yes. Later, I overheard her whispering with other supervisors and I caught the word “thief” being mentioned. They haven’t said anything directly to me, but since then I’ve been spiraling.

I spent the entire weekend overthinking and now I feel stuck. Should I ask to see the security cameras to prove my innocence? Should I wait for them to say something? Or should I start looking for another job? I honestly hadn’t felt this overwhelmed in a while, but now my intrusive thoughts are back stronger than ever. My therapist is on vacation and I just don’t know how to handle this on my own.

I know how this must look to them, but I didn’t do anything. Still, I’m afraid this will follow me or even end up on my record somehow.

Am i overthinking it too much?",1,0,1754014806.0,mentalhealth,user_3740,False,True,2025-08-01T10:00:18.788737
1mekcaf,what is the name for this?,"i get urges like strong urges and like it makes my skin feel like its too tight and the only way i can fix that is if i act on my urges, im not diagnosed with anything and i dont know if this is an everyone thing but it hurts kinda, like an itch thats bone deep but i dont even feel in control when i act on those urges? what is the name for it and how do i stop it?",1,0,1754014129.0,mentalhealth,user_1108,False,True,2025-08-01T10:00:18.788737
1mek87h,Childhood photos,"TW: CSA MENTION
Hey! I'm ​kinda scared of making posts like this on reddit, but I really need to rant about this. I apologize for any mistakes since English isn't my first language.

I'm not diagnosed with any mental health issues, I live a completely normal life, I'm very functional and I'm privileged... But what does that have to do with this?... Well:

I think I was SAED as a child multiple times but I don't seem to remember. In consequence I tend to get a bit obsessive with trying to prove if it did or if it didn't happen (I think I had a super good childhood, I have foggy memories about everything) . For example, I can get invested for hours just researching CSA signs and trying to find any evidence that proves that I fit those signs, and if I don't fit them in the exact way its portrayed I feel incredibly guilty, like a liar who just wants to have a something to be interesting, like I'm faking it.

Today was childhood photos. What triggered it? A video of a survivor showing their photos as a child. They looked so.. Sad, like there was a nothingness in that sweet little soul.

So of course I had to run and  find my old photos. the little kid I see seems happy, I barely recognize myself and I don't really feel like the same individual, yet it feels like betrayal. There's no hollow look, just smiles, maybe an awkward one, eyebags and distant look. That's it.

I feel like a total screw up, why do I want to prove it SO MUCH? instead of accepting that maybe it wasn't that bad, maybe it didn't even happened and I'm making it up.

Sometimes I just need an opinion to clear myself up. I'm sorry and thanks for reading ",1,0,1754013804.0,mentalhealth,user_3741,False,True,2025-08-01T10:00:18.788737
1mdwzbv,How do you tell the difference between setting boundaries and pushing people away?,"I’ve been trying to protect my peace more, but now I’m starting to wonder if I’m just isolating instead.

How do you know if you’re setting healthy boundaries or just keeping people out?",22,3,1753954162.0,mentalhealth,user_3742,False,True,2025-08-01T10:00:18.788737
1mek56w,Feeling kind of alienated,"Ok so, i think i tried to post something like this like 20 times before, but i always stop myself from posting because i end up thinking that its just nonsense and its not a problem. I really struggle with talking to people for extended periods of time, like after a certain amount of talking i just cant think of anything to say or add to the conversation so i just stop and kind of sit there. My mind just goes blank and its like i have a mental block and cant think of anything, i also often lack the motivation to continue talking because i know that its sort of mechanical (im not talking because i am actually enjoying the convo, its sort of just to avoid the uncomfortable silence). This prevented me from developing multiple relationships (both platonic and romantic) that i wanted to pursue more or less. Whenever i run out of things to talk about this weird feeling takes over me. I feel so incompetent, i feel stupid, i dont feel genuine and i feel like an absolute idiot. It feels like people can see right through me, like they can see that im sort of putting on a mask, that im acting, and i actually dont even know when i am actually myself anymore. I behave a little different based on what the situation im in requires, which leads to me not knowing when i am actually presenting my genuine and authentic self. I feel so alienated both from myself and from other people. As i said i dont know what my authentic self is anymore, and whenever i talk to people, especially people that arent my close friends, i feel like a clown that needs to entertain them in order to not look weird, incompetent or stupid. I rarely dont feel this way, getting drunk helps somewhat, but i always go back to thinking about it when im sober. Its like i struggle with actually connecting with someone when im casually talking with them, i feel so indifferent, but afterwards i cant stop thinking about that and the same feeling always catches up to me. I want to feel normal, i want to connect with people, i want to feel comfortable and authentic, yet the more i talk to people the more alienated i feel. How can i help myself?",1,0,1754013574.0,mentalhealth,user_3743,False,True,2025-08-01T10:00:18.788737
1mek4z5,Starting a partial hospitalization program tomorrow. Any advice appreciated as I’m really nervous.,-,1,6,1754013557.0,mentalhealth,user_3335,False,True,2025-08-01T10:00:18.788737
1mek4fk,I feel like a disgusting person,"Im autistic and so really struggle socially, im naturally a quiet person but my social issues make me withdraw into myself even more. 

It effects my self esteem and my relationships with others. My coworkers hate me, which I dont blame them, im a very weird person and make others uncomfortable. So i isolate myself at work as best I can, because I hate how I make people feel.

Im 24f and ive given up on dating, guys dont really look my way, I had one guy have a crush on me but he completely lost interest and started ignoring me after talking with me.

I dont even feel human at this point, i feel so far removed from everyone.
",1,0,1754013511.0,mentalhealth,user_3744,False,True,2025-08-01T10:00:18.788737
1mef30t,Don’t want to be numb but don’t want to hurt,"I find that I’m struggling with dissociation and doing things that turn my brain off (doomscrolling, etc) but when I resist these urges I feel far more likely to get overwhelmed and breakdown.

I know my life satisfaction would be higher if I could do things I care about and be present but it feels easier and safer to be numb. ",2,2,1753999763.0,mentalhealth,user_3745,False,True,2025-08-01T10:00:18.788737
1mek04k,I feel like I wasn't made for this world,"This is probably going to be long but I just have to get this out somewhere.

Almost all my life I've had this consistent, never ending feeling that I'm not made for this world. I feel like no matter what I do, everything feels impossible. I need some softness in my life but there just isn't any anywhere for me to find it. I feel trapped in every conceivable way, like I'm in a cage in a cage in a cage. I know this all feels a little vague. 

I have pretty severe ADHD, so a lot of ""normal"" things are incredibly difficult for me- working being at the top of that list. The last time I had a job where I worked more than 10 hours a week I got so burned out I almost killed myself; it's actually kind of lucky I got fired from it because I might've gone through with it otherwise. But that experiance, which I would call borderline traumatic, has left me unemployed with 0 interest in working- more than that, I'm terrified of it. This is part of the cage in a cage feeling- I feel trapped in my parent's house but then I think ahead and I feel trapped in a world that requires me to do something I hate so much I almost died just to keep being alive, which is something that feels less and less appealing every day. 

On top of that, I am trapped in my parent's house- my MAGA right wing homophobic asshole parent's house. Every day I struggle with these feelings I don't belong; and every day I hear blasting from my mom's phone how it's actually my fault and I'm just lazy and a peice of shit who wants to sit on my ass and essentially steal from the people who are actually good human beings in society. On top of that, I'm bisexual, and an atheist, and both of those things make me feel less than when I speak to my mother. Subhuman. Like I'm nothing more than a peice of dirt to her- that I'm going to burn forever and she's happy about it. 

On top on top of that, I was homeschooled by these freaks so I never even had an opportunity to branch out, I never had a place where I could really feel comfortable, I never had friends I could feel good with, feel right with, where I could just be. I gained friends later on but I would say I never really had anyone until I was almost 15.

Again, cage upon cage upon cage. I felt trapped by homeschooling and then I opened that door and felt trapped by my parents, then I opened that door and felt trapped by work, and then I opened that door and felt trapped by my mental health and ADHD- on and on and on with no end in sight.

I guess I'm just saying that I feel like I don't belong anywhere. That I'll never really belong. That I've wasted too much time, that the mental scars run too deep, that the issues I have are so severe that I can't belong; because how could I possibly find where that is when I can't even survive the basic parts of life?

I just feel lost and confused and scared and tired and I wish I had someone to hold me without judgement, without thinking I'm some loser who's maniacally plotting to do as little as possible when in reality I'm just a kid who never grew up who needs a hug from his mom. 

  
Thanks to anyone who bothered to read this and especially anyone who will reply, ya'll are amazing people.",1,0,1754013165.0,mentalhealth,user_3746,False,True,2025-08-01T10:00:18.788737
1meez29,I have a big dream but not sure if I can reach it,I have a dream about making a project I feel would fullfil me but I have no idea how to do it. You see- I physically don't know how to do it because its complicated and takes ALL skills I don't have. I don't wanna give up on it but it feels so far away from where I am now. I'm worried I'll never achieve it unless I somehow get rich to hire people to do most of it for me 😭,2,2,1753999502.0,mentalhealth,user_3747,False,True,2025-08-01T10:00:18.788737
1mejxvd,does dissociation ever go away,i’m 21 with a multitude of health conditions but with dissociation i can no longer leave the house. it all started when i smoked weed at 17 for the first time then worsened when at 19 i got extremely high and had the worst panic attack of my life. i’ve been diagnosed with PTSD but am having to jump through hoops for a therapist. i panic everytime i leave the house. too many noises. doesn’t seem real. i’m way less likely to panic at home but im afraid this will be the rest of my life. a state of terror and paranoia. i don’t see an end in sight. ,1,0,1754012980.0,mentalhealth,user_3748,False,True,2025-08-01T10:00:18.788737
1mejub2,Do I tell my mom about this?,"I've been self harming for almost a year. I started off by constantly digging my nails into my scalp and creating scabs. I never had any intention of telling my mom until she figured it out herself. At first, she was scared and scolded me. After that, she put me in therapy and told me to stop picking at the scabs. Whenever I did pick at the scabs, she'd start to get mad and yell at me, telling me how I was hurting her by doing this to me and if I wanted her dead from how much stress I'm putting on her. I had no intention of doing this to her, and I felt bad, but it also started to annoy me when she got mad at me for something I was trying my best to stop. When I told her I was trying to stop and I didn't know how, she told me that I clearly wasn't trying hard enough and that I was just too weak to stop doing it. She said she's gonna put some type of medical glue on my scab to close it up if I don't stop. She also gets mad at me when I refuse to tell her what's going on at therapy, because I don't want to be anymore of a burden to her anymore than I already am, because I'm uncomfortable with sharing it with someone so close to me. She tells me since Im her daughter I have to tell her everything. Because of this, I told her I can also have my own privacy. To this, she replied 'As long as you're a minor, my daughter, in my household, you have no privacy and I have to know everything, and I dont care what you have to say.' Anyways, I started cutting my arm a few days ago since everything started to get more shitty, and its getting really hard to hide (The Canadian heat makes long sleeves in the sun IMPOSSIBLE), so I'm considering telling her. My fear is she's going to get mad at me again. What do I do. (I also want to add, please say nothing bad about my mom. I don't know if the way she's acting is good or bad, but all I know is that the way she's acting is because she cares about me. Please just let me know if I should hide these cuts in some way or tell her.)",1,1,1754012690.0,mentalhealth,user_3749,True,True,2025-08-01T10:00:18.788737
1meju1h,"Wondering why i feel this, need advice.","I've lived most my life feeling numb and shallow. Im in my thoughts all the time, I dont understand what it feels like to be “in the moment”. I still feel happy, excited, good…etc, Just not on a deeper level. I hang out with friends and feel happy but then when im alone I forget that feeling, its like my brain doesn’t register emotions at a deeper level. I dont miss people, or at least i dont think i do, I dont think much about love, just how to be loved.

My heart feels heavy all the time, I lose motivation the second I gain it, I dont remember most things, i dont remember most emotions. I feel suffocated in an emotion i cant name, i dont know how to feel, or what im feeling, its just very hard for me to describe my feelings.

I would appreciate advice and guidance.
Who can relate too?",1,0,1754012669.0,mentalhealth,user_3750,False,True,2025-08-01T10:00:18.788737
1meet17,Was this a panic attack?,"I'm a sixteen year old boy, with horrible arachnophobia (possibly phobia of all insects, but I have the worst reactions to spiders).

Tonight, around an hour ago, I went to bed, and I heard the telltale noise of a flying bug of some kind. For some reason, I got horribly terrified, even though I usually just get annoyed with these and swat them away. Tonight, I threw the blanket over my head and froze up. I hyperventilated, my body was shaking, and I genuinely felt like I couldn't move. Every time the fly came, I just scrunched up even more, and over time, I really felt like I actually couldn't breathe. I had to get my poor 11 year old sister to help me, since I knew I would bother my mom or my dad with this. 

Does anyone know what this was? I never had this much of a horrible reaction. Even now, I'm scared to turn off the lights, because I feel like if I go to bed and turn the lights off, the fly will come back and I will be stuck again. ",2,2,1753999106.0,mentalhealth,user_3751,False,True,2025-08-01T10:00:18.788737
1mejsbv,How can i get a diagnosis??,"Okay so basically I think i have autism, and depression, i might also have some other disorders but these two are my main problems. The bigger problem is that im 13 almsot 14. I cant get an appointment witha doctor myself and my mom brushed me off, thinks im lying and doesn't take me seriously. What can i do? I tried talking to her before and she didnt listen, but she then tried to get it out of me once but i didnt say a word and she ended up calling me lazy, a brat etc. What do i do? How do i get tested? Is there anything i can do or do i really need to talk to my mom? if i need to talk to her then how? i did many many many tests online and they all came positive for these two and many more things. Now i know online tests arent reliable and shouldnt be trusted but it the only thing i have and i think its a start.",1,2,1754012534.0,mentalhealth,user_3752,False,True,2025-08-01T10:00:18.788737
1mejqug,Explosion of emotions...,"Do any of you ever feel like no matter how hard you try, you can't stop bottling your emotions? And it's not on purpose, you just aren't in touch with any emotion up until the point that it all comes falling down. I face things and I'm like ""oh I wasn't really bothered by that."" and I seem fine. But if everything ends up exploding my mind instantly flashes back to all of the moments where I was hurt, sad, angry, etc. I don't know how to stop bottling them up. It's an endless vicious cycle and I hate it. I hate having something so small trigger me and making me cry so hard I can barely breathe, my face is all red, and I get a headache after... It's so rare for me to cry but crying is the only way that really releases my feelings without me lashing out at someone. I want to be able to know when I need to cry or let it out or process an emotion in the moment. Any advice? ",1,0,1754012413.0,mentalhealth,user_3753,False,True,2025-08-01T10:00:18.788737
1mejphl,Advice about stress tics pls,"So for a while now Ive had this problem that kinda goes away and then comes back, I don’t know if this is stress or what but it is really getting to me, its like a non stop tic where I cannot stop blinking its bad(aggressive blinking) , I don’t have eye(vision) problems, don’t have any diagnosed anything, but its a never ending thing, I saw a doctor a while back and said it was just stress and I don’t know how to stop it. Anyone has gone through a similar thing?, pls help. ",1,0,1754012300.0,mentalhealth,user_3754,False,True,2025-08-01T10:00:18.788737
1meb1dw,Why do I have to be so sensitive?,"(13F) I suffer from severe trauma. I’m often perceived as submissive or too delicate. Why do I have to be so soft hearted? I have developed major trust issues, only myself especially. I don’t think any guy would want to be accompanied by a girl who will constantly seek reassurance. I’ve emotionally matured after being attached to my ex boyfriend (I’m currently in good progress of detachment, I’m delighted!) because I felt abused and trapped, mentally.

I tend to envy people who leave others in such inconsiderate and selfish states, not because I want to be a mean person, but I wonder if I just never felt so deeply I could’ve evacuated much criticism. I’ve learnt that being quiet can prevent more verbal harm, shutting my mouth for once has saved me, despite my bubbly habits. I want to skip to the part where I’m a matured, grown woman but I’ll have to work on my weakling demeanour. I’m a sweet girl, I promise. I wish I could become the perfect version of myself that I picture but my actions contradict my intentions. I’ll always end up humiliating myself.

I’m trying to find the beauty in myself, I’m just too insecure. So many people told me I’ve impacted their lives, and done so much for everyone, all I want is to be a kind person. There will always be somebody who has something to oppose, then I’ll get misunderstood. I’m exhausted from giving bouquets to the wrong people just to receive a petal. A minuscule amount of effort has to be begged for, I still hold hope for one day if the universe surprisingly has somebody meant for me. I’ve only had genuine intentions with any encounter. I feel too much, too deep.

I’m just too sensitive.

Thank you to anybody who took their time reading this. ♥️",3,4,1753990269.0,mentalhealth,user_3755,False,True,2025-08-01T10:00:18.788737
1mee9pk,OVERTHINKERS,Hello I have a gf who is overthinks EVERYTHING I MEAN EVERYTHING. I am constantly trying to get her out of overthinking it’s literally I’m talking to a zombie I am at my end with this overthinking bs (sorry frustration) like it’s affecting everyday life for her and me (i have expressed over 2 months everyday nothing changed she keeps apologizing but I NEED A CHANGE. I’m literally thinking about breaking up with her im done and over this bs 3 years down the drain. I rather be alone than to deal with this bs treated like I’m a nobody. And the things she overthinks are the smallest things and she sits and turn it into a bigger negative than ever ,2,2,1753997807.0,mentalhealth,user_3756,False,True,2025-08-01T10:00:18.788737
1mej98l,Learning to love myself again,"It’s been a journey lately with ups and downs, but I’m trying to show myself the kindness I’ve always offered others. I’ve realized that feeling seen and understood really helps. Sometimes a genuine compliment or a small flirty moment makes the whole day better. If anyone else is on this road too and just wants to talk, laugh, or share that quiet understanding, I’d love that.",1,1,1754011002.0,mentalhealth,user_1012,True,True,2025-08-01T10:00:18.788737
1mej8ds,Mothers recent symptoms,"My mother my whole life has had difficult with a slew of mental health disorders, I have no idea what they all are; I only know that she has 2 types of bipolar and ocd. These last few days she has been completely out of it. She had driven to another state on accident, she keeps going out to run errands and doesn’t ever seem to understand that she doesn’t need to. One of her medications she takes is Ativan, which I found out recently that she abuses to an extent, leading to her worsening side effects of it. Which is memory loss and blurry vision. I am very concerned for her and don’t know what else I can do other than make sure she doesn’t harm herself or do anything stupid. She wrote some of her symptoms so she could tell her psychiatrist. Another symptom is that she has a serious shopping addiction, online and irl. I’ll write the list as well as some other random stuff she has purchased/done.





my parent and my kids decided tu ambush with an intervention: My parents and kids bave all decided that I need HELP
• I talk to myself ALL day long.
• Voices in my head all day
• i can't even finish a sentence
• my kids, know somethir is up be Ive been acting for a while I guess
• Impulsive
• agressive
• I hate not working and I miss my patients and the great peuple I meant
I love you guys - best parents best
provider
you guys never (she scribbled out what it said)

Until you expirence it you have NO idea how
I feel.
• I'm depresse
• scared
• i feel sick 24/7
• Kids are concerned anU teel sle and see nu episodes I get.
•1-2 years have bad episodes/ quit job
• slurred speech
• Repetitive actions/ following old routines
Worse handwriting
Can’t spell

Some of these things I added myself, she handed a notepad and told me write down symptoms, but when I brought up the ativan she told me to leave that out.

She put out bowls of apple sauce cups and pudding cups. 

Bought 3 drain boards back to back 

Cannot walk properly 

Will get up begin to do something, completely stop and sit back down

Hypochondriac (idk if this is relevant)

Exaggerates everything (says she took 10 trips up and down the stairs, when it reality it was only two and gets mad because of it)

Unsure if I can add anything else, I can probably answer any questions, but if you have any idea what else she could have it what else could he affecting her please lmk
",1,0,1754010934.0,mentalhealth,user_3757,False,True,2025-08-01T10:00:18.788737
1mej51v,stuck in the past,"I remembered about my childhood, how i used to play all the time and have no worries :) I was so happy thinking about mini me . Then i started to remember how shitty my life became since quarantine happened. Before it i was a really happy kid playing outside then BOOM i lost myself, my ability to speak in public, i started isolating myself out of embarrassment that i didn’t know how to express myself and felt like an idiot. At the same time i was grieving over people that i lost during covid:( still do.
Thats why i am writing here, i have never adapted to “get over stuff” i can say that it overwhelms me even more . Whenever i remember i feel all so vivid. The moment. The people. My emotions. And im back at the same state i was that time. Probably crying cause its pretty frequently now. I cry everyday remembering or thinking about past. These thoughts come all of a sudden, i don’t know what triggers them. I think i am stuck in the past.",1,0,1754010676.0,mentalhealth,user_3758,False,True,2025-08-01T10:00:18.788737
1medwdz,17 (m) living in a mentally neglectful & abusive household & don’t know what to do,"
First & foremost thank you for taking the time to read all of this. I don’t know exactly where to start when even asking for help nor making this post because there are multiple things that have always been prominently affecting me, but especially now. Ive always listened to instruction, followed my mom and grandma’s orders, and have tried my best to abide by the rules of my mother, the house, & life. I have a clean record with the biggest thing I’ve ever gotten In trouble for is smoking, Ive also just recently graduated from online school with a 88% average per class prior from my in person freshmen year where I barley passed and what Im told when I bring up how proud of myself I am about graduation or my grades and she says “ that’s what you’re supposed to do” in a demeaning manner, then she proceeds to basically brag about her academic accomplishments & tell me she had the will and motivation to do those things like i don’t care about my life in the slightest, she throws it in my face like Im supposed to be perfect  and Im not still learning. I live in a room with my mother upstairs in my grandmothers house and have been for 14 years+, she doesn’t actually clean up nor take care of her side of the room she just reorganizes the bare minimum and there is no partition or anything that separates us it’s just an open crowded space, it’s very strict and i can barely consistently go anywhere or do anything but small 30-40 min bike rides in which I have to beg for if she’s not in a good mood I can’t even try to go to a different area in the house to get actual space because my mom will either say no or threaten me with no bike rides or just constantly chastise me about that not being my room when I repeatedly have said and have tried to explain that I don’t have any space then she’ll say “you have your own space “ “ you have your own room, “ you don’t need to be downstairs “ “ i dont owe you anything “ which it is not even my own room or space then Im called a disrespectful child, this room isn’t even supposed to fit 2 people nor this much stuff and the house doors have skeleton keys so that just explains that this isn’t even a modern house suited for such there was even a camera placed in the basement because my grandma was mad about some of her stuff that was disorganized.  (TO BE CONTINUED ⬇️ IN THE COMMENTS)",2,1,1753996913.0,mentalhealth,user_3759,False,True,2025-08-01T10:00:18.788737
1meivpr,Like it has completely destroyed my mental health. Completely,"Im 24 and I really wanna travel and explore the world more. I don't do that, I feel boxed in
Like very boxed in to the point where I almost don't know what reality feels like because I live through social media and other peoples lives. I've had 5 jobs literally none of them worked out for me, now I have under $100 in my name. For the 5th time. Been unemployed since oct 20th 2024. I stay in a mobile home with my parents. I'm an only child. I have to share a bed with my mom, because my room was infested. I've been sharing a bed with her for 8 years. then when I was in my room it was roaches, or rats crawling here and there made it uncomfortable to really sleep in there, but I did it then my bed broke down, then I slept on a mattress in my room. Junk everywhere wasn't healthy to breathe in so my room got shut out, and started having to sleep with my mom, while dad on the couch. We take baths outside. With jugs of water, or we bathe through the sink. Been doing that for 6 years. My dad has to handle his business outside and me and my mom share a bathroom which we have to get a bucket of water to flush each time.
With like holes in the floor that we use a cabinet door to cover it up. It's rough here. Idk what to do.
Any advice, anything would help hard to be vulnerable like this but I have to tell someone!",1,0,1754009928.0,mentalhealth,user_2630,False,True,2025-08-01T10:00:18.788737
1meiq2a,I’m really lonely,"Especially after me and my girlfriend just broke up, 5 days ago. I try to do things but when the night comes I realize how lonely I am. I got many friends and a family but none of them know we broke up. In some way it’s still just me at the end of the day.

I don’t know what to do and my life feels depressing. I just graduated too and all I do is work some days a week and other than that nothing that’s actually meaningful, just gaming or drive around with my car. ",1,1,1754009472.0,mentalhealth,user_2855,False,True,2025-08-01T10:00:18.788737
1medf82,Diagnosed with dysthymia after one session — looking for advice and shared experiences,"Hey everyone,
I was recently diagnosed with dysthymia (persistent depressive disorder) after just one 50-minute session with a psychiatrist. They prescribed me Zoloft (50mg), but I’m feeling unsure about jumping into treatment so quickly.

Has anyone here dealt with dysthymia before? How did you cope with it or manage to improve? Did medication help in your case? Also, would you recommend getting a second opinion before starting the meds, or is it common to begin treatment after just one evaluation?

Any personal experiences, advice, or thoughts would be really appreciated.

Thanks in advance!",2,5,1753995771.0,mentalhealth,user_3760,False,True,2025-08-01T10:00:18.788737
1meil90,Therapists I need your help,"I’ve done something wrong when I was 12 I’m older now just the guilt shame, and the feeling of not deserving of love and forgiveness is hitting me right now.",1,1,1754009097.0,mentalhealth,user_0809,False,True,2025-08-01T10:00:18.788737
1meii8r,I feel great but this doesn't feel right,"I've hardly been sleeping this past couple of weeks, sleeping from the afternoon and then up all night but it's gotten worse this week. I was in a depressive episode this month but this is different.

I definitely haven't been taking my meds like I should have, mirrazapine 45mg at night and sertraline 30mg in morning but I've been trying to take my mirtazapine around 9-10 as my sister been calling me up at night to remind me but I don't sleep for long. Then I try taking the sertraline when I'm about to drop asleep during the day.

When I do sleep, it's not for very long like less than 3-6 hours. But afterwards I feel refreshed and I've got so much energy and ideas and thoughts are flowing. I'm up for like a whole day

Like today, met up with my group art course and I was extremely talkative and extroverted which isn't like me, being too upfront and just spilling anything and everything. My filter is gone. I hadn't slept properly for like over 24hrs, which was from a 3 hour sleep, I just kept talking and talking about anything and everything that came to mind which I suppose people actually enjoyed.

But it doesn't feel right. I go through these swings, when I wake up feeling so positive, happy, the world is singing, talking about whatever thought is in my head atm and ready to get shit done but after a while I'm fatigued, my body feels sore, I'm hungry, I'm not going to the toilet because I don't feel like I need to. my mind and body are still going 100miles a minute but everything is reversed, I feel depressed, hopeless and just thoughts of me ending my life. Everything looks dark and I just continue neglecting my needs. But then I kinda just level out like right now when I'm seeing this but this clarity will not stay for too long. I feel very aware right now and looking at my actions. But I know it's going to repeat soon

I do have an appointment today with a psychologist in the afternoon but I'm worried that they're going to think I'm fine  because I'm going to act like everything is good or that I'm going to fall asleep and miss it. I'm mostly writing this so then I can show them this. That me writing it down, I won't lose my train of thought. And also if anyone else has experienced this and what they did",1,0,1754008849.0,mentalhealth,user_3761,False,True,2025-08-01T10:00:18.788737
1me0i6u,Pls help me,"I am in a physchiatry hospital admitted for severe dpd .I have been taking medications for around 5 years.I have a family history of austim and neurological conditions Here i am not responding to any therepy they gave me betanol two 2 times in morning and afternoon after giving betanol they did me jpmr still my whole body was shivering neck vibrating,eye twitching,fingers pulling,sudden jerks main is my neck full vibration they stopped in middle saying i couldn't do help me 😭😭😭😭 ",9,0,1753965684.0,mentalhealth,user_1496,False,True,2025-08-01T10:00:18.788737
1mecvep,Any healthy way to vent out this need to hurt people psychologically?,"I'm already going to speak with my therapist about it, however I have to wait till next week, a little background.

I've went through trauma and I do have part of me that is incredibly good, but today I intentionally hurt someone with text for plethora of reason and honestly I have mixed emotions. I do feel somewhat relieved, however I realize that this type of ""venting"" isn't healthy and was just curious about any suggestion as to how I can channel this need?

  
Thank you for any answers :)",2,2,1753994497.0,mentalhealth,user_3762,False,True,2025-08-01T10:00:18.788737
1mei6w2,School was ruining my mental health,"hi yall, last year i started going to a catholic college prep highschool and its been ruining me… i have adhd, and i have been really depressed for a few years. my school is very stressful as its college prep and its been eating me alive especially because of my existing mental health issues, and i have such a long commute home (2 hours) and ichave to wake up at 5 am everyday to atleast get a ride. soon i have to go back, and i dont know what to do. i am trying to get into another highschool but i live in nyc and its hard to get placement into a good one (for reference its a lottery system, and we have over 100 highschools to choose from) and im waiting on getting accepted to one near by or good.. my mom  doesnt care about my mental health so im in this on my own, idk what to do",1,2,1754007956.0,mentalhealth,user_3763,False,True,2025-08-01T10:00:18.788737
1me98uj,Why do I have to be so sensitive?,"(13F) Hey, I’ll start off bold. I suffer from severe trauma. I was extremely and partially actively suicidal by 12, I struggled with depression (SH) and trichotillomania. I don’t want to go into deeper explicit details, I do not intend on harming anybody. I think I’ve emotionally developed a lot in one year, my actions seem to contradict my thoughts and the version of myself I created in my head but I know I can’t be as unique as her. I’m too much of a softie, I feel too deeply. I got attached to my ex boyfriend and it abused/trapped me emotionally for over a year now (I’m currently doing good process of detachment). 

I wish I didn’t care. I envy people who can just leave someone in such an inconsiderate state, I could never have the guts to do that to anybody. This is probably why I’m perceived as naive or submissive. I promise I’m a genuine girl, but I feel like I give out bouquets just to receive a petal in return. I feel so humiliated when I give all I can to the wrong people just to get a minuscule amount of effort in return. I always take accountability of my actions, I truly never mean any harm to anybody. 

I’ve always felt like an embarrassment. I want to skip to the part where I’m a grown matured woman, but I have to get through this weakling demeanour. The best thing I ever did was be quiet, I used to be so bubbly and outgoing but that only led me to criticism.  Shutting my mouth was the only thing that prevented me any verbal harm. I cry too much and I’ve developed major trust issues, mainly towards myself. Will any guy ever be capable of loving me? A girl who constantly seeks reassurance.

I’m just too sensitive. 

Thank you to anybody who took their time reading. ♥️",3,3,1753986157.0,mentalhealth,user_3755,True,True,2025-08-01T10:00:18.788737
1mei0ci,What is this,"Lately I’ve been experiencing weird beliefs and delusions(idk for sure)That are typical for mania, like during mania, I think the universe is conscious, it can sense me, whatever, things like that. But lately I’ve been happening similar thoughts when I’m not even manic, and not entering it either, followed by hours or days of clarity. For example yesterday I didn’t look at my phone without sunglasses or a hood, because I thought harmful waves were coming off of it, and making me complacent or something. A thought like this would have been typical for mania, but I’m not manic, because then literally a couple hours later, I think that’s stupid and what was I thinking. I’m taking antipsychotic(prescribed for bipolar though), I just started it like two days ago(it started before that btw, so I don’t think it’s that) But the problem is when I’m in this opposite state I vehemently hate medicine and psychiatry and oppose taking it, so it’s hard to be consistent on it. It’s never really long lasting either, and my mind returns back to “normal” in a couple hours or a day usually, but I don’t ever know when I’m going to fall back into it, because it’s random. I was just wondering if this is bipolar or probably something else. It feels like I’m a different person randomly, I mean I Know you guys aren’t Diagnosers but I was just wondering if someone could give me Some advice",1,1,1754007469.0,mentalhealth,user_3764,False,True,2025-08-01T10:00:18.788737
1mecgt5,I’ve tried to change but I can’t.,"I need to end everything. I don’t care how blunt I sound. Recently, I’ve found that I piss more and more people off, and it’s only getting worse. I try my best, I really do. I’m a hard worker, but it’s never enough. I try to be a good husband but it’s never enough.

I’m afraid to kill myself because I know I won’t follow through and I’m gonna be hiding injuries which gets exhausting and raises eyebrows. I don’t understand why I cry for help, but don’t want help. I just wish I could flip a switch and not be alive anymore. I fucking hate living this game. It’s not enjoyable anymore. It never really was.",2,1,1753993559.0,mentalhealth,user_3765,False,True,2025-08-01T10:00:18.788737
1mecfha,afraid to be honest with new therapist,i contacted my doctor to get a new therapist because my old one no longer works for their company… i’m worried about 911 getting called on me. i have a plan to end it but it’s not anytime soon. it’s when my parents pass away so they don’t have to grieve me. my friend just told me i shouldn’t talk about my plan. but what is the point in going if i can’t be honest….?,2,4,1753993475.0,mentalhealth,user_0782,True,True,2025-08-01T10:00:18.788737
1mehrus,Moronic materialists,"Not enjoying my night when it accrued to me there is a group of people I hate more than any of the others, materialists. Imagine applying the logic materialism to everyone but yourself, but they love to claim ""oh well I'm just a sack of cells like everyone else!"" but their egos inflate putting that onto others. ""I'm empathic"" one minute then bringing up their crap bogus evolutionary psychology diagrams the next. Which is it?

Would rather hang out at the logical looney bin than spend an hour talking to these insufferable piles of shit. ",1,1,1754006816.0,mentalhealth,user_2625,False,True,2025-08-01T10:00:18.788737
1me8uir,Concerned about my in-law's wellbeing,"My boyfriend’s older brother (34) has been extremely socially withdrawn for years—rarely speaks, avoids all interaction (even with extended family), no eye contact with anyone, shows no empathy, has poor hygiene, and isolates himself in his room. 

He wasn't always like this; he used to be very social before going through personal traumas and failures. Since the pandemic, he stopped working and cut himself off completely. 

His parents, who are deeply religious, don’t believe in therapy and chalk it up to low self-esteem, relying solely on prayer. They excuse his behavior and enable his dependence. 

I'm worried this may be a case of untreated mental illness, possibly something more serious than just depression or anxiety. 

The family ignores the issue, and my boyfriend avoids the topic out of guilt or discomfort. 

I’m starting to feel very uneasy during family gatherings, and I’m also concerned about what will happen in the future when the parents are no longer around. I don’t know how to help or if I even should.

How can I deal with this?",3,0,1753985236.0,mentalhealth,user_3766,False,True,2025-08-01T10:00:18.788737
1mehn1x,"I need a healthier way to ""hurt"" myself","I have bipolar I, and during depressive and mixed episodes I want to self harm but in kind of weird ways. Things like wanting to start doing drugs/smoking/vaping (I've never touched a cigarette), I get tattoos, I have suicidal ideation, I spend money or eat in excess, things like that. 

Tattoos have been my big ones here lately, and its getting worse and worse. It used to be just one here or there but this week alone i got 4 and a touch up. Its expensive and deep down i think im afraid im making big mistakes getting them. And I know its just socially acceptable self harm.

I dont know what to do. Ive been the most depressed ive been in a very long time in the last 2 months. Ive been having some mixed episodes this last week or so, and its been really hard to just keep things together. I just want an outlet/something to relieve the pressure, so to speak. 

I dont really have anyone else I can talk to about this. My therapist is on maternity leave and my friends that i want to reach out to have kind of just been ignoring me in the group chat for the last few months. I am medicated, but its kinda new still and I guess we haven't quite worked out the kinks either.

So any ideas on something I can do to help in the meantime?",1,3,1754006461.0,mentalhealth,user_3767,True,True,2025-08-01T10:00:18.788737
1mehfoh,I saw there was a poetry flair so I thought I would post this poem about loneliness.,"**Being Alone is a Bed**

Being alone is a bed

Endless, deep, comfortable, soft

Though box springs break and bend over time

Stabbing through the comforting fabric mesh

Breaking free from the mattress’ deep confines

Stabbing, like a thousand knives into soft, tired flesh



Yet you cannot let the cool air touch your skin

Or remove the thick, heavy sheets

You cannot get your feet out into air

Or shift your body from blades beneath

Even though to stay is to be in pain

Even though the bed is made of nails and knives

Even though you know you cannot remain

You cannot move.



You know you must get up

You know you must leave this room

Replace the mattress, burn the frame

Anything to just get out of the bed

It’s killing you slowly

Just get up, even for a moment

The bed doesn’t- shouldn’t be your grave!

Yet the fear of what lies beyond the bed is worse.



Worse than the blood-soaked sheets

Worse than the muscles aching with disuse

Worse than the sewage laden clothes

Worse than the sweat and stink-



It’s familiar.

And even if you will die here,

It’s familiar.

And that’s all that matters.",1,0,1754005903.0,mentalhealth,user_3746,False,True,2025-08-01T10:00:18.788737
1meh7zd,Making people dislike me romantically on purpose…,It’s a habit that I’ve developed over the past few years after my last incredibly emotionally scarring relationship ended. Anytime someone’s romantically interested in me I tend to push them away. Not by being rude. Just by making myself less appealing so that they’ll no longer deem me worthy of interest and go away. I also work hard to avoid the dating world altogether so no one ever likes me. I’m ashamed to say that I find it comforting when they’re the ones who decide to drop me instead of me having to be the one to ask to be left alone. My ex would never let me leave him until the day that it was his idea and I was finally free so I guess in a way it feels safe but it also isn’t heathy to navigate life this way. My self esteem is pretty much non existent and I don’t trust that anyone can actually genuinely care me. That feeling even extends to friendships. I don’t want to be this way. I just don’t know what steps I take to get to a better place. ,1,1,1754005335.0,mentalhealth,user_3768,False,True,2025-08-01T10:00:18.788737
1meh5dr,I'm confused,I've had this feeling of just deep sadness not to the extent of crying but just not wanting to do anything like I just constantly feel sad with no cause ,1,1,1754005142.0,mentalhealth,user_3572,False,True,2025-08-01T10:00:18.788737
1meh4dt,Is 'stepping back' a sign of strength or weakness? A professional athlete's choice challenges everything hustle culture teaches us about mental health.,"For many, the idea of stepping away from intense demands feels like failure. But what if it's the ultimate act of self-preservation and mental health wisdom? [This article](https://harvestnharmony.com/2025/07/14/%f0%9f%8e%be-reclaiming-your-rhythm-amanda-anisimova-and-the-mental-health-power-of-stepping-back/) explores this, drawing inspiration from Amanda Anisimova's brave decision. As someone focused on trauma-informed healing, I believe this is a crucial conversation. Curious to hear the community's thoughts on reclaiming your rhythm in demanding times.

",1,1,1754005065.0,mentalhealth,user_3769,False,True,2025-08-01T10:00:18.788737
1meh2b0,Space to do virtual PHP program for OCD - advice needed,"I'm desperate for advice. I have been accepted to a virtual partial hospitalization program (6.5 hrs/day, 5 days/week) for OCD and anxiety for 8 weeks. The problem is I live at home with my parents and brother and I feel that I cannot be fully vulnerable doing the therapy from home cause what if they can hear through the walls. I felt this way when I did a virtual DBT program. I really need to get everything out of this program. I have looked into booking office spaces, which for the ~6 hours I need it per day it would be like $150/day which is completely unreasonable. The public library only has one bookable room with a 2 hour/day limit. I have read about people using white noise machines and okay maybe yeah but I feel I would still be paranoid and I don't think my family would fully understand anyway why I don't want to do the program out of my bedroom. Sure there is my car, which might be fine in a pinch but for a 6.5 hour day? The in person program is a few hours away and just not very feasible, it's still >30 minute commute if I were to stay with family and I'm anxious about driving in the big city. It's also a lot to ask of my relatives to live with them for 2 months when I am also not very open with them about my emotions. I also feel it's important for me to be close to my supports/friends in town and also do the therapy in the environment where most of my triggers are. But if I can't find any option I may have to give up on this virtual thing. Feeling so desperate as I really need this program but struggling to see a solution. Appreciate any guidance.",1,0,1754004907.0,mentalhealth,user_3770,False,True,2025-08-01T10:00:18.788737
1meh03q,Im 18 now and im lost,"I stopped going to in person school around the start of my junior year in highschool due to panic attacks that i developed from psychedelics, well i assume thats what cuased it idk. I only planned on taking a week off of school to calm myself down but then it turned into weeks, then months, and now years of chronic isolation, severe anxiety, depression, dpdr, lost all my bestfriends, lost my life, i lost everything just because i wanted to abuse drugs. My life dramaticly changed 3 years ago when i had my first panic attack, i lived a relatively normal teenage life and its kind of terrifying to think back of, like i feel like im a different person, my memories dont feel like mine, i feel like im stuck in a never ending nightmare, i genuinly feel like i died a long time ago and ive just been living in the after life. After 3 years of chronic isolation from the world i think i might be reaching a breking point, i cant leave my room due to fear of going crazy and fear of panicking, i cant shower, i cant make food if anyone is downstairs so i starve myself till night. I constantly feel like im losing my mind, i obsess about if im losing my mind to a point i have constant panic attacks any time i leave my room. I cant even talk to my mom or even look her in the eye cuz im just constantly scared of reality, my surroundings feel fake and confusing/unfamilar, people look and feel fake, i cant think straight, i cant speak properly, i forget evrything, I get overstimulated from sounds and lights and even hearing people just talk makes me panic becuase their voices sound so fake and distorted, im always questioning if im hallucinating (im not) cuz evrything feels fake. I sit in my room on my pc all day, no human interaction, no sunlight, no physcial activity, never had a job, i just sit in there feeling like im in a dream and scared of everything. Im so lost and feel like im on the verge of insanity and idk what to do, i wanna be able to live a normal life, talk to people, get a job, hang out with friends, get a girlfirend, but i just cant cuz im living in complete fear. Sometimes i think back to the day when i had my first panic attack and wonder if i just ignored it and went to school, maybe i wouldnt have been in this predicament. I dont wanna end my life but i think about it all the time and im scared i will soon reach that point where i cant take it anymore.",1,0,1754004736.0,mentalhealth,user_3771,False,True,2025-08-01T10:00:18.788737
1meb9r2,Regressing the world’s age rather than my own age? I honestly don’t know what to call this.,"It doesn’t feel like it can be called nostalgia because it’s sometimes so severe and so extended and just… hurts. It makes my chest feel just a little tighter, makes my emotions feel almost numbed, and makes me feel like I could start hyperventilating at the drop of a hat. During these extended periods of wishing I was many years behind, I indulge in older media that existed in the time I want to be back in. I use mannerisms and listen to music from that time as well. I almost make myself believe it’s actually 2010/11/12 etc. Sometimes I even do regress to a younger age, but never before teenhood, even if my age, the time I go back to, and my birthdate don’t line up. And yet the more I indulge in, the unhappier I feel, and yet it also feels like I can’t stop, because then I’ll feel worse if I bring myself back to the present. I don’t know if this is my OCD, or an undiagnosed delusion, or unresolved personal issues. During these episodes, which can last literal months, all I can think about is how much the passage of time hurts, and how much it burns that I can’t pause time itself, and I’m rendered miserable every single day. Is this just easily explained and as simple as nostalgia? Is this something else? I can’t find anything online regarding this, and it drives me up the wall. All I want is answers, or at the very least, someone who relates or understands. Sorry if this is the wrong subreddit.",2,0,1753990807.0,mentalhealth,user_3772,False,True,2025-08-01T10:00:18.788737
1megqhy,A losing battle,"     If your headed downhill fast and gonna crash into a big spill, thers no way to fake it. Your going down and its over, your threw. Washed up and maybe next time. Prepare for a failure or it could be worse than it is really. Selfish if you dont.",1,0,1754004022.0,mentalhealth,user_3773,True,True,2025-08-01T10:00:18.788737
1megglr,HELP am i detached? what is going on!!?,"I can't live INSIDE my life. I feel like I'm constantly above it, as if i am playing The Sims. 
by this I also mean that i'm always overthinking life plans, planning which skills to develop, how to regulate my needs just like a fucking bar on The Sims. 

maybe I'm too much in my head - a friend of mine even told me that talking to me requires him to ""use his head"" too much, causing him a sort of discomfort in his body.

Or maybe it's because i talk to chagpt too much, or I'm on my phone too much, detached from my surroundings.
Whatever. I don't know what's wrong with me. I have friends, there are people I can reach out to. I don’t know, but the other day I wrote this: 

""I fall into apathy. I just want something that can cool my blood (a sober remedy, I keep myself away from addictions). I slip into the cracks of mundane life, yet everything keeps drifting further from me with even more force. Because I keep simulating rather than truly living in these spaces. I move my limbs manually, and so I walk. From the outside, it appears as movement, though a bit jerky.
And I feel impermeable, a distracted observer.
And so I seek spirituality, hoping it might act as glue, bind me, make me stick into reality. I throw myself, like a sack of flesh, into the midst of crowds, so they tie onto me.

I force myself to live in moments of care ( dusting the house, brushing the dogs, washing the dishes) But I still feel like just a guest.

I am potential energy without application. I will either disperse, dissolve into the days, or implode.""

I wrote this after a terrible night with a guy, where I acted like a crazy, delirious person. I even kissed him, and we both felt nothing. total apathy.
I did it because I thought I could use it to satisfy my need for intimacy. he’s also very lonely/lacks love, and i know he had some feelings about me. So I applied a 2+2 reasoning, but it clearly didn't work out.
maybe something is wrong in me, to use people for my own purposes like this, or to think so rigidly. maybe I'm just a narcissistic bitch with too much screen time.
I don't know.
But damn, I can't live like this",1,0,1754003298.0,mentalhealth,user_3774,False,True,2025-08-01T10:00:18.788737
1meaort,PLEASE HELP ME!,"I’m Priya, an MCA 1st-year student at Utkal University. I’ve always been shy and introverted. As a child, I loved playing video games or watching my brother play, and cricket outside. Until Class 10, I scored decently, mostly by cheating. In 10th, I got addicted to porn, stopped focusing on studies, and crammed only key topics. I scored just 62% and was deeply disappointed.

In +2 at Vikash Institute during the COVID lockdown, the first year was online. I skipped classes, my addiction continued, and I didn’t study seriously. In the second year, I wanted to change. I cried often, overwhelmed by fear and guilt. I eventually quit porn but developed hatred toward girls, blaming them for my distractions. I avoided eye contact, grew egoistic, and isolated myself. I studied using my own methods—70% effort, 30% cheating. Surprisingly, I scored 90% in three monthly tests and ranked 3rd or 4th in a VST-1 test. I cried from joy and felt real recognition for the first time. Motivated, I studied more seriously. Though I cheated a bit, I scored 85% in my board exams—this time mostly honestly.

I joined Kalahandi University for BSc CS. In the 1st semester, I topped the class with an 8.62 SGPA. In the 2nd semester, I slipped into depression for no clear reason. I lacked energy and studied only before exams—yet still scored 8.62. In the 3rd semester, my SGPA dropped to around 7. I felt crushed but kept procrastinating. In the 4th semester, I improved to 8.2 SGPA, and in the 5th, I got 9 SGPA despite poor preparation. The 6th semester had my worst exam presentations, yet I scored 8.8. I didn’t cheat in any major exams except one internal.

For MCA entrance exams, I didn’t prepare well. I scored 89/400 in CUET, 50.50/100 in CPET (studied one day), and 209th rank in OJEE. I ranked 13th in MCA and 2nd in my state category. I got admission into Utkal University.

Now, I’m struggling again. I haven’t overcome procrastination. I think I may have OCD, anxiety, or depression. I feel lost—no interest in studying, playing, or even sleeping. I’ve become rude and distant, even with loved ones. I can’t communicate well in public. I still carry resentment—especially losing to girls academically. I’ve shut myself off emotionally. I don’t want a relationship or marriage. If I ever wanted someone, it’d be only for mental support—not romance.

People call me introverted and emotionally unwell. Maybe they’re right. I know I have potential—my past results prove it. But I feel stuck between who I was, who I could be, and who I’ve become. I don’t like the current version of me. I just want peace, clarity, and stability. Maybe sharing this is the first step toward healing.",2,2,1753989459.0,mentalhealth,user_0148,False,True,2025-08-01T10:00:18.788737
1me767j,What's wrong with me? I feel numb and disconnected,"I (27F) can feel something is wrong in me but can't pinpoint what. I feel numb and uninterested in many things, when I think I should feel stuff. I would want something so bad, but feel nothing when I have it (example: a man I crushed on for years, my job in my dream country).

I have more relationship issue than others. I would get very disappointed and cut ties with people, like once a year. People would do things I can't get past, when others wouldn't care. It's mostly friendship.

While I really like my boyfriend (fresh 4 months dating) who I chased and was very excited about, I'm starting to feel numb. My libido is close to 0. We have sex but my mind is elsewhere and I haven't masturbate in weeks. 

It's not always like that, some periods I feel very connected to my body and feelings. Up until my last boyfriend is was in a constant happy and satisfied state.
Sexually I could feel every moment of my cycle and felt very deep for that guy (until he cheated).

Anyway, 
I feel like my body isn't mine and I'm just watching it move from above. I still enjoy things on a daily, I feel very strong love for my cat lol, love sports and going out with friends. I live a usual life,, but sometimes I go home feeling like a fraud. 


Some back information:
- Mother side, my grandma and uncle have/had depression. My mom has some weird spurge of excitement where I don't recognise her. My brother sometimes goes into deep uncontrolled violence (he's done jail for beating his wife..). I thought I was shockingly doing good but now I'm not sure.

- Not on birth control since ~6 years ago. 

- Had 2 months of chemo end of last year. Lost my periods for a few weeks but it's back and normal.",3,1,1753981452.0,mentalhealth,user_3775,False,True,2025-08-01T10:00:18.788737
1megb94,I can't seem to help myself,"I don't get motivation from anything to better myself. Things are given to me as rewards or opportunities and I still can't find it in me to do anything. The threat of not graduating, serious hospital visits, genuine sit-down talks with my gaurdian and doctor, and even the serious topic of possible death don't motivate me. I want to help myself, im given the resources on a silver platter and im able to use them for a time (a few days maybe a week). I'm more than eager to be better but I slowly just fizzle out and stop putting in the effort. It's a cycle of trying to get myself help, using that help for a small amount of time and then stopping because I don't have motivation or reason within myself to keep trying.

People around me are doing everything they can to help me and I just end up spitting it back in their face. I feel selfish and ashamed but I don't change. I say one thing and do another. My guardian is giving up on me because of the lack of effort I can't seem to put in. If my evaluation tomorrow and Monday comes back and it might turn out somehow that I'm just being an angsty teenager and just completely disregarding the effort my gaurdian puts in for me on purpose, I won't be allowed to live with her and I'll be living with my mother, which means any small bit of progress I've made to get better will instantly mean nothing and I will be back to deathly unhealthy. And that still is not motivating for me. 

I'm not as bad as I used to be but I'm hardly better. I'm at a stalemate not moving backwards or forwards. I think I'm even ready to start giving up on myself. I cannot take help as much as I want it and try to use it, I don't know how to explain to anybody my point of view because every time I try it comes out wrong, or I clam up. I pray that what comes out about me is enough to be admitted to some sort of hospital so help is forced onto me and I get better. I want to be better, and I want to be normal. If nothing works on me and I still can't find anything anywhere or within myself to motivate me to keep myself healthy, then I know once I'm back home, I'll just let myself fall apart to avoid the stress of trying to combat whatever mental issues I have.

It's stupid to vent online to random people, but typing words onto a screen is really the only way I'm able to get out what I'm feeling as best as I can. Venting doesn't really help me feel any better, but I just feel the need to scream into the void",1,0,1754002911.0,mentalhealth,user_3776,True,True,2025-08-01T10:00:18.788737
1meakvc,How do you cope with finding abandoned dogs?,"Less than a day ago, I found a very sweet dog who was abandoned and by the looks of him, badly taken care of before he was abandoned. I really wanted to adopt him but I'm in a miserable financial place and can't afford it, so I called animal protection services but it was about 3:30 am and they couldn't send anyone until morning. I couldn't leave him on the street, so I took him up to my apartment, gave him some food and water and probably spent about 5.5-6 hours with him and got really attached and he seemed to have gotten attached to me as well. 

When they came to pick him up, I started crying, initially I thought I felt like I was abandoning my dog, but I cried after him for hours, barely slept, and I realized it actually feels closer to grief, to how I felt when my dog died. Now I'm crying again. I feel like there are several things that are overlapping for me - 1. I don't have a good opinion of us as a species so I'm not surprised to find or hear of yet another abandoned dog, but it always takes a toll on me emotionally and psychologically. 2. The fact that I just am a huge animal lover and even just half an hour would've probably been enough for me to get attached to him, but what makes it worse is that he seemed to have also gotten attached to me and he kept looking at me when they put him in the car but I really can't afford to keep him. 3. The fact that I've been wanting to adopt another dog for a few years, ever since mine died, but I can't afford it and this has been really hard on me. 4. The uncertainty. While he at least got medical attention and food at the shelter and he's not in danger of being hit by a car, who knows if someone's going to adopt him and shelter life isn't great. But I didn't know what else to do. My neighborhood is also full of abandoned cats and usually when I try to find homes for them, it doesn't go well.",2,0,1753989215.0,mentalhealth,user_3777,False,True,2025-08-01T10:00:18.788737
1meg50i,feeling emptiness after work,"at work i find myself tearing up a little bit whenever a thought of sadness comes to my head but when im off work i literally feel nothing no joy no sadness nothing at all its exhausting does anyone experience this?
",1,0,1754002458.0,mentalhealth,user_3778,False,True,2025-08-01T10:00:18.788737
1meg3q6,Am I not normal? 16f,"I have few unsolved problems but the biggest id say is my relationship with my dad and with older men, my parents broke up when my mom was pregnant with me and ever since i was born i met my dad once in two weeks, I don't remember much of it from when I was little but I do think I had a good time. I don't have a close relationship with my dad, I don't know a lot about him and every time I tried to share with him about mine he always seemed bored and uninterested so at some point I stopped.

When i was 11 we moved with my moms boyfriend and my little brother was born. her boyfriend was a father figure to me, it was the first time I fell asleep without worrying about what wil happen if someone broke into the house, cause there is a man now and he will protect us.
2 years after they broke up and he showed is true self , tho he wasn't like that to me but he was evil to my mom and made her few months after the brake up like hell.  I am disappointed in him.

From that moment, apparently my mom's ex and my dad collabed and both decided to go with her to court for decreasing child support and just opened stupid cases against her to make her life worse.

At that time iam 13 and my dad starts to not come to our meetings and don't notify me so I spent my day wainting for him and wasting my time.
 Ok I'll try so wrap it up now,
Today, im 16 and haven't seen my dad for a year and a half, every time we chat which is not often he blames me for the situation tho he is the father and the more mature one..

Lately I've been crying at night in my bed about my lack of dad, more of a father figure 
Any time an older man who is not creepy acts nice to me, I get a feeling like im daddy's little girl once again. 


At the moment I just feel frustrated idk what to do, I know I need to fix this issue with a therapist but it's too expensive 
Any answer would help ty for reading all that i love all of u
",1,1,1754002365.0,mentalhealth,user_3779,False,True,2025-08-01T10:00:18.788737
1mefxb1,I don’t understand how to keep going,"Apologize if this seems more like a vent than anything but truly in my life. I've experienced too much pain this year and am I thinking to myself every night, why not give up? I've broken my femur, got wrestling taken away from me the love of my life cheated on me. My best friend in my entire life doesn't want to speak to me again. My friends are all going separate ways. My brothers are going through both legal trouble and medical trouble. My parents are divorced and constantly yell and I think why not give up. I'm not worth the clothes on my back. I'm not worth the water that makes up my body I'm not worth living I have maybe 10 friends and 1 girl I really like, but it doesn't make up for the fact that I haven't been happy truly happy since I was 10 years old my parents had an intervention yesterday because I was found cutting once again, but I feel like I need to cut, or I need to die my heart aches physically I have hypertension from the anxiety of just living and my greatest hope is when I go to UC Davis I can start a new life and I can forget about her forget about everything, but I know I'm lying to myself I know it's a losing game even being myself I know that no matter how good it may seem for a moment my life will never give me anything in the past 4 years
I've gone through natural disasters, cheating partners, comas, hospitalizations, self-harm, familial deaths, My best friends both committed suicide. Every bad thing a person can go through, and I can't take it. I've been saying I'll do it tomorrow for the past 4 years and truly living has been the hardest experience. Does anyone have advice, Can anyone sympathize? Does anyone know what to do in my situation besides just end it?",1,0,1754001900.0,mentalhealth,user_3780,False,True,2025-08-01T10:00:18.788737
1mefv0q,How to cope up with withdrawal symptoms after stopping psychiatric medications like quetiapine and clozapine?,"The withdrawal symptoms of quetiapine and clozapine.  I am always tired and empty.  I also suffer from insomnia.
",1,1,1754001733.0,mentalhealth,user_3781,False,True,2025-08-01T10:00:18.788737
1me3wus,How to not be so fuckin soft,"    (13M) I’ve been having trust issues for about a year now. I don’t have problems trusting others, I have problems with trusting myself. Cause it feels like everything I do just doesn’t work and I just fuck shit up all the time. So, I stopped trying to help people and just focused on doing the least. I stayed out of everyone’s problems. I knew what I’d do wrong before I even do it, and I stopped myself from doing good, and just let myself be a bystander. Doing nothing. In my eyes, it’d be better for everyone.
    But I just feel soft. Real soft.
    I know that this is the best thing for anyone else, but it makes me feel like such a soft little bitch. So I’m in a situation where I can only lose. I try to help others, and I make everything worse, or I stay out and watch, which usually works out, but it makes me feel like I did nothing. I didn’t help. I was just along for the ride.
    I don’t respond well to criticism. If the criticism isn’t justified, I don’t get pissed or offended. I do get offended when I get valid criticism. It gets me so pissed off, and sad. And then I get pissed about being pissed. I should be using this criticism to learn, but I never learn anything. I can fuck something up, recieve good, valid, constructive criticism for it, and then proceed to instantly fuck that same thing up again.
    I have a problem. I don’t know if I’m just insecure, or if I really need help. Leaning more towards the side of “I need help.”",5,2,1753974071.0,mentalhealth,user_3719,False,True,2025-08-01T10:00:18.788737
1mefgal,How to stop overthinking,"
 I am 21 years old, and I tend to overthink a lot. This habit has been ruining my life. I can’t sleep properly and find it hard to focus on anything. At night, whenever I try to sleep, multiple thoughts start coming into my mind, mostly about my career . Because of this, I don’t feel sleepy and remain restless.

Please, if any psychiatrist or neurologist can guide me, I want to know how I can overcome this problem.


",1,3,1754000687.0,mentalhealth,user_3782,False,True,2025-08-01T10:00:18.788737
1me9ncd,Depression,"I am depressed and my boyfriend never asks me about my mental health or studies but when I call him out his defence is that I never share anything with him . I agree that he is not a psychic so he can't read my thoughts but it's difficult to always talk about your issues . I don't know if I am being dramatic for expecting that he will ask me about my mental state and check on me often .What do u think guys? How do we solve this? 

",2,3,1753987090.0,mentalhealth,user_3783,False,True,2025-08-01T10:00:18.788737
1mefdnr,Recognize anything?,"24, afab trans-nonbinary.

I’ve felt this way since I was a kid, but I have no idea even what to frame it as or what it could be a symptom of. A therapist and a couple psychiatrists also haven’t been helpful. I’m just kind of at a loss. 

And i know, i know, googling and reddit diagnostics, not the most solid course of action, but i really just want to see if anyone else has experienced something similar and if they know why. Trauma or mental illness or something else. Or maybe I just have a complex, lol, but I don’t have a name for it. Maybe it’s just dissociation l, but that’s what I’m trying to figure out. 

What I’m actually trying to describe is the experience that my personality isn’t really me. Maybe doesn’t actually exist. That I am just a result of the world happening around and to me. A bunch of nerve impulses inherently programmed by everything else. When I was a kid and a teenager, I would make lists of the things I liked and disliked in an attempt to convince myself that i HAD likes and dislikes. That I wasn’t just the product and influence of the people around me. 

Now, as a pseudo-adult, this clashes with the idea of self-responsibility and the fact that you CAN reprogram your brain through behavior and action. But inherently, I still feel like I am just a maleable non-self. I have been a people pleaser since i was a kid, and that only adds to it. 

I’m highly socially anxious, was very depressed as a teenager. Prone to stress now. I feel like I do nothing but try to exhibit that i have good intentions and that i do certain things out of consideration for the people around me, but it still doesn’t translate and seems to be misconstrued as not having thought something through. Some sexual trauma as a child but not severe. Seem to align with non-diagnosed afab autism. People and social situations are a learned thing that i learned well, but still feel naturally out of the loop on. OCD is definitely present and something my therapist of five years definitely seemed to get right. Have been on antipsychotics and an SSRI. the antipsychotics didn’t seem to do anything? but the SSRI probably was keeping some PMDD in check, which I very much think I have. Discontinued it because it was kind if a nasty one that I didn’t trust from long term use.

Gimme whatcha got, anything much is appreciated",1,0,1754000503.0,mentalhealth,user_3784,False,True,2025-08-01T10:00:18.788737
1me1r1y,How do I constantly stop looking for unhappiness,"I (F22) have a fairly decent life, I am pursuing what I want to, have a good love life, amazing friends, decent relationship with my parents. 
I often find myself gravitating towards unhappiness.  I feel like I want to give up everything. I dont feel the need to be in a  relationship, hang out with my friends or even talk to family. I find myself nitpicking things in my relationship,  constantly looking for matters I can argue about which will help me feel like I need to walk out of this relationship. How I get out of this endless loop of dissatisfaction and unhappiness ",5,5,1753968917.0,mentalhealth,user_3785,False,True,2025-08-01T10:00:18.788737
1mefapx,Brain fog and head pressure worsens and eye problems appear after neurotherapy,"Can someone help. What did they do? My parents gave this a short saying it was the only thing that could cure me. They sell vitamins and they sell rocks and spiritual stuff- I was very off put. I thought “eh I’ll try it what harm could it do?” And now I can barely see right, my brain hurts from overwhelming pressure, and my brain fog is the worst it’s been in my life. I can’t drive anymore. What happened? ",1,0,1754000297.0,mentalhealth,user_0490,False,True,2025-08-01T10:00:18.788737
1mek8hw,"I'm only attracted to plus size women, and the rise of weight loss jabs is really terrifying me.","Just to clarify: I understand obesity is a real problem and I recognise the enormous medical benefits of potentially curing it.

What I'm really concerned about is it's going to be a trend for plump/curvy/normal women to become skinny, similar to the heroin chic era of the 90's.

I've always (almost exclusively) been attracted to larger women, ranging from curvy to frankly, obese. I'm not a feeder but just only really feel attraction to thicker women.

I obviously wouldn't want my future partner to suffer from weight-related health issues, but I also wouldn't want my partner to be stick thin.

Seeing these jabs become popular has made me realise that even the healthy, curvy women I'm attracted to may no longer exist, meaning I may just lose physical attraction to women in general and will never experience a fulfilling marriage.

I don't know why I'm like this, but I just don't find skinny women attractive. I genuinely don't know how to cope with this.

On top of everything else, I was anorexic as a teenager (12 years ago) and seeing people brag about crazy fast weight loss is bringing back some uncomfortable memories from that time.

The rest of my life is great. I'm confident, like my job, have hobbies and amazing family/friends.

I'm sorry if this is a weird thing to post. I have crazy bad OCD/ADHD and I know  I'm probably overthinking, but I thought if any community would empathise with how I feel it would be this one. ",0,29,1754013826.0,mentalhealth,user_3786,False,True,2025-08-01T10:00:18.788737
1mef8m2,How do I stop feeling nauseous when I’m anxious?,"Hello guys,
Not a day goes by without me being anxious, stressed, overthinking and overwhelmed. During the times I am overwhelmed I find myself feeling physically sick like I’m going to throw up but I’m not and I also feel sick to my stomach. I’m very unhappy with the state of my mental health and I’m very disappointed in myself. My therapist gave me advice on how to ease my anxiety but it doesn’t seem to be helping me. ",1,0,1754000154.0,mentalhealth,user_3787,False,True,2025-08-01T10:00:18.788737
1me9cr5,For anyone struggling in life,"As someone who used to struggle with depression, self harm, eating disorder for years i finally was able to heal and i want to share with you guys what helped me :)

First thing that I think helped me the most was learning that the bad place you are in now is not going to be your whole life story. One day it came to me that i dont want my life to be like this anymore. I didn't want to spend my whole day in my bed scrolling social media seeing everyone else living their best life and having fun while im miserable , and that's when I realised they are there because they choose to make their life worth living! And good news you can too! So i made a plan how can i make my life better.. And well for starters i learned to be grateful for everything! Even when my whole day was terrible at school i didn't talk to anyone etc, i would come home go to bed and be like im grateful i am alive, grateful I have home to return to, grateful i didn't get hit by a car on my way home and all small stuff that seem silly, and thinking about things i am grateful for before goings to sleep really helped me improve my life. Next thing i did was romanticise and find beauty in everything, like even simple things like making myself tea would make me feel so happy because how blessed i am to have water and cute mug and my favourite tea!! Also as i mentioned I would spend a lot of days in my bed not having energy to go outside at all and i fixed that by thinking what could be waiting outside for me? Maybe a cute stray dog i can pet? Funny shaped clouds? Cool looking tree i can hug? Depending on where you live and what season is currently for you i would romanticise going out in nature and being able to see flowers or leafs falling off the tree and then that crunchy sound they make when you step on them, or hot summer days when i feel like im living in the bikini bottom :) About eating disorders i struggled with BED a lot and what helped me was mindful eating! Like when you grab a cookie ask yourself why do i want to eat this, boredom? Craving sweets? Just to binge on whole pack? And when you came to conclusion i want to eat this cookie because it will make me happy is when i would only eat it. So really try to nourish your body with healty stuff that you actually love will keep you full for longer, and it would make me not want to binge on lots of other food. For self harm what i did was started working out. Like i would self harm because i had so much anger in me and is there a better way to take out this anger on than  doing something good for your body like working out?? Like you don't have to go to gym just find a fun workout at yt and try to do it! Also big thing that helped me is getting into manifestation, neville goddard, subliminals etc. Those stuff really helped me shift my mindset and help me choose to be the best version of myself. This post is really long and i dont know if anyone will actually read it but if someone does i hope i helped you make your life better. ",2,2,1753986413.0,mentalhealth,user_3788,False,True,2025-08-01T10:00:18.788737
1mef2c8,Why do I take disagreements or other opinions so personal?,"Long story short I (30f) have been no contact with my older sister for about 4 years now because I was tired of her toxic ways and mistreatment and an argument between us was the last straw. However I am still and have always been very close with my adult niece (25) (her daughter) They don't have the best relationship so I know she understands whenever I talk about our toxic family. We unexpectedly got on the topic of my sister and I and how we no longer speak because of my sisters disrespect towards me and my niece asked me if she could ask me a question. Basically my sister called to apologize to me back before we stopped speaking but I was asleep and she assumed I was ignoring her and my niece just wanted to know if I actually did ignore her phone call.

I told her no I didn't but what put the nail in the coffin was because my sister was talking bad about me to our brother and it made me realize she's not actually sorry and I don't want to have someone like that in my life and I was tired of her ways so I decided not to call her back. My niece said she understood. I then had a thought and I asked my niece that if I was actually ignoring her would that mean I'm not still owed an apology? She says that if she tries to reach out to someone once and they ignore her without letting that person know they need time before speaking that she would take that as rude and never reach out again.

Which I disagreed to because in my opinion it's not black and white and is a case by case, person to person kind of situation and I also believe that that is being prideful, immature and not giving the other party grace because you may not know what's going on within them and assuming they're ignoring isn't the best way to look at it. Now if you made 2 attemps to apologize and it's still radio silence I understand not wanting to reach back out. I don't know why I have a hard time with peoples different opinions or having disagreements and I notice that we both kept repeating ourselves.

I guess I feel kind of upset because it made me feel like she was kind of siding with her mom even though she knows her mother did wrong and validated me, I also felt like she was against me even though I honestly didn't ignore her. My niece also kept defending her in a way. Not dismissing her actions or invalidating me but in a ""it's because her trauma"" type of way. All of my siblings and I have trauma but we decide how we navigate through life and treat people and she doesn't have to tell me that, and although the Mother/daughter and sister/sister relationship is going to be different, I've known my sister and experienced her my entire life. I don't think my niece was coming from a bad place but it still bothered me and kind of opened old wounds.

I just didn't like that opinion and not to sound like a know it all but I just don't think that's a healthy way to go about communication even if you were ignored the first time. Why do I always have to feel like I need people be on my side or feel slighted and betrayed when theres a disagreement? I have alot of trauma, depression and anxiety and I'm not close with alot of my family and it's just eating me up still thinking about our conversation. I know I can't change people or force them to think like me or see things the way I do but I am highly sensitive and I hate this feeling.",1,0,1753999717.0,mentalhealth,user_3789,False,True,2025-08-01T10:00:18.788737
1mdy8w3,Life is a roller coaster,Anybody else feeling like they can’t catch a break lately? ,9,7,1753958821.0,mentalhealth,user_3790,False,True,2025-08-01T10:00:18.788737
1meexs0,Is there any way to make a support group to talk about deep personal struggles?,"Hi I'm 21/male and I have no one in my life to talk about my depression. The only people around me (my parents) don't care about it and purposefully harm me because of their unstableness and dissatisfaction.

They only get angry if I tell them the way they treat me makes me depressed so they become even worse.

It sucks being stuck in this situation and not having a single person who has understanding and empathy.

I was wondering if it somehow is possible to make some sort of online support group (maybe over Signal) to talk to people who go through similar situations and can relate or just to someone who has understanding.

My situation is really eating me up and I need some place where I can at least talk about that. I would hope to make some group where you can talk about everything even the deepest/most personal stuff and insecurities that's bothering us. Somewhere to be vulnerable and not being judged. ",1,0,1753999414.0,mentalhealth,user_3791,False,True,2025-08-01T10:00:18.788737
1meex0t,Trauma and CPTSD,"Got triggered today, had a meltdown. I swear CPTSD and trauma both SUCK! ",1,0,1753999367.0,mentalhealth,user_3792,False,True,2025-08-01T10:00:18.788737
1me5a6x,So hard to ask for help,"I tried multiple times to text a mental health hotline today, but ended up chickening out everytime. I've been staring at my unsent message for 5 minutes, debating whether or not to send it to the hotline. On one hand, I'm struggling and feel so sick with confusion and grief. On the other, I might be overreacting and I don't want to waste anyone's time with my shit..",3,2,1753977188.0,mentalhealth,user_3793,False,True,2025-08-01T10:00:18.788737
1meekbq,I really want to die,"I , m16 have it way easier than most people. I have a loving family and stable household. and yet none of it makes me want to live. if anything it makes me feel bad for wanting to leave. I hate myself, I'm fucking ugly, can't make friends because I'm so fucking narcissist.i'm scared of people and feel watched even when I'm alone in my room. i can't cry, but I really want to. I really wish my life was given to someone else. I have no will to do anything. I'm scared of myself and everyone around me. I love my parents. I wish they had someone better. I hope that if I go they will move on. 
",1,0,1753998519.0,mentalhealth,user_3794,False,True,2025-08-01T10:00:18.788737
1meeevx,Lorazepam first time strange feeling,"Yesterday evening I took Lorazepam (Ativan) for the first time. My doctor prescribed me 1 mg and said I could take it up to twice a day. I’m very sensitive to medications because until recently I was managing my daily anxiety issues with natural supplements like valerian and other herbal stuff.

So yesterday I decided to give it a try and took 0.25 mg. About 40 minutes later I felt amazing — my mind went quiet and that horrible physical anxiety I feel every day just disappeared.

This morning I took another 0.25 mg and felt totally fine. The whole day went great.

But in the evening, when I took my second dose of the day (again 0.25 mg), I started feeling a bit nauseous, and within a few minutes it escalated into hot flashes, shaking, and what felt like a full-blown panic attack. I really tried to stay calm, but it only made me more anxious — like, this med is supposed to help, so why did this happen?

Anyone else ever had this kind of reaction from a low dose or a second dose during the day?",1,1,1753998156.0,mentalhealth,user_3795,False,True,2025-08-01T10:00:18.788737
1me8ets,My parents’ arguments are breaking me. I don’t know how to handle it anymore…,"Hi there :)

I’m a teenager living with my parents, and they’ve been arguing constantly over what feels like nothing. Petty things turn into shouting matches. I’m stuck in the middle, and I feel like if I say something, I betray one of them. I love them both.

I’ve talked to a therapist, and it helped me for a period of time. I’ve also tried to talk to my best friend, but I think I was too emotional and couldn’t fully explain it to him. I cry almost every night. I hate that it’s affecting me at school — people started noticing I’m not as upbeat or focused.

I just want peace. I want to stop feeling like I have to pick sides. I don’t want to resent either of them. I just want a normal life, where I can focus on growing and being happy.

If anyone’s been through this… how did you cope? What helped you stay sane and not lose yourself in the middle of all this? I don’t know who to talk to anymore. I feel alone.

Thanks for reading this. It means a lot.",2,2,1753984250.0,mentalhealth,user_3796,False,True,2025-08-01T10:00:18.788737
1mee038,The idea of ending myself seemed a bit comforting for a while,Anyone cares for a little chat? There aren't many people I can talk to,1,4,1753997164.0,mentalhealth,user_3797,True,True,2025-08-01T10:00:18.788737
1medym8,I can’t find a reason to stay,"I’m growing tired of living, I can’t find a reason to stay. The urge to just give up grows stronger and stronger, I feel like I’ve been forced to go down a road of university no matter what. I live in the us with my mom, but my family is in saudi. I grow ill everyday my memories get so blurry I’m so forgetful, my mom is so tired of me. My dad barely knows me. I’m ridiculed so often, I’m so sensitive I lost almost all my friends, I got dropped from my college, my life sucks, I’m so lonely I have nothing to live for. I just want something to live for.",1,1,1753997066.0,mentalhealth,user_3798,True,True,2025-08-01T10:00:18.788737
1medxt6,I am on verge,"Soo, 26M here
Lost my mother nearly 4 years ago, and after that it is all downhill
Like I am cursed, everything I try went wrong or did not even start. Health decline, spine injury, joint illness got worse. Same is with both love life and jobs. From 1st of January I can not land a job. And for 3 years consintly I get suicidal thoughts around my fucking birthday. I really fucking lost hope in my self. 
I'm tired mentaly, can't take it no more ",1,1,1753997011.0,mentalhealth,user_3799,True,True,2025-08-01T10:00:18.788737
1medtmj,Just feel lost and empty,"For years I’ve felt lost and empty but I have ups and downs. I own house, make good money 6 figs, 32 yrs old but been single for over 4 years. No kids never married although engaged twice though they left. Last was a bad break after 4 years. I moved states for them, assisted in paying for schooling, bought vehicles, yet didn’t matter. I stopped going to college and just feel unsure of life. Not sure where to go or what to do. I know I want happiness yet feels unobtainable. I’ve chased the feeling of happiness by purchasing items and vehicles only for the feeling to fade and I’m chasing the next. I’ve watched pod casts which have helped for a few hours until I’m back in my head and into the void I go. I don’t engage as I did before, I don’t participate or enjoy what I used to. I just feel unwanted and a failure. Can’t even get a match online dating. Most days I just feel like giving up completely. ",1,1,1753996723.0,mentalhealth,user_2869,False,True,2025-08-01T10:00:18.788737
1medrtw,I don’t want to live anymore,"The happiest day of my life will be the day I end it. I hate life I’m 25, but I despise everything about this world, absolutely everything.

Still, I haven’t had the courage to leave yet, but before the end of the year, it will happen. I have my pride, and I’m certain of this. It’s the only thing that could make me happy.

PS: I’ve tried everything, antidepressants, anti-anxiety meds, psychiatrists, psychologists. The truth is, I should never have been born. I don’t even know why I’m writing this because it’s pointless, and this world is garbage.",1,1,1753996603.0,mentalhealth,user_3800,True,True,2025-08-01T10:00:18.788737
1medoxa,Do MAGA and the Christian Right and Far Right Republicans that currently are in power or gaining power really want to see a country where people with severe mental illnesses are all locked up?,"To start, I’m not talking about some Depression or light anxiety or more normal stuff, I’m talking Schitzophrenia, BPD, Bipolar Disorder, NPD, ASPD, and other more severe forms of mental illnesses. I’ve heard several people in the mental health community expressing that these people want to see us all put in mental institutions and are slowly putting policies in to get it that way or at least these people are anti mental health. I’ve also heard that the MAGA people have expressed a ton of mental health stigmas and propagandas, but I want the cold hard truth. Can someone explain it or even give some interviews or people who actually have expressed these beliefs because it’s making me paranoid and I just want answers.",0,10,1753996412.0,mentalhealth,user_2596,False,True,2025-08-01T10:00:18.788737
1medmgm,I can’t function properly,"I can’t do anything anymore, I feel everything so amplified I can’t function, my head won’t be quiet, I feel like I’m disconnected from my body or there’s nothing of substance inside of me, I can’t stop thoughts of hurting myself and people I love even if I don’t want to think them, I hate having thoughts of sex and control all the time but when I seek sex out I don’t want it anymore, I don’t want anyone to feel my body because it’s not real - I don’t feel real. I hate everything but it’s so difficult to hate everything when there’s so much to love, I hate my friends but the next day I love them, I’m scared all the time because I’ve cultivated a personality for each individual person and I’m so scared they’ll see through the lies and love I have towards them to see no empathy and hatred. I have this vague sense of wanting to go home but I don’t know where that is and nobody loves me there anyway. I’m hopeless and abusive and horrible.",1,2,1753996243.0,mentalhealth,user_3586,False,True,2025-08-01T10:00:18.788737
1medht6,What’s your experience with Nortriptyline?,"As someone with treatment-resistant depression, PTSD, and ADHD, I have been on practically every psych drug. Prozac, Zoloft, Cipralex, Lexapro, Prazosin, Doxazosin, Seroquel, Abilify, Effexor, Duloxetine, Fetzima, Trintillex, Nozinan, Trazodone, Loxapine, Stelazine, Mirtazapine, Wellbutrin, Nefazodone, Klonopin, Ativan, and some mood stabilizers too. Im currently inpatient in the psych ward asking my doctor for a referral to do a second round of ECT- bilateral this time. He said Nortriptyline works well with ECT patients. Does anybody have any experience, rating, comment on it?",1,0,1753995937.0,mentalhealth,user_3801,False,True,2025-08-01T10:00:18.788737
1medfaf,I’m so broke this month I can’t afford pads.,"I feel hopeless. I’m just finishing my dissertation applying to jobs to no avail, and realized I’m so broke at this point I can’t even buy pads, so I’m about to use small hand towels. I wish things would just get better ",1,2,1753995774.0,mentalhealth,user_3802,False,True,2025-08-01T10:00:18.788737
1me7h5g,Looking for someone to talk to who understands trauma and long-term emotional burden,"I’m a 20-year-old guy trying to cope with years of emotional pain caused by something that didn’t happen to me directly — but to someone very close to me. When I was around 16 or 17, I found out that this person had been sexually abused. They weren’t even an adult at the time, and to this day, I’m the only one who knows what happened.

Since then, I’ve carried that weight alone. It’s affected me deeply — I’ve struggled with:
- emotional flashbacks and guilt,
- intense social anxiety and fear of people,
- insomnia,
- and sometimes medication or self-destructive thoughts.

I’ve tried reaching out for help recently — which was a huge step for me — but it didn’t go anywhere. Still, I’m not giving up. I’m just looking for someone who understands trauma and wants to talk. I’m not expecting therapy, just maybe a human connection and support from someone who’s been through something too.

If you’re open to that, I’d really appreciate it. Thanks for reading.",2,2,1753982151.0,mentalhealth,user_3803,False,True,2025-08-01T10:00:18.788737
1me790l,I want my mental state worse!!,"AHHHHH whyyyyy can't I just go insane already??? I'll I do is scroll on toxic Tumblr, reddit, discord and tiktok. That's all I do in my life. I'm Chronically online!!! I wish I was so messed up I stopped caring so I could do whatever I want. OMGG OMGGG OMGGGGG. Why am I normal??? I need to get worse yk!!! And school Is starting in a month!! So surly that will help break my mental but that also means less time online ☹️. I'm not a weird chronically online I promise, just the mentally chronically online yk. There is a difference!!",2,26,1753981631.0,mentalhealth,user_2800,False,True,2025-08-01T10:00:18.788737
1me77a6,Social Anxiety with elevators,"Its stupid but honestly I have the worst social anxiety when it comes to handling wether i need to say bye or not in an elevator when im exiting and theres other people in the elevator.

I have tried to make some rules that I think make sense.

1. If you are in the elevator with one other person and they came in with you on the ground floor with out saying hi, I will still say bye
2. if they entered the elevator above the ground floor and dont say hello on entrance, I wil not say bye when exiting before them
3. if they do say hello then i say bye
4. if i start with one person at the ground floor who did not say hello AND someone comes in at a later floor, I will not say bye before exiting.
5. If more than one person enters with me on the ground floor i do not say bye
6. if someone is getting off before me and they say bye and theres me and another person in the elevator, I will say bye when I exit.

What are your thoughts

",2,1,1753981519.0,mentalhealth,user_3804,False,True,2025-08-01T10:00:18.788737
1med3hv,Very annoying indeed,"This is very annoying, especially when I consider myself a person of sound mind but I keep having panic attacks and keep feeling like I am about to die with NO causes??? It just comes and inhabits my ability to live properly, furthermore as salt in the wound this is completely uncharacteristic of me so that’s an added factor of frustration ",1,0,1753995021.0,mentalhealth,user_3805,False,True,2025-08-01T10:00:18.788737
1me75l3,"Tiny wins, shaky days, and the app that’s keeping me in the fight","There’s a quote I love: “Fall down seven times, stand up eight.”Sounds heroic—until you’re face-down on attempt #6 and your alarm’s going off for work. That was me two months ago.  
  
Backstory in bullet form:

* Burned out at a job I used to love.

* Therapy waitlist = 14 weeks.

* Friends amazing but juggling their own storms.

* Motivation popping in and out like bad Wi-Fi.

I was close to clocking out on self-improvement altogether when a therapist friend said, “You don’t need a breakthrough—you need a breadcrumb trail.”   
Translation: focus on micro-wins you can see and feel, daily.Here’s the breadcrumb recipe that’s (so far) keeping me upright:

1. Set laughably small goals.

Today’s list: drink one full bottle of water, send that awkward email, do 10 push-ups (wall push-ups count). Tiny goals can’t shame you; they can only cheer you on.

1. Track mood like weather, not verdicts.

I started logging “sunny / cloudy / storm” emojis next to each day. It showed me storms pass quicker than I thought, and sunny moments sneak in even on rough days.

1. Outsource pep-talks when the tank is empty.

At 3 a.m. I’m not texting friends. I’ve been using a voice-journal app called SoulChat lifecoach—it listens, mirrors back patterns, and drops small CBT-style nudges like “try naming the worst-case scenario out loud.” Sounds silly but hearing my own fears played back in calm words makes them shrink. It’s not therapy, but it’s a solid halftime coach when the bench is otherwise empty.

1. Celebrate the un-Instagrammable.

Did dishes? Gold star. Took meds on time? Trophy. Your brain doesn’t care if the win is glamorous; it cares if dopamine shows up on schedule.

1. Remember: Progress ≠ perfection.

Some days the breadcrumb trail is just one crumb and that’s still evidence you moved.  
  
Why share? Because scrolling this sub helped me feel less alone, and maybe someone reading needs permission to aim small and still feel proud.   
  
If you’ve got other micro-win tricks—or apps, playlists, rituals—that keep you standing up that eighth time, drop them below. Let’s crowd-source a bigger breadcrumb trail.  
  
Hold fast, friends. The next tiny win is probably smaller (and closer) than it feels.",2,2,1753981416.0,mentalhealth,user_3806,False,True,2025-08-01T10:00:18.788737
1med2hq,Well-being ideas!,"I have recently been going through a tough time with my anxiety. It use to be bad when I was in secondary school as I kept apologising for being myself, I felt like everybody hated me and I just genially felt like an imposter amongst my friends. I left school went to college and then onto uni where my confidence had flourished and I started to be happy. Things in my life were going so well until I have ended up in a toxic work environment and it has bought back all the pain I had being bullied at school as so much of work reminds me of it- I realise now how much trauma I had during those years as I keep remembering horrid things that  happened during that time and I always remember at the most random times (e.g. when I am watching a movie). I am trying my best to not let it get out of control by focusing on the things I can control instead. Although this has helped, I do get days where I feel like I haven’t had closure and it impacts me terribly. I am trying to get a new job at the moment which has been quite difficult Has anybody gone through something similar ? Any advice on how to maintain wellbeing whilst trying to move on? ",1,0,1753994950.0,mentalhealth,user_3807,False,True,2025-08-01T10:00:18.788737
1me1a52,Overcoming the trauma and learning to be open to sex again,"Hi, I'll spare everyone the details but I'm looking for resources and steps to take in order to learn to be sexual again after SA. I met with multiple therapists for about 2 years but really just feel like their therapy just involved me reliving and talking about it over and over again and it's caused me to regress.

I'm currently reading the body keeps the score but I was just hoping someone here could direct me to other resources (preferably cheap or free) or share their experiences with overcomong trauma and learning to be sexual again.

Not being able to do this has been extremely harmful to my relationship.",3,10,1753967732.0,mentalhealth,user_3808,True,True,2025-08-01T10:00:18.788737
1med001,ocd and autism questions,"I have severe ocd with poor insight and autism (all diagnosed). Is it an ocd thing when I feel like a bad person if I don’t do certain things? 

Is it an ocd thing or and autism thing when I get upset and sick if someone tries to “take” my favorite number or the things I like? It feels like it’s supposed to be MY thing and no one else’s. Especially with numbers, whenever someone tries to choose my number I get really upset and freak out

Is this normal or am I selfish. Can I fix any of this with any sort of therapy or am I just sensitive?",1,0,1753994790.0,mentalhealth,user_3809,False,True,2025-08-01T10:00:18.788737
1me19jt,Inexplicable loneliness,"I’m a 23-year-old man. In almost every objective way, I am an enormously privileged person. I come from the upper middle class, attend university with a healthier financial situation, have good friends and am popular with girls.

Despite this polished surface, I am an extremely lonely and sad person. Beyond the typical youthful *Weltschmerz*, my own life feels hollow and meaningless. I’ve had many close relationships in various contexts (different schools and hobbies), but the spark always fades sooner or later. The ones I’ve kept alive are on artificial life support. Don’t get me wrong: I’m fairly popular in my program, but what’s that worth? Right now, I often feel more lonely among people than I do alone – and that’s despite the fact that I feel awful when I’m alone, and I take very poor care of myself.  
I entered adulthood with my ex-girlfriend at 19. We met at folk high school, and it felt natural for us to move in together afterwards. It was the happiest time of my life. Having a life partner you did everything with was amazing and comforting to me. But the more time I spent with her, the harder it became to maintain my other relationships. Eventually, the other friendships just felt like work.  
After 1.5 years with my ex, I slowly realized that we weren’t a great match. I became increasingly irritated with her, and I wasn’t attracted to her at all. I loved her as a person, but I felt that a life with her was a beautiful fate – just not mine.  
I spent half a year trying to turn things around, but without success. I gave up, and we broke up.  
She moved out and took all the furniture (which we had inherited from her grandfather). I knew I had made the right decision, and I never felt tempted to go back to her. But it was still an extremely difficult time for me – a time where I found great comfort in *Ecclesiastes*, a text about the fleeting nature of meaning, no matter where it’s found.

The following year, I behaved like an unrestrained fuckboy. I had one almost-relationship after another, which dulled the pain a bit. Each time, after about two months, I realized I didn’t believe in the relationship, and I stopped seeing them.

In that way, I’ve hurt several girls because I’m too weak to carry life on my own. I can’t imagine friendships replacing a relationship for me. They simply don’t have the same intimacy. An intimacy without which life feels meaningless.  
“You need to learn to love yourself!” It feels forced to try. I don’t enjoy being alone, and I actually believe I naturally have a very dark mind. How do you learn to endure life without a partner?

And what does life even offer a young person? If you’re privileged, you might get the opportunity for more self-realization than others. But what value is there in knowing yourself if you’re alone? Is the point to drink matcha in enough different places, to listen to music in the right spots, and to swirl the right wine? To be part of a thousand different social constellations and have sex with as many interesting and alienated souls as possible?  
As soon as I realized – with my whole body and entire being – how fleeting and arbitrary most relationships are, I could no longer lose myself in them. I can’t find meaning in sucking the nectar from one flower after another. I can’t find meaning if meaning is just flickering images.",5,1,1753967691.0,mentalhealth,user_3810,False,True,2025-08-01T10:00:18.788737
1meczho,I hate how i'm unable to talk to other people and how there's no solution to this,"Seriously, this has to be my worst trait BY FAR. Despite wanting to have a social life, not being autistic, having all the time in the world to pursue this, i still can't do it. I don't even talk to my online friends nor my mom. What's up with that? It's like my mind has no notion of building social connections, no matter how easy it might be. And this can't be learned - every normie out there giving advice on how to deal with this has the ability to form social connections intuitively, they can't empathize with someone like me, their advice is useless.

I'm not depressed, I dont need support or encouraging language, im simply angry at how annoying and confusing my situation is. ",1,5,1753994757.0,mentalhealth,user_3811,False,True,2025-08-01T10:00:18.788737
1mecuu5,Do you also sometimes just feel really cold when depressed,"Do you guys ever feel cold when its getting worse with your mental health? Right now I'm cold, my body aches and I just wanna sleep forever. ",1,1,1753994461.0,mentalhealth,user_3812,False,True,2025-08-01T10:00:18.788737
1mectcc,I feel like I lost my ability to be a human around others,"Hey, I’m 23M. I used to be a pretty social person before college, like before I turned 18. I genuinely enjoyed talking to people, meeting new ones, and just being around others.

But now? I feel completely disconnected. I've lost all my social skills. My brain just shuts off when I'm around people. I don’t know what to say, I can’t even follow basic conversations sometimes. I just sit there, blank, with no thoughts. It’s like I’ve forgotten how to be a person.

This has been going on for about 3 or 4 years now.

I’m not exactly sure what caused it. College was stressful, and I couldn’t really make close friends during those years. My social life dropped to zero. On top of that, my mom was struggling with depression, and being around that constantly drained me emotionally. I’ve also had periods of heavy porn use, and I wonder if that could be affecting me too.

Now that I’ve graduated, things should feel better. My mom is doing much better. I sleep well, I work out daily, and I try to stay healthy. But inside, I still feel like the same person. I feel robotic. I don’t enjoy talking to people. There’s no spark, no curiosity, no flow. I feel mentally slow, kind of dumb, and completely disconnected from how normal conversations are supposed to go.

It’s been a huge hit to my confidence. I don’t even try approaching girls anymore. When I watch people talk, laugh, joke around, make eye contact effortlessly, be spontaneous... I just can’t imagine myself doing any of that. It feels like my brain isn’t wired that way anymore.

It’s like I have no personality now. Even around old friends, I have nothing to say. I used to be someone who loved talking to people, and now I’m this blank shell. It’s scary, honestly.

I tried therapy. I had six sessions with a therapist, hoping it would help. But it didn’t really go anywhere. I was mostly just told things I already knew. I get that therapy takes time, but I seriously feel like my brain just doesn’t function like it used to.

I’m trying really hard not to beat myself up after every social interaction where I feel like a total robot. I keep telling myself that judging myself won’t help. I’m trying to shift my focus toward understanding why I feel this way and how I can move forward.

So if anyone out there has felt something like this, or has any idea what this could be,please let me know. Is this social burnout? Depression? Brain fog? Emotional shutdown? I’m honestly just lost.

I really want to get out of this and feel human again.
",1,0,1753994366.0,mentalhealth,user_3510,False,True,2025-08-01T10:00:20.091548
1mecrb5,How do I tell my bestfriend I wanna oms without making her worry.,"I've been struggling with those thoughts for over 2 months and I came close one night but I know I can't but I just need to talk to someone about it. I just really need to talk to my bestfriend but I've had an experience when someone else told me they wanted to off themselves and i was so worried I started having a panic attack and I would hate to do that to my bestfriend.
What should I say and how should I word it?",0,3,1753994236.0,mentalhealth,user_3813,True,True,2025-08-01T10:00:20.091548
1me6re5,Looking for answers/get pointed in the right direction,"HI all, 

This is my first post on reddit so sorry if the wordings not great, not very good at this sort of thing..

Im looking for advise on what to or maybe someone on here has been in a similar situation. 

I struggle with anxiety and depression, i have done since i was about 11, im now 28. Bit of background, i met my current partner just before i turned 19, he was 48, i know people have their views, we got a lot of backlash. Anyway, long story short after about 3 years we ended up, how do i put this, sharing with another couple, my boss at the time and his wife, they were in their 60s at that time. It was something we had spoken about together as a couple but i never thought anything would come of it as we'd both said we didnt want it to be with a couple we knew - we live in a very small village and word get round. 

Anyway, on that night, things started heating up and i had said to my partner that i didnt really want to go ahead with it, wasnt ready, etc. He said thats fine and they would go home, next thing i know hes going upstairs with the wife, i said to my boss i wasnt ready and he was cool about it so we went up to get them and they were uo there waiting for us. My partner then tries making me comfortable which i was more than happy to get physical with him infront of them but not swap. So we were doing our thing and they started joining in, at the time i thought well my partners enjoying it and were here now so, it'll be over soon. At one point i was on my back and i looked over and it looked like my partner was full on having sex with boss' wife, afterwards i asked and he said they werent and was adamant they werent, but i dont know. 

Fast forward about a week after and i get called up to my parents for a chat, word had got out and they wanted to know if they had all got me drunk and pushed me into it, i said no we were all pretty drunk, i then heard the words from my dad which i will never forget ""well if thats what you're into then great, just be safe about it"", my dad is a well respected man in the community and i never imagined i would be talking about orgys with them!

Fast forward again, sorry, to now. Me and my partner are still together, though we did split a couple years ago for 6 months as i was struggling to get anything out  of him, all he wanted to do was work or go to the pub but would say hes been at work, not the pub, hes getting better at being honest about that at least now. But i still get i guess you could call them flashbacks sometimes when i go up to bed, if im cleaning the bedroom etc, and i think its also made having sex difficult for me now, i rarely want it and i do think its been ever since then. 

I dont really know what im expecting to come back of this but this is the first time ive ever laid all this out, and its been quite helpful just typing it out to be fair.

i do have a counselling session tomorrow evening but i dont know whether this is something to bring up or not, but i do feel like it contributes to the anxiety and depression, just wanted to get some outsider opinions...

if youre still here, thank you, feel free to ask anything, and sorry about the formatting once again..

",2,0,1753980523.0,mentalhealth,user_3814,True,True,2025-08-01T10:00:20.091548
1mechb5,What are some good subreddits/websites/whatever to visit when you're really struggling?,Depressed asf all I have is self-harm and drugs are there any places on the internet in particular that provide distraction specifically for depression/suicidal thoughts? ,1,1,1753993589.0,mentalhealth,user_3815,True,True,2025-08-01T10:00:20.091548
1me6fjf,Looking for answers/get pointed in the right direction,"HI all, 

This is my first post on reddit so sorry if the wordings not great, not very good at this sort of thing..

Im looking for advise on what to or maybe someone on here has been in a similar situation. 

I struggle with anxiety and depression, i have done since i was about 11, im now 28. Bit of background, i met my current partner just before i turned 19, he was 48, i know people have their views, we got a lot of backlash. Anyway, long story short after about 3 years we ended up, how do i put this, sharing with another couple, my boss at the time and his wife, they were in their 60s at that time. It was something we had spoken about together as a couple but i never thought anything would come of it as we'd both said we didnt want it to be with a couple we knew - we live in a very small village and word get round. 

Anyway, on that night, things started heating up and i had said to my partner that i didnt really want to go ahead with it, wasnt ready, etc. He said thats fine and they would go home, next thing i know hes going upstairs with the wife, i said to my boss i wasnt ready and he was cool about it so we went up to get them and they were uo there waiting for us. My partner then tries making me comfortable which i was more than happy to get physical with him infront of them but not swap. So we were doing our thing and they started joining in, at the time i thought well my partners enjoying it and were here now so, it'll be over soon. At one point i was on my back and i looked over and it looked like my partner was full on having sex with boss' wife, afterwards i asked and he said they werent and was adamant they werent, but i dont know. 

Fast forward about a week after and i get called up to my parents for a chat, word had got out and they wanted to know if they had all got me drunk and pushed me into it, i said no we were all pretty drunk, i then heard the words from my dad which i will never forget ""well if thats what you're into then great, just be safe about it"", my dad is a well respected man in the community and i never imagined i would be talking about orgys with them!

Fast forward again, sorry, to now. Me and my partner are still together, though we did split a couple years ago for 6 months as i was struggling to get anything out  of him, all he wanted to do was work or go to the pub but would say hes been at work, not the pub, hes getting better at being honest about that at least now. But i still get i guess you could call them flashbacks sometimes when i go up to bed, if im cleaning the bedroom etc, and i think its also made having sex difficult for me now, i rarely want it and i do think its been ever since then. 

I dont really know what im expecting to come back of this but this is the first time ive ever laid all this out, and its been quite helpful just typing it out to be fair.

i do have a counselling session tomorrow evening but i dont know whether this is something to bring up or not, but i do feel like it contributes to the anxiety and depression, just wanted to get some outsider opinions...

if youre still here, thank you, feel free to ask anything, and sorry about the formatting once again..

",2,0,1753979771.0,mentalhealth,user_3814,True,True,2025-08-01T10:00:20.091548
1mec9sj,Feeling lonely and trying to be better. Just need a kind space,"Hi. I’m someone who’s been going through a lot emotionally, I’m in a long-term relationship, and while I love my partner deeply, I’ve found myself depending too much on him for emotional support.

Lately, I’ve realized I might be isolating myself too much, and it’s been making me feel more anxious, especially when I don’t hear from him as often.

I’m not really looking for advice, just a place where I can be heard.

To be honest, I think part of why I’m like this is because I was abandoned by my parents as a child. I was raised by my grandmother, and she was everything to me. But she passed away, and since then, I think I’ve been carrying around this deep fear of being left again.

Have any of you ever felt this way? How do you handle those moments when you want to feel loved so badly, but also know you have to learn how to build peace and strength within yourself?

Thanks for reading 💛
",1,1,1753993110.0,mentalhealth,user_3816,False,True,2025-08-01T10:00:20.091548
1mec2yd,I feel empty and lonely after reaching all my goals,"Okay so I (18,f) graduated highschool with honors and additional prizes last month. About two weeks ago I got accepted into my dream college for pre-med (early admission). Theoretically, I should be very happy and excited for my future, but to be honest I just dread it. 
I feel unqualified for uni, and like I am completely lonely and lost. Most of my friends/peers are travelling the world, or experiencing something exciting. Most of my admittedly kind of toxic friend group is in Greece together (I was not invited to the trip) and it kind of hurts to look at all the pictures they're posting and their carefree attitudes. 
I know that me not being invited to the group trip is kind of sad, but I honestly don't have any other friends I could talk to. Due to social anxiety and Asperger's it's not easy for me to approach new people (plus I was the classic nerd/geek in highschool). 
To add to my situation, I'm going to continue living with my parents and just commuting to college, since my older sister(20) moved away to a college town and two apartments are too much for our parents to pay for. I have considered a job but the places that would hire me have bad hours that aren't compatible with my college classes. 
Lastly, and kind of embarrassingly, I don't have a relationship and am feeling pretty insecure about that. I know that I'm not very attractive (realistically a 5/10) but it's not like I expect a prince charming either. Tbh, I've never been approached by any guys, and even approaching them doesn't lead to anything. 
Does anyone have advice for any part of my dilemmas? Especially someone who's experienced (part of) this too. ",1,3,1753992674.0,mentalhealth,user_3817,False,True,2025-08-01T10:00:20.091548
1mebtsc,Hi I need to vent?,"Venting on my burner account.


I'm 16 year old in the Highlands, with the expectation to look after my mum, who is ill, and this comes and goes. My parents haven't been together in years, and I have a brother.

I just got into college, and I'm ecstatic, but the moment I get into college she wants to move to the bottom of Scotland, and I have no form of income due to her not allowing me to get a job, and I have just recently started applying because I'm gaining closer to being a 17 year old, and I want to be able to learn to drive.

My mum expects me to pay for myself, because she is going to be ""losing money for me"" because I've left mandatory education. My mum has never worked and blamed it on my dad, and hasn't been ill my whole life or her whole life, her illness first came around when I was 13, so almost 4 years ago.

I'm extremely depressed and have been for years, due to constant neglect to my feelings. My mum and I have never had a good relationship, and it's clear she favourites my brother.

There's much more but it's a lot, I really really just needed to get it out, because I have no one to go to.",1,1,1753992094.0,mentalhealth,user_3818,False,True,2025-08-01T10:00:20.091548
1mebqbu,Maybe life is better with drugs?,"First time on here and I wonder if me being sober really is a good thing? 

Sometimes I wonder if the bottle is more supportive than my own people(black community)

Sometimes I wonder if the last sip is just me taking a breath from the top of the whiskey barrel. 

Sometimes I wonder what life would have been like if I never stuck my lips on the glass. 

Sometimes wonder if Jack Danials are two people… 

sometimes I wonder if I wander far enough I can see the liquor store 

Sometimes I wonder as a man should I keep my feelings within the taste of the finest wine 
Never to be heard only swallowed(PAUSE)

Sometimes I wonder if I’m just a container of emptiness 

Sometimes I wonder if I should just pull the trigger take one last shot 

This has been the within 

Thank you for your time…",1,3,1753991881.0,mentalhealth,user_3819,False,True,2025-08-01T10:00:20.091548
1me5oz9,Getting through Trauma?,"After I told my therapist everything I’ve been though I ask how do I stopping think about my past and start to feel better. She said I have to replace it with that time with something else. Kinda feels like I’ll never live a normal life. 

Does anyone else relate or have suggestions on how to get through pasted trauma? ",2,1,1753978114.0,mentalhealth,user_3820,False,True,2025-08-01T10:00:20.091548
1mebkzf,I want to die. No one wants or needs me.,"my head is filled with nothing but bad shit. I hate myself. I am convinced everyone else hates me as well. I keep fucking up. I have nothing good to offer anyone and I feel as though I haven't for a long time. I try to talk to me girlfriend about it but she doesn't relate and doesnt seem to give a fuck anymore. can't say I blame her. I used be worth something, now I just fail and fail and fail. I keep fantasizing about blowing a hole in my head with a magnum. No one knows or understands how fucking miserable I am inside my head. No one needs me. No one likes me. My own girlfriend acts like I don't exist lately. This hurts most of all. I want to just walk somewhere distant and shoot myself in the head, never to be found
",1,1,1753991535.0,mentalhealth,user_3821,False,True,2025-08-01T10:00:20.091548
1me5ivq,Hi could someone try to tell me if its normal or no?,"So recently I felt hatred,thought it was normal. But over days I started being more and more hatefull to the point i tell people to literally hurt themselfs in games. I feel hate like all time but cant get rid of the feeling. I realised its weird when some ppl in a game pointed it out. Is it normal?  Even when i tell ppl to like hurt themself,i dont feel bad.",2,7,1753977738.0,mentalhealth,user_3822,False,True,2025-08-01T10:00:20.091548
1mebf0x,I've missed every key moment of my life,"I'm a 20 year old female, and I just want to know if any other covid teenagers feel the same way I do. Covid started in my 9th grade year, right when I was about to get moved into the highest band at the high school, something I had worked so hard for and was SO excited for. I had an awesome, funny best friend, a boyfriend that perfectly checked off all of my ""best boyfriend criteria"" boxes, and I knew how to live and to talk and to connect and have fun, and my life seemed perfect. Next thing you know, COVID comes around. I thought it would be so much fun to stay at home, sleep in, not have to get ready everyday morning... but fast forward 5 years later. I never went to prom. I never had another boyfriend. I lost all my friends. I lost my best friend. I stopped playing my instrument. I don't know how to talk to people, I can barely make eye contact, and I work in customer service as a person who can barely connect with her few remaining friends, let alone strangers. I am still not over my boyfriend after five years and I mourn for the experiences and relationships I lost. I can't see a future for myself, as I know I will never have a family, I don't have what it takes to get a good paying job, and I'm too insecure to pursue romantic and platonic relationships. I'm on Zoloft but I don't think that the problems I have can be fixed by medication or therapy. I am broken and unfixable. I'm truly finished. ",1,2,1753991149.0,mentalhealth,user_3823,False,True,2025-08-01T10:00:20.091548
1mdzshp,Vacation anxiety,"Hello everyone, I am leaving tomorrow for vacations with my friends. I am 20yrs old and I live with my parents because I am in university. I have extreme anxiety about leaving them alone. They aren’t super old nor they can’t take care of themselves, but I feel like they need me to be here. Any advice about how I can overcome this feeling?

Thank you in advance!",4,3,1753963699.0,mentalhealth,user_3824,False,True,2025-08-01T10:00:20.091548
1meb7rr,How to deal with psychosomatic anxiety symthoms?,My symthom is constant nausea. All day every day. For 8 months straight. I am going to therapy for around two months now and am drinking antidepressants (cipralex) but I just feel stuck.,1,0,1753990677.0,mentalhealth,user_3825,False,True,2025-08-01T10:00:20.091548
1meb71z,How to deal with confusion,"I’ve just had a lot of stress for the past few months and recently I’ve just felt really confused, if you experience this how do you cope with it or fix it, idk it sucks ",1,3,1753990631.0,mentalhealth,user_3316,False,True,2025-08-01T10:00:20.091548
1meb6gb,I don't know what to do anymore,"I don't want to live anymore...   
  
I recently lost my dog, who was my closest and most important relationship for the past eight years. I got him when I was 15, and he died when I was 24. He was a constant presence in my life throughout my teenage years and into adulthood. We went through everything together. He was the most stable part of my life, and the only being I’ve ever had a genuine emotional attachment to. Now that he’s gone, I’m left with nothing.

I have no contact with my mother. She has never been a safe or stable parent. Throughout my life, she has manipulated, neglected, and sidelined me. She says she loves me, but her actions have never reflected that. She always puts everyone else before me and plays the victim in every situation. I’ve never felt accepted or prioritized by her.

My father is an alcoholic. He has always prioritized drinking beer at the bar or with neighbors over spending time with me. He’s never been supportive and has consistently belittled and criticized me throughout my upbringing. Everything I’ve done has been labeled stupid or pointless. He’s made me feel small, dumb, and insignificant.

I don’t have any close relationships. I’m never anyone’s first choice. People don’t reach out to me on their own—I always have to be the one to initiate contact. If I don’t, I don’t hear from anyone. When people do agree to see me, it often feels like it’s out of politeness or obligation, not genuine interest. I don’t have a group of friends or a social circle to share everyday life with.

I don’t have a formal education or a stable job. I only work part-time in various stores—typical student jobs—and I don’t know what I want in life. I have no financial security, and I can’t afford to buy the things I need, go places, or participate in activities. Even if I could afford it, I wouldn’t have anyone to do those things with.

I don’t feel like I’m good at anything. I have no talents or skills that stand out, and I feel completely directionless. I rarely experience joy and often feel numb or indifferent. I’ve struggled with depression for many years, and I’ve never felt like I’ve had a clear place in life.

I suspect that I might be autistic, although I’ve never been assessed. I’ve always felt different and like I didn’t fit in. Social rules and cues are difficult for me to understand, and I’ve always struggled to make and keep friends. I rarely feel emotions like love or a deep connection to other people. I can enjoy spending time with others, but I don’t usually feel emotionally invested. My dog was the exception.

Everything feels so hopeless. I don't want to live anymore and I don't know what to do...",1,0,1753990593.0,mentalhealth,user_3826,False,True,2025-08-01T10:00:20.091548
1me1sly,symptoms..?,what are the worst symptoms you get from your mental illness? i’d say mine has to be the shakes or dry heaves.,3,2,1753969023.0,mentalhealth,user_1062,False,True,2025-08-01T10:00:20.091548
1me4wkv,Prozac Journeys?,"For the record and to adhere to the subreddit's rules, I am taking my medication as prescribed by my psychiatrist, and any side effects brought up here will be discussed when I meet with her. Also if you think I should change the flair on this lmk (I'm not well versed in reddit).

That said, I wanted to know if anyone on here who is/has taken Prozac has had similar side effects, I suppose to know I'm not alone in this. For context I've started taking Prozac for anxiety/depression treatment and recently, I've been waking up at 2am unable to fall back asleep until 5 or 6am. Last night this included dehydration/dry mouth, dizziness (likely due to dehydration), and feeling wired (racing heart, tense muscles). There's also been some minor twitching in my right eye, but not enough to be painful or noticeable by others.

This is my first time ever being on medications for mental health purposes, so as you might guess, this has been freaking me out a little. I'd appreciate it if anyone here could share their experiences on Prozac or any other medication really, and maybe put my fears to rest that this is all part of some greater problem I have.

Thank you.",2,1,1753976341.0,mentalhealth,user_3827,False,True,2025-08-01T10:00:20.091548
1me4waj,Need help urgently,I need someone to talk to asap please preferably from India it’s urgent I can’t handle ,2,1,1753976321.0,mentalhealth,user_3828,False,True,2025-08-01T10:00:20.091548
1meaujo,I’m losing my mind my space just isn’t right,"On days where I’m overstimulated I feel like these spaces in my space just aren’t enough I feel I’m not crazy I feel scared so the walls are thin but I’m also suffering from ocd pgad social anxiety, and just depression what do I do? I hate people and I hate disturbing my neighbors ",1,1,1753989828.0,mentalhealth,user_3829,False,True,2025-08-01T10:00:20.091548
1meatz0,I have anxiety about anxiety medications! What do I do!?,"I literally have such extreme anxiety that I sometimes get teeth chattering. More often than not I have shaking, sometimes full body violent shaking. It can be something somewhat stressful, like travel, but not always. I was talking to my NP about something entirely different and she picked up on it. She offered a twice a day anxiety medication, but I'm scared of taking new meds before a trip I am going on. The irony is taking medication for anxiety is making me anxious. I don't know what to do. Do I avoid taking it and have to deal with the other anxieties, or do I hope that it works and freak out in advance?

PS: Normally I was just taking PRN lorazepam for anxiety and this would be a switch to a daily med.",1,6,1753989790.0,mentalhealth,user_3830,False,True,2025-08-01T10:00:20.091548
1me1hni,I don't know what's wrong and it's frustrating,"Starting to think about it-- 
I might actually have something wrong with me. Right now I'm 20, but for a good long while now there's days I forget the year, or my age. I forget my address, or parts of it atleast, and my name (I'd say thats because I'm trans and changed my name but idk, I forget both my deadname and my chosen name, I usually gotta turn to someone with me and go ""wait-- whats my name?"" And then I remember. But sometimes I almost say a different name.) There's memory gaps everywhere.
I have intense intrusive thoughts and images, and have been on medication before for the health anxiety that came with them (only for a month because they didn't communicate it takes a while to have noticeable effect so I went off it). 
There's days I remember my childhood, but only the decent bits. But then there's days I remember awful moments, the constant trauma, or I don't remember ANYTHING. But because we have good memories, we gaslight ourselves into thinking we are fine.
I feel like I remember things but can't tell if they're false memories or memories that have been twisted to seem more logical/less traumatic, so I don't even know whats real.
We feel constant guilt over nothing at all, or we're overly guilty about something that isnt out fault (that may be the undiagnosed autism)
Our friends have said we seem like different people. Very noticeable differences - typing styles, speech patterns, even accent changes for one.
We suspect we're a system but also like-- we cant be. We don't have trauma. We do. But it wasn't THAT bad.
There's times I can't get out of bed/leave the house because I can't bring myself to do anything. I lose HOURS of my day and when I'm asked what I did I can't remember. I can't remember if I ate or drank anything (I always forget to do that as it is).

We are undiagnosed. On paper, in the systems, there's nothing. There's a bit of history with anxiety and we were referred to Camhs multiple times as a kid (but only got seen ONCE at 14, and they never contacted us again, and then they closed our case at 17 because it wouldve taken too long to see us. But because we were 17 we couldnt go to adult services because we weren't an adult. So we spent a year in limbo.) but other than that, we're fine. We are trying to get tested for adhd and autism too (stuck on private waiting lists, nhs was taking too long). I'm starting to think there's more there but I don't know if its a cocktail mix of neurodivergence with anxiety or depression, or something like bpd, ocd, schizophrenia, osdd, or something else. It's fucking difficult trying to figure it out myself when I have NOTHING to base certain things on in my behaviour. I can't say 'this is probably that because I have that' because I dont know what I have/if I have anything at all.

We contacted our gp, and they did a very fast referral to nhs mental health services because he thought it sounded like some sort of dissociative disorder (i cant remember much of what we said to him) and we had an assessment and its been like a month and we're still waiting for the letter back saying what they think/next steps.

Tldr : I dunno whats wrong with me because I'm not diagnosed with anything at all, and I'm stuck on waiting lists for a variety of things with no help.",3,3,1753968277.0,mentalhealth,user_3831,False,True,2025-08-01T10:00:20.091548
1measnl,i feel genuinely depressed and i don’t know what to do,"i’m 15m just wanting to get through high school and never see anyone there again. Unfortunately, my decision making freshman year has made this hard for me, I got suspended 3 times. The worst part is I know it’s my own fault and I’m going in to my sophomore year and I just don’t think I can mentally recover from last year and my mental health is just down the drain, and I feel like I won’t ever have good mental health again. I don’t know whet to do anymore, and the worst part is that it’s nobody’s fault but mine. ",1,0,1753989708.0,mentalhealth,user_3832,False,True,2025-08-01T10:00:20.091548
1me4ojd,Help for 8 year old with BPD father,"Recently left my husband (adhd/bdp/npd) due to emotional/ verbal abuse towards me, it took so long for me to see the reality of our environment because of my deep love for him. My daughter (dx adhd/anxiety) has lived through years of confusion and constant conflict. I have so much guilt of the trauma she experienced living with a jekyll/Hyde, the eggshells, the anxiety, watching her most loved man berating and snapping at her mother (and sometimes her) at any given time. She started having severe anxiety attacks and responses when he would even talk to me or her, which he didn't see, and so I took her and her baby sister out of the situation, and that space broke the veil for me to realize how toxic the environment was and how no matter how much love and emotional support I gave her I was putting his mental health issues above her emotional safety. I never put her first, always trying to peace keep, putting so much into emotionally regulating a grown man while she was left waiting for mummy to come play with her. In mine and her talking after we left, she finally felt safe enough to tell me her truths (after a lot of validating, apologizing, and reassurance from me) that she not only didn't trust him, but she didn't trust me because of how I handled interference between the two of them. I realized it was easier to reason with her than with him, so I had pushed her emotion away to protect her from his escalation. I remember telling her ""just say okay"" when he was being unreasonable, ""daddy just"" this and that, ""what hes trying to say is"", ""daddy didn't mean that"", ""oh you know how he talks"" after he went too far. I would step in when he said something really messed up, called her a name, swore at her; was being verbally abusive, and he would direct his rage towards me tenfold. She would run away covering her ears as he would start yelling at me instead ""HOW DARE YOU"" such. He would attempt to connect with her by offering to ""teach"" her things she was not interested in and if she didn't want to she would get ""I tried! I tried to spend time with you, guess I wont try!"", if she went along out of curiosity or just to placate him and god forbid couldn't sit still (adhd) or focus, or APPEAR to be completely invested she would get berated, lectured, and eventually kicked out of the room. We always offered to have him play with us things she liked to do, mostly we were told no, but if he did play it became tense because anything could set him off at me if I said something wrong, or if he got annoyed with either of us or suspected we didn't tell him the rules correctly on purpose to make him lose (we always told him the rules correctly, he didn't have patience to listen to them). All that being said he is also the funniest person you've ever met, can be incredibly fun, talented, smart, loves very deeply and when hes happy with you he makes you feel like a goddess among mortals. That is part of the nature of bpd though, right? I was lost trying to keep THAT guy around and our family together and happy, but I was foolish and stupid and blind. The point of posting this was: he is refusing to sign her papers for her to do therapy, which I KNOW she needs! Shes lived through an emotional and psychological minefield. What can I do to help her in the meantime? How can I help her heal from this, and help her create healthy boundaries? Any professional or lived advice is much appreciated ",2,2,1753975826.0,mentalhealth,user_3833,False,True,2025-08-01T10:00:20.091548
1me111a,How can i ask my mom for help?,"As I get older I become more aware that what I’m experiencing isn’t normal, i made a whole list of things that have affected me for years but i dont know how to tell my mom, i want to get help for it but im scared of what she’ll think. I am still a teenager and im scared. Everytime I look into what I’m experiencing, it aligns with bpd, and i just wanna clear out anything thats going on in my head because i really really really do not want anything bad or any crazy disorders",3,3,1753967080.0,mentalhealth,user_3834,False,True,2025-08-01T10:00:20.091548
1mea1uy,"No matter how much ‘good’ I have in my life, my brain is telling me I don’t deserve it.","I am a 24f, I have the most amazing family (2 beautiful sons, and the most loving husband) but for some reason, I cannot stop thinking about suicide. And I cannot figure out what is wrong with me.
For all I know, I’ve been depressed since 6th grade. Those thoughts began at that time and no one really took it seriously. I didn’t even take them seriously, and here we are. 
My boys are 4yo and the other is 15months old. I experienced extreme postpartum depression with my oldest, but experienced perinatal depression with my youngest… once I had my second son, I noticed my thoughts in general were a lot better.
Once my 15mo turned one (back in May) I noticed a huge difference in how I was doing. I went from doing so well (even handling the loss of a business and some friends), to now, I look around and I’m so beyond happy with the life I have created, but I don’t feel like I deserve it. 
I find my mind wondering- I tell myself things like “the boys could have a better mother” or “my husband deserves a better wife” -to even mentally taking note of who would be a good fit for these thoughts, if I ever decide to take action. 
I cry so much while home- I hide from my kids so they don’t see mom crying for no reason. I do cry in front of my kids to teach them that emotions are okay and valid, but this type of crying is something I just cannot show them. 
There is a darkness inside of me and I’m tired of shielding. I’m tired of telling my dearest husband. I feel like this dark cloud everywhere I go- while simultaneously loving the life I have created. 
I am not sure why I posted. I really think I just needed a place to come clean and rant. I feel beyond dumb for feeling this way. I mean, if life is so beautiful all around you, how could you ever want to leave it?! 

If anyone has any advice on how to push a thought along if it comes, I would so appreciate it. My family would appreciate it. I know my babies need me here, I know my husband loves me. But I love them all so much, I want the absolute best for them. Sadly, I just don’t think I fit that. 
Sorry for whining. If you read this far, thank you. I don’t have a lot of people who will hear me like I hear them. 

I don’t wish this on my worst enemy. I’m afraid I’m too a point that if I am home alone.. well. Yeah. You get where I’m going:(
",1,0,1753988015.0,mentalhealth,user_3835,False,True,2025-08-01T10:00:20.091548
1me4264,Is this normal or am I a creep?,"Lemme take you back to last week. I’m 13M. It’s monday. The first day of summer camp. I see this girl and she’s my age, beautiful, and she seems nice. She lives pretty far away from me so I only have 1 week to talk to her. She starts to bleed into my brain. By Wednesday, I’m completely obsessed. I started to shut down. I lost focus. All I could think about was her. On Friday, I finally told her how I feel. She asked why I told her after only knowing her for 5 days, and I said that I had a small window. I finally asked if she wanted to keep talking and if I could give her my number, but she didn’t have a phone. Now, I’m home. I haven’t talked to her since that Friday, and I still think about her constantly. It’s not even like we fell in love or anything. I was in love, but I didn’t have time to see if she felt the same way. Are yall going thru anything like this? Is this normal? Am I a creep?",2,6,1753974401.0,mentalhealth,user_3719,False,True,2025-08-01T10:00:20.091548
1me9nmt,Fear of self sabotaging my progess,"I've been doing therapy for the last 6 years, and during the last 5 months I've had a new therapist who is the best fit for me and I've made the most progress. 

I have finally figured out why I am the way I am, what caused my many insecurities and wrong ways of thinking etc. and I'm finally starting to change, I'm becoming more outspoken and less of a people pleaser. I feel like I can finally let my true self show without caring about others' opinions.
Instead of feeling joy however, I feel fear. I have this irrational fear that just by thinking about my past self, I will somehow turn back to her. For example even of I listen to a song I listened to years ago, I suddenly have this dread of reverting back to the person I was then. 

When I try to think logically about it and tell myself that it's not possible to go backwards, I feel even worse because it makes me feel like I will self sabotage and screw it up for myself, which is going to make me feel miserable in the future. I'm short, I'm afraid of myself and my potention self sabotage of all the progress I've made.

Has anybody else gone through something similar? What helped you get over it?",1,4,1753987110.0,mentalhealth,user_3836,False,True,2025-08-01T10:00:20.091548
1me9fel,What is even the point of life.,I just wish I sleep tonight and not wake up again to see another sunshine tommorow. ,1,1,1753986585.0,mentalhealth,user_3837,False,True,2025-08-01T10:00:20.091548
1me9cs2,WHAT'S THE DEAL WITH  CELEBRITIES LIKE WENDY WILLIAMS BEING ROBBED THROUGH GUARDIANSHIPS?,"Thanks to the tips from Wendy Williams' TRUTH LINE, this video was obtained. This video directly contradicts the sworn testimony given by the two individuals who visited her home and appear in this video. This was all part of the process to capture Wendy Williams in her current state of guardianship. She is an icon, but a human first. This cannot continue; it is unjust and illegal. Free Wendy and let her make her decisions regarding her finances and her family. Why is this type of travesty allowed, and could it happen to you and your money? SEE HER INSTAGRAM  THEREALWENDYWILLAMSONLINE",0,3,1753986416.0,mentalhealth,user_3838,False,True,2025-08-01T10:00:20.091548
1me9byc,Is it possible to get permanent brain fog even after recovering from depression?,"I (18F) suffered from depression for roughly 2 years from 12 to 14, so in very formative years of development. It was never formally diagnosed I admit, but… it was obvious, that’s all I’m going to say for now. Somehow I managed to pull through and I‘ve recovered. 

My memory is hazy now. I struggle with telling left from right, I easily get confused, I often can’t recall names even when I‘ve known them for years (it takes like 10 seconds, sometimes I don’t remember for hours) , I memorize things slower than others, I heavily struggle with languages (especially my mother tongue). 

I read regularly and often, I study a lot, I meditate and journal. It’s alleviated the problem, but not solving it. 

That sounds very negative, but I‘m doing well all things considered, but I KNOW I could do all those things without problems as a child. I can still clearly recall the names of multiple classmates I had back then even tho that’s like 10 years back now, I can recall little things I did back then, I could easily tell left from right. 

Is it possible that depression permanently altered my brain? Is it possible to reverse it? ",1,0,1753986362.0,mentalhealth,user_3839,False,True,2025-08-01T10:00:20.091548
1me9a6i,stuck in a loop and unmotivated,"Hey everyone,
I’ve been stuck in a cycle this summer and I’m feel really drained. While others are out enjoying the season, I’m home, doing nothing. I ignore invites from friends, even though deep down I want to go out. I just… can’t.

The days follow the same path, every time: wake up late, phone, eat, phone, repeat until 4–5 a.m., then sleep.
Even things I used to enjoy, like gaming, don’t feel fun anymore.

I’ve struggled with OCD for years. It’s like a rollercoaster — sometimes it’s manageable, sometimes it completely takes over. Right now, it’s completely taking over. The rituals are constant — 24/7 — and sometimes it takes me 20 minutes just to “complete” one, repeating the same action over and over until I’m satisfied… and then, another one comes after 5 seconds. 
And trust me, it’s absolutely ridiculous because the things I do during these rituals are so silly I can’t even explain them.
I just want to say that these rituals are destroying my mind like never before. The only thing keeping my mind “active” are these obsessive thoughts and rituals that never stop.

I’ve had dark thoughts again lately. I’m not planning anything — my faith in God keeps me grounded — but it scares me that they’re back at all.

This kind of thing happens to me every summer, but this time it’s worse. I don’t know if it’s just my OCD or if I’m also dealing with depression.
Have any of you been through this?
Did therapy help you find motivation again?

Thanks to anyone who reads or replies. I really appreciate it.",1,4,1753986247.0,mentalhealth,user_1432,False,True,2025-08-01T10:00:20.091548
1me38t7,I lost my mother and my father has turned on me.,"
My mother recently passed away. I was her caretaker and I am still having trouble dealing with her loss. I was given life estate on her property. My brother is the executer of her estate and has been trying to get it settled, but that will take time. So far my brother and I have been paying the bills and everything was working fine except no water bills for a few months(but plenty of water) I call the water department to find out what is going on and they said since my mother was gone that they were going to shut off the water and they couldn't tell me anything else. I called 3 different times and got three different answers. I went down there with my mother's death certificate and my copy of the deed stating I life estate. I think I convinced them to keep the water on. Now here is the problem, my brother lives out of state but my father lives in town with a decent sized house. I asked could I have a place to stay if I needed it and he said no. My unmarried stepsister and her two children born out of wedlock are staying there and ""there is no room"". Yes thee is, they have a den and a storeroom I could sleep in, it seems very much that he ( and my stepmother since I talked to her too ) don't want me there and are playing favorites not to mention punching down on me because I have a severe mental illness based on brain chemistry. I feel like I lost my father and I am trying not to be angry and resentful to the woman he married and her daughter. What do I do?

I forgot to mention I am in the middle of a heatwave without central air, only one window unit for the house, he knows this",2,1,1753972500.0,mentalhealth,user_3840,False,True,2025-08-01T10:00:20.091548
1me95j6,I FEEL ALONE AND I FEEL LIKE AN ALIEN,"Hi,its my first time on this sub.eng isn't my native Language so there might be errors

Since 2 months I have been recognizing my needs and understanding that ppl around me might not feel at the intensity at whivh I do. I think I might be HSP. I have been invalidating my differences from very long time even tho I never felt like I belonged

I am a very very existential person and I am just dissapointed and I am grieving almost all the time of how ppl are forced to be On earth, to be in these capitalists society and no matter what we do, its not gonna go

I cry and I mean I genuinely have breakdowns thinking of how subjects like arts and mediation are so looked down upon (meditation isn't looked down upon but it's not encouraged its not taught as if its secondary or life is livable without it) eveytime I do my job or things (normal business education and job) I have to, to just survive. I am filled with this dread of how every human being is just a slave. Mindless creatures and those who dare to question are labeled as ""misfits"" or ""rebellious"". Even the rich are slaves cuz of how much unaware they are.

I am often laughed at (by fam, I don't have the guts to talk about it with intensity in public)

The views ghat I wrote above are not even 10% of what I have to say and I can't stress enough, how alone and misunderstood I feel. My mother often says in fights that nobody would wanna live with me (honestly it doesn't hurt that much cuz I have known this truth my entire life and I feel very lonely). We have had serious fights about religion where I questioned what she believed and even tho she didn't have answers it was very emotional and idk how a mother can say such things she said to me.

I am about 20, and when u go ur whole life not having a freind. U think it's either that u are weird or not appealing enough for ppl to put that much effort. When ur fam also turns against u and don't understand u (my struggles are often belittled and they call me ""not obeying"",""selfish"" etc)

I am not a suicidal person but when ppl say heaven or hell. I think we are already in hell. I wish I never came on earth.feels like a prison

If I start to speak my mind, my freinds don't know what I am talking about, my fam doesn't know what I am talking about. I have no one who would just say ""I understand"" and mean it",1,2,1753985946.0,mentalhealth,user_3841,False,True,2025-08-01T10:00:20.091548
1me8n66,I finally opened up my problem,"I was finally able to ask my grandma to take me to a therapist because I feel like I have OCD. But she said it will pass once school starts again, she said I can fight this. But I told her that I can't fight it and I've been like this for a month. She's probably worried about the financials. School just started again and two of her grandchildren(including me) is on college so I understand that money for my therapy would be a problem right now.

I can't stop my intrusive thoughts and I'm making it worse by overthinking and overthinking again and again until I feel okay again, until I feel the intrusive thoughts aren't mine. But I'm just making it worse now I'm stuck in this and I'm just waiting for it to fade away. It's like a torture, I just want to be normal again like other people. I don't want to overthink a lot of things I just want to live normally. I can't take it anymore I'm making it worse. ",1,0,1753984785.0,mentalhealth,user_3842,False,True,2025-08-01T10:00:20.091548
1me2n49,People would hate me.,"I did something so terrible when I was 16 that would cause people to hate me, how do I stop hating myself?",2,13,1753971056.0,mentalhealth,user_1268,False,True,2025-08-01T10:00:20.091548
1me8fit,About alcohol..,"I'm not sure what to do, im in a pretty high stress situation since a few month and it escalted to like 3l of beer, now i cut it to 1,5l and then to 1l. But no matter how long i wait, i just feel ""best"" drinking basically 3 beers as soon as I got things done for the day. Like the problem is my mind doesnt shut off, my girlfriend also said im sometimes terrible because i overthink everything and I really cant make it stop I tried EVERYTHING. I literally drink beer to silence my stress/anxiety. I know I didnt before the current situation, but the current situation decides about how my life will look like probably for the next 10 years and its so many different things to handle that often have nothing to do with me and that uncertainty about these things literally drives me nuts if i dont drink enough to shut my brain down after work. Like i tried sports, meditation, baths, walks, cycling, all... but in the end what happens is e.g. i watch a movie, i'm so in my head without alcohol at the end of the day that i dont even realize whats happening in the movie literally so i stop it often after 30m

I would say ofc im depended on beer (not much anymore but i notice a day without it), but i dont drink anything else, never. and also not more, like i hate hangovers more than anything so i know when to stop. And i dont want an ""yes drink your beer"" as i know thats how it sounds, but maybe someone has a tip. (i cant smoke weed it makes everything worse)

honestly i dont want to say details of my situation but i dont know how anyone would stay sane, especially since it will last until next year",1,0,1753984294.0,mentalhealth,user_3843,False,True,2025-08-01T10:00:20.091548
1mdwn9p,I’m pretty sure I have manic depression and it’s exhausting,"My mental health is insane. I will become extremely excited and energetic about something like work, or a project, or a girl. 

And then when I try to relax my brain doesn’t know how to relax. It feels like when I’m excited about something, I’m going 120 mph. But then when it is time to relax and calm down, the engine is still running but the car is just in neutral ",5,2,1753952809.0,mentalhealth,user_3844,False,True,2025-08-01T10:00:20.091548
1me8eqi,Constant crippling anxiety about people thinking I’m older than I am,When I was 22 I dated a 27 year old woman for four years. Every year on her birthday she made an instagram and Facebook post mentioning her age. She posted a picture of me with my age on my 23rd birthday but the following year on my birthday she posted a birthday post about me but didn’t mention my age. She posted a picture of me on my 26th birthday with my age mentioned but the same day she earnestly asked me how it felt to be old now. She wouldn’t drop it. She kept saying 26 was old now. This makes me think she resented me for being younger than her and took measures to hide my age to our peers. Now I’m freaking out about people thinking I was 29 when I was only 24. I should mention it was a toxic relationship on her end but is it safe to assume everyone who knew her assumed I was as old as her? Also is 22 to 27 too big an age gap?,0,1,1753984245.0,mentalhealth,user_3845,False,True,2025-08-01T10:00:20.091548
1me89dc,Is it normal to feel angry and exhausted when I’ve had to grow up too fast?,"I’m 19 and I’ve been working since I was 14. My parents have never helped me financially. I pay part of the rent, I pay for my own college, and I’ve basically had to handle everything on my own.

Now my mom says she doesn’t want to work anymore because her hands hurt, and I might have to take on a second job or even move out and figure things out completely by myself.

On top of all that, I struggle with binge eating disorder, and everything just feels like too much sometimes.

What really gets to me is hearing friends complain about things like their college being “too expensive” — when it’s their parents who are paying. Or how they wouldn’t go to community college because it’s “not as good,” while I’m the one in community college working nonstop just to afford it.

I feel angry, bitter, tired, and sometimes guilty for even feeling this way. But I also feel like I’ve been forced to be an adult way too early.

Has anyone else felt like this? Is it normal? I just needed to let it out.",1,0,1753983908.0,mentalhealth,user_3846,False,True,2025-08-01T10:00:20.091548
1mdzbju,I'm very exhausted with life,"I finally told my landlady I'm moving out this September. I honestly don't want to leave and go back home. I have no one. Im an only child and both of my parents are already dead. I haven't pack yet. I have two work trips in August, but I need to ready some of my stuff because the dogs will be picked up last week of August. I honestly don't know if I have enough strength. I figured I'm going to die, might as well die in my hometown. I just need to put the dogs somewhere safe. They're the reason I'm still here and alive. I don't want to leave them. I honestly don't know what would happened to me if isn't for the dogs. They kept me alive all these three years. I hope I still have some strength left in me.",3,2,1753962299.0,mentalhealth,user_0783,False,True,2025-08-01T10:00:20.091548
1mdzaxy,I can't stop hating myself and just wanting to give up.,"My gf broke up with me after 2 years because of my mistakes. its been a month which isn't a long time I know, but I'm just spending every waking hour of every day blaming myself for losing someone who I honestly thought I spend my life with. I can't help but feel that I'm literally not good enough in any aspect, and I feel insecure about every little thing. Even though things like my appearance wasn't the reason we broke up, I'm still hyper fixated on it thinking that there is something wrong with me. I hate every single part of me and I don't feel like I can be me anymore. I just feel like I'm worthless and that I'm better of just not being here. Not a single person in my family, or friend groups has even made the effort to talk to me or even check up on me, so I'm just bottling up all these feelings with no one to even talk to about it. I have had troubles with mental health issues previously but now is the only time in my life that I've felt like its just not worth going on. I'm in the best physical shape of my life, I feel like I look the best I ever have, and I still don't feel like its enough. That's my main problem. I don't think that anything will be enough for me anymore.",3,1,1753962244.0,mentalhealth,user_3847,False,True,2025-08-01T10:00:20.091548
1me84yy,Self hatred," -Any comment or dm would be appreciated, either advice or any words would help me immensely.
——————————
I’m a 21yr old male (Ik pathetic) and I’ve been dealing with self hatred since I was a child.

I at first made a post about my life, but instantly discarded it cuz I didn’t want to bother anyone who’d felt like helping with having to read a giant text wall, not that anyone is required to reply of course.

I’ve really been..struggling mentally and it’s been hard for me as of late to steer myself straight. I’ve found myself constantly ignoring my self needs and focused on helping everyone else, no matter how tired or exhausted I am. I have this strong need of pleasing everyone I come across, I don’t know why, I couldn’t care less about myself.

Personally I’ve cut myself out from all my friends and people I was close to, the thought of others seeing my pathetic self disgusted me, and I didn’t want to bother anyone else. They have their own lives to worry about, and who am I to bother and complain to them.

For the same reason I’ve never gotten into a relationship, knowing I’d be a burden to whomever I was with and that I couldn’t meet their expectations and standards along with repaying them for their love, I can’t do that to anyone. Plus, my looks, my voice, my personality, I hate it all. No one deserves to deal with someone like me.

It’s terribly disgusting, and I understand if it puts anyone off. I’ve also strictly been watching female domination like content whenever I felt the urge, and I’m deeply disgusted and ashamed of it. This has also been going on since I was young, and only adds to how much of a loser I am.
Another thing I’ve also had since childhood was my severe eating disorder, where I would only eat 1-2 times a day, being content that I even got to eat. Over time my body had just gotten used to it and it severely stunted my growth, knowing I could’ve been taller from 5’7 just adds on to the pile of self loathing.

My self hatred has gotten to a point where I strongly considered suicide by hanging, but didn’t have the time to be alone to do it ( I live with family), and also got too scared of going through with it like a wuss. I’ve always had been thinking about committing suicide, but never actually tried to go through with it until last week. The fact that there are others going through way worse and still pushing through while I’m too weak to even hang a rope is just pathetic on its own. God I hate myself so much.

I never told anyone this problem, and I’m not sure why I’m posting it randomly on here, probably for self attention or something stupid like that, idk really.

Again, I’m sorry if it seems like too much and I understand if it seems not worth your time to interact with this pathetic post. 
But again, any comment or dm would be appreciated, either advice or any words would help me immensely. Thanks and sorry for being a bother

",1,0,1753983627.0,mentalhealth,user_3848,False,True,2025-08-01T10:00:20.091548
1me7u0k,My psychiatrist made me take 6 electroconvulsive therapy sessions and it's backfiring hard,"Hi, I keep changing my psychiatrist and therapists either right away because they were weird or after two months or four because they eventually piss me off, anyways I attempted sc four times, I s.h regularly sometimes daily more than once, I have been on all kinds of antidepressants and none worked unsurprisingly 
I was diagnosed with bpd and chronical depression and other stuff I'm not interested in knowing much, and given my history the latest 3 psychiatrists suggested the electroconvulsive therapy, did I want to do it? Absolutely not but my parents insisted that I take my chances (I'm 23f) 
I was the most chill person ever, nothing and I mean NOTHING could piss me off I just completely ignored it, now after the six sessions I'm in such a terrible mental state I genuinely think I might commit murder from how mad and aggressive I get,  this stays for long time and I'm losing my mind, I always drew the line when it came to hurting other people but now? Oh hell no I will hurt someone pretty bad soon, and I told that therapist bitch about the anger and all she could say is ""hmm but let's talk about how to make you feel less depressed"" I was so close to throwing my phone at her stupid face but I held down, is this fucking normal? Because if it is and fixing it is taking more fucking electrotherapy session I'll gladly walk into the rails of the nearest subway soon",1,1,1753982962.0,mentalhealth,user_3849,True,True,2025-08-01T10:00:20.091548
1me1v6n,i've somehow become incapable of opening up,"the past few weeks have been extremely shitty for me cause i realized i'm transfem and for some reason that has made me really sensitive and short tempered. i'm not even sure what set me off in the first place, i think it was getting ghosted by a ""good friend"", followed by seeing a bunch of transphobes/trolls online and not having anyone to vent to. venting on text or especially a public forum isn't nearly the same as venting to someone you know through voice, irl, or vr.

so now i have the problem that various negative emotions are building up and i have no where to vent. i've been trying to find other people, especially trans people, to relate with, learn about their perspectives and experiences, build genuine friendships. and i would often find someone to talk to for like an hour, sometimes more, and then we'd both end up too awkward or shy or whatever to talk to each other again, since this all usually occurs in vrchat where talking to someone means joining them in their lobby, and more often than not, players are in private lobbies. me personally, i just dont wanna interrupt anything. i generally seem to have started overthinking accidentally being rude, but i just can't help it.

and with me not having anywhere to vent the emotions, i started to randomly crack and vent involuntarily upon the tiniest trigger, or get so emotionally overwhelmed by transphobes i'd just go somewhere quiet and sit in silence for like 20 mins just contemplating random stuff, like trying to calm down, whether i should go back and pretend everything is fine, etc.

now, today i finally got a chance to vent. me and someone i met on vrchat 2 or 3 days ago planned when we first met to once again to talk, vent whatever. so i was obviously a bit excited to finally get rid of a ton of mental pressure.

and it took em 40 mins to join. in that time, me already being emotionally fucked and having been ghosted before, i simply assumed they were ghosting me so i avoided messaging them. then they did join but suddenly leave again, and i checked their profile and they were in a private instance, so i assumed they really did ghost me, without even asking them. i waited a bit longer but i just kept getting more stressed abt it so i closed the game, punched my chair so hard my hand hurt for like 15 mins, and went on to doomscroll.

then i got a discord notif from them asking why i went offline, and i was obviously pissed. they explained themselves and yada yada, we chill and i hopped on vrchat again, they actually managed to join, and we talked.

however, problem. i still have all that emotional pressure(and they added a lot of pressure to it by accidentally scaring the ever living shit outta me), yet i couldn't bring myself to vent. they literally said like 10 times that it's fine for me to vent, and they're here for me. but i couldnt get anything out for some reason. kinda like, the idea of venting suddenly became scary, like i was gonna get mocked if i did. i simply kept talking about random stuff, and they couldnt really help me with something like that since ya cant force a brain to think a certain way. so after like 2 hours of just casual but unimportant conversation, i left, with 0 pressure being gone.

tl;dr: i can't express my emotions properly anymore, i think i somehow managed to burn out my brain or smth. how am i gonna get rid of mental pressure if i cant vent? plus, venting feels both scary and selfish for some reason. advice needed",2,5,1753969203.0,mentalhealth,user_3850,False,True,2025-08-01T10:00:20.091548
1me7q45,I need a reason to keep going,"I need a reason to keep going

I will try to keep this short. Trigger warning: suicidal ideation. 

I have been suffering with Bipolar / Depression / Anxiety / Trauma for some years now. I am 24 year old female, I’m in law school. 

2 months ago I went through a break up with someone who had gotten me pregnant. The day I found I was pregnant, I got an abortion right away. I was scared, my ex wasn’t supportive, I could tell that to him the only option was the abortion. I have regretted it every day since, but also have feelings of being grateful I am not a mother because I am not mentally stable and I have always had a dream of being a lawyer. 

My ex was emotionally unavailable a lot of the relationship. He tried leaving me about 2 weeks after the abortion but I begged him to stay. Basically I realize he did the bare minimum for me and was never the emotional support I needed. Sometimes I wonder if I was just too much for anyone to handle, or if he was just emotionally unavailable and that made my emotions / sense of self worth worse in some ways. Since the break up, he’s blocked me and prefers to act as if I don’t exist. Anyone I’ve explained his behavior to (I trust the people around me to be honest with me) have told me he is cruel. 

Now I am at a point that i dont know if I will ever feel better. Even though my last ex was not good to me, he was the best relationship I’ve ever had. My exes before him were physically abusive, outright manipulative, and just more obviously not good people. 

My siblings don’t reply to my messages about feeling sad unless I say im suicidal. My parents more or less tell me “life is unfair/ that’s just how he is” My friends will ask if I’m doing ok, but if I’m honest they either don’t reply or just say “I’m sorry you’re going through that” with no advice. I’ve reached out to 7 different mental health providers, and not one has gotten back to me. 

I dont think it gets better. I’m starting to feel like the world wants me to kill myself. The only reason I haven’t killed myself is because I don’t want to hurt my family. But sometimes the selfishness of “they will find a way to get over it / know how much I was struggling” creeps up. 

I need a reason to keep going, or for someone to explain to me how it actually gets better. I am suffering and miserable. I wake up every day wishing I was dead  

Thank you in advance ",1,0,1753982718.0,mentalhealth,user_3851,False,True,2025-08-01T10:00:20.091548
1me7kr6,"Your Mind, Your Way - Why Personalized Healing Is the Future of Mental Well-being","A blog i came across today and found it kinda nice. May be you can have a look and find it worth to share ahead! It's a small read 5 minutes.

[https://www.linkedin.com/pulse/your-mind-way-why-personalized-healing-future-mental-well-being-ennff/?trackingId=Tk0OWmMy0t%2BetdC%2BtlceDw%3D%3D](https://www.linkedin.com/pulse/your-mind-way-why-personalized-healing-future-mental-well-being-ennff/?trackingId=Tk0OWmMy0t%2BetdC%2BtlceDw%3D%3D)  
  
",1,0,1753982378.0,mentalhealth,user_3615,False,True,2025-08-01T10:00:20.091548
1me1pd0,I need some advice..,"I know this might not be the best place to ask for advice, but I’m not sure where else to go. 

So My girlfriend and I are currently on a break, but we were together for a while, and she’s struggled with depression for a long time. While we were together, she often said really dark things about herself, stuff like how she felt worthless or like no one would care if she died. Back in June, she told me she was going to kill herself. It scared me more than anything else ever has.

Even though I tried to support her and offer help, she would always get upset and say things like “I don’t want help” or “I don’t need anyone.” But from what I could tell, her mental state wasn’t getting better, just worse.

Out of fear that something might happen, I started taking screenshots of some of those conversations, especially when she talked about wanting to die or said really awful things about herself. I didn’t know what to do with them at the time, but I felt like I had to hold onto something in case she was ever in danger and I needed to prove it.

The thing is, I could tell her mom, but I’m hesitant. Her mom is dating my neighbor, and I’m close friends with him, so there’s a path to reach her. But her mom is already under a ton of stress from work and life, and I don’t want to add to that or come off like I’m stirring up drama. At the same time, I don’t think I could live with myself if something happened and I didn’t say anything.

I’m stuck between respecting her privacy and doing what might be the right thing. I’m not trying to betray her or act like I’m the hero, I just want her to stay alive. And if I’m the only person who knows how bad things got, maybe I should say something.

what do I do? Should I tell her mom? Someone else? Or am I overthinking this?",2,1,1753968806.0,mentalhealth,user_3852,True,True,2025-08-01T10:00:20.091548
1me7j0a,Why do I feel so much shame with her?,"I (female, 24) am depressed. Largely due to issues stemming from the household I grew up in. After graduation from school, I got closer with a girl from my school and after about a year of regular contact, I developed a strong desire to become even closer as friends. I really like her as a human being. Later on, I realized I was probably crushing on her and told her that casually. She reacted in kind and gently told me she's never had feelings for a person before. Due to me struggling with my mental health, we've had phases of no contact and some misunderstandings over the following years due to which our friendship suffered. But I'm glad to say we patched things back up again. After some heavy reflection, I've come to the conclusion that I love her. 

What bothers me is that I somehow am comparing my life with hers and I just feel deep shame about myself and my life. I have other friends in my life and yet I do not compare myself to them or their lives. So what's different with her in particular? Part of me reasons that it's because I perceive similarities between us that I don't see with other people in my life. Character-wise, we're similar but still distinct enough. We're both introverted and come from families imbued with passed on generational trauma and we both struggle with mental health and (social) anxiety. We also share our fondness for sassy, sarcastic humor and fiction. But she is more grounded and just a better person in overall than me. Despite her struggles and despite her admission that things are hard for her, I admire her a lot for being able to take on everyday life the way she does. 

She's offered to meet again (it's been 3 years since we last saw each other in person) but I am holding back because I am so ashamed of meeting her, of her seeing me. I am afraid of ruining things again between us because of my mental struggles. I am ashamed of who I am. I feel I'm not good enough for being her friend. But I care about her and I would like to be vulnerable together. 

What would you do? Take the risk and meet her? And where does my shame come from?",1,0,1753982265.0,mentalhealth,user_3853,False,True,2025-08-01T10:00:20.091548
1me7gvt,Does anyone else feel like they are meant for bad things?,"I'm a 23 year old, I've seen psychologists and I have some pretty bad anxiety but generally have been doing well comparing to a few years ago when I was actively depressed, alcoholic and generally kept on bringing harm to myself. 

I like to think I've recovered, I can handle life pretty well now and I'm on my way to finishing my studies but I also have a lot of run ins with drugs and don't always take precautions.

And in reality, if it weren't for my significant other always reminding me to be careful, I know I wouldn't be at all.

I've always had something in my mind pushing me to do the wrong things, to drink, to hurt myself, to get into drugs and to some degree, hurt my relationship (which is insane because my partner has always been an angel).

Though I manage to reason with myself and basically ignore these thoughts they are always there and recently they've been louder, I consider overdosing on drugs or drinking more or even hurting myself again, even though I know these things would hurt me, yet I feel very comfortable with the idea of ruining my mental and physical health and also relationship. 

I don't know how to interpret this, I've felt this way since I was a child and I tried to take my own life twice in highschool. 

If anyone has any insight or feels similar I would love to hear about it",1,0,1753982133.0,mentalhealth,user_3854,False,True,2025-08-01T10:00:20.091548
1me7ew5,"have a really bad fear of nuclear war, mostly due to my OCD. Can anyone explain to me why nuclear war is unlikely or is likely?","
I’ve been seeing a lot of talk from Russias Medvedev in recent days, especially in response to Trumps Ukraine war deadline and tariff threats. How likely is nuclear war in reality? Can anyone explain to me on why it is or isn’t likely? ",1,5,1753982007.0,mentalhealth,user_3855,False,True,2025-08-01T10:00:20.091548
1me1dpn,I don't know what to do with my life,"So I'm (22M) not diagnosed with anxiety but I am pretty it is just that going NUTS. 

So to put it simply, I can't stop thinking about the future. What I am going to do, what path to take, where to decide to live, what job/career to stick with, committing to relationship, etc. I try to live by the philosophy of living the moment, enjoying the now, but lately, i havent been able to do so. I had a girl (22F)who also has a 4 year old daughter, i was willing to try to be a stepdad but after getting done with active duty and moving to a new state and dealing with some financial stuff, medical stuff, i told her I needed space to figure things out because everything was getting overwhelming and don't want to join a family I cant support to the fullest and want to have my own life figured out first and she is being extremely supportive. 

My family is all living in Florida and a big part of me wants to move there but i just moved to missouri and cant afford it. And I have a guilty feeling of leaving the woman who loves me and supports me so much yet im also scared to settle down so soon. She believes I have abandonment issues and that stability will help me. But my subconcious keeps saying its a trap. Idk.

My dream is to travel the world but I dont have the money to do so and my mental health is at a low and dont think its going to heal me as much as I want it to. I keep putting so much pressure on myself and I dont know why nor do I want to. I just want to enjoy my everyday life no matter where i am but something is stopping from doing so. 

Anyway thanks for letting me vent, I hope everyone is doing okay and have a great day!",2,3,1753967995.0,mentalhealth,user_3856,False,True,2025-08-01T10:00:20.091548
1mdygsi,Please please someone help me,"So i am student my age is 16 .I have gone to school till 11th and after that i am studying at home like from past 8 months i meet my friends weekly once to play football or smtg. I have lot of anxiety and intrusive thoughts. I have lost emotions i dont feel emotions. Idk but something feels off like everything feels weird in a dream,like in a game? There have been few minutes where i have felt joy. I see my hand and i am like whats this? This is so werid to explain. Are these just my thoughts?idk whats reason. But when i am in front of people i act normla.as if nothing happend how?If there is phsyciratist please message me it will help a lot.
Are there ways to become normal like i was before?i want the happiness back.i can do anything .There were moments when i saw humans and like i was whow they sound like aliens 


Also i gone near doc before a year for dpdr she gave me Aripiprazole 2 mg.which u left thinking because i thought i had dpdr etc because of thoughts
I had this feeling before 2 weeks for 2 days but i was normal again
Shall i take it again for now?
",3,4,1753959563.0,mentalhealth,user_3857,True,True,2025-08-01T10:00:20.091548
1mdy140,I somehow subconsciously make myself believe I have a mental illness I don't have until it actually manifests in me?,"

The only thing I've been diagnosed with is ADHD, depression, and generalized anxiety and I've defenitly shown symptoms for these all my life (like the ADHD) or for long periods of time (depression) 

But for some reason, when I go in depth over other mental illnesses/disorders, my brain starts making me subconsciously believe I have them. I'm not saying I simply relate to it or that's it, no, I quite literally, over multiple days or just hours, start being completely convinced I have it. And then eventually, it actually starts manifesting or developing.

My two prominent cases of these are Borderline personality disorder and psychosis 

I'm interested in mental health as a whole and I am also writing a story where one of the main characters experiences psychosis. So obviously I search for a lot of details. 
But only a few hours into researching, my mind has made me convinced I have it. (Again, it's not a matter of it being relatable, most of what I saw was stuff I never experienced like most of the possible Delusions victims of psychosis might have.) Eventually, after weeks, I began doing things I've heard of other people doing from psychosis without me even realizing. 
When I saw someone say they believe every day ordinary things were ""signs"" from something deeper, I started somewhat interpreting it the same way. Another common one is believing close people are out to sabotage your life, and as you guessed, I started *half*-believing the same thing. Last example is believing that electronics are watching you, I would change my clothes away from any device screen. 

The thing is is that I don't fully beleive in the Delusions, I'm rooted in reality unlike actual people who suffer from psychosis. But I started developing the same behaviors so persistently and most importantly *subconsciously*. And slowly I can see myself actually developing the disorder or atleast some half baked version of it. I know psychosis doesn't happen simply. 

And about the borderline: I saw people talking about them splitting on this patterns, developing aggressive thoughts against others, crying over wanting love, rushing for adrenaline, etc etc. And within hours to days to weeks, I started acting those exact behaviors. 

And whenever I do this, it feels like it really *is* a part of me and that I've always been like this for all my life. That's why it's not simple to stop. 

Hell even when I see people understandably getting upset over the suffering from these disorders, I literally shed tears over feeling ""understood"" and that I also ""experienced"" these when I never did? 


I don't know what this is and why it happens and I'm so just so lost and confused and worried. I'm open to hearing any facts or interpretations or guesses. Thank you.",3,1,1753958056.0,mentalhealth,user_3858,False,True,2025-08-01T10:00:20.091548
1mdxzfj,How do i check myself into a psych ward?,"Hi, so idk if anybody will see this but i (15f) really really need help. Everyday is the same loop and i don’t feel real, the paranoia is extreme and ive been hurting myself. Fear i might do something for extreme to myself. I’ve been lying to my therapist for 3 years now and she believes im doing better now. Idk. Need help, do i just ask my mom to take me or can i go to emergency care myself??",3,3,1753957896.0,mentalhealth,user_3859,True,True,2025-08-01T10:00:20.091548
1me0h6b,I am afraid of my brithday,"I have past trauma from my birthdays and now everytime i celebrate them i feel really bad , how do i fix this ?",2,1,1753965610.0,mentalhealth,user_1304,False,True,2025-08-01T10:00:20.091548
1me60s8,I'm losing hope.,"I'm losing hope.

French guy here (21yo)

Since the beginning of my life, I've never knew what I would do in the future. 

Born a Muslim, I wasn't allowed to get a girlfriend. 
In middle school, I fell in love with a classmate. She knew I had a crush on her, but I didn't even try. Deep down I feared the consequences of her saying ""yes"". 
If ever got a girlfriend, my mom would be against it and the rest of the family would be siding with her. So, I never tried anything and my crush disappeared of my life. To this day, I keep thinking about her, full of regrets. 

In high school, it started getting worse. Most of the teachers were egoistic. They didn't care about students that much. I told my mom I was depressed, she laughed. She's the ""mean then loving"" kind of parent. And then Covid happened. Lock down. No help from school. I had to stay at home with my shitty family. 

When lockdown ended, we came back to school. The newer exams were implemented. Shitty teachers didn't help me. I had bad grades and I kept thinking about that girl. I kept trying to study more so I could get better grades. I barely passed the exam. 

I attempted right after exams. My family BLAMED ME. THOSE ASS HOLES BLAMED WHAT I ENJOYED FOR THAT. THEY BLAMED ANIME, MANGA, VIDEO GAMES AND DRAWING FOR MY SUICIDE ATTEMPT. 

""You have no reason to it"" 
""You've got a house and a family"" 
""Go pray more, Allah will help you"" 

MY ASS.

In July 2024,
2 years after leaving high school, I finally left that cult. I'm closeted of course, but I stopped blaming myself for everything wrong in my life. My porn addiction vanished right when I left Islam. I have complete control over my consumption. 

I started planning my future. I'll get a shitty job to gather money and leave the family that hate. 

In addition of that job, I would start NSFW drawing commissions so I can get a bit more money and live easier. 

Why NSFW? Because the customers are usually honest and willing to pay instead of ghosting you. When you look at a NSFW artist's comment section, you can see the viewers talking. They are so chill. 

Everything was planned, everything was clearer. I could finally see a ray of hope. 

Then, pornhub got banned in my country. The government says it's to protect kids. Yeah right, they want to control us. That ban got me a little frightened, I realized that government could take away something from us whenever they wanted to. 

After that, the UK laws nuked Twitter. Since UK Twitter is still in Europe servers or something like that, the whole continent isn't allowed to see NSFW without a good VPN. 

Consequences : most people won't bother looking at boobies on Twitter anymore so no more advertisements for content creators.

EVEN VIDEO GAMES ON STEAM ARE AFFECTED. Not only the porn ones, but also horror games 

That's what getting me really scared. 

What's the point of becoming a NSFW artist if no one will sees it? The government is taking away the fun out of everything. 

Drawing is the only thing I'm good at. If it gets me nowhere, I'll have to work for a job that I'll hate. I'll stay poor for the rest of my life. If I get married, I'll be nothing but burden since I'll gain little money from work. 


I need help. Please. If I don't get help, I might successfully end myself this time. Please, I beg of you guys. 


Also, please do not force your position on porn on me. You are free to dislike something but forcing you're views on someone else is wrong. ",1,1,1753978849.0,mentalhealth,user_3860,False,True,2025-08-01T10:00:20.091548
1me5mim,Embarrassed by music,"What variety of mental illness is feeling embarrassed for listening to music? I used to listen to high-energy music when I worked out and enjoyed getting amped up. But more recently I feel goofy, for lack of a better term, whenever I try to hype myself up with music. It’s not the same as disinterest from depression, it’s more a nagging discomfort when I’m listening. Please share any thoughts or similar experiences. ",1,1,1753977960.0,mentalhealth,user_3861,False,True,2025-08-01T10:00:20.091548
1me5iam,Surprised and upset,"*update* OK so this morning I was supposed to go to the doctor. I was telling everybody that I was afraid of going to the doctor, but I was ready to talk to my doctor about my alcoholism. Abuse my Xanax use and just the overall check out to make sure that I’m OK to make sure that my organs are working as it should and I get a call from the doctors office telling me that they have to reschedule for the next month. I am so surprised and disappointed because I really wanted to follow through what I was gonna do. I didn’t want to procrastinate, but I guess the doctor procrastinated on me unfortunately. The next appointment they have is next month and I was trying to treat my alcoholism and look what happened. I don’t know if this is a sign or if this is my doom.",1,0,1753977705.0,mentalhealth,user_1279,False,True,2025-08-01T10:00:20.091548
1me4w9h,how long does mod approval take?,posted over a day ago and still pending. ,1,0,1753976320.0,mentalhealth,user_3862,False,True,2025-08-01T10:00:20.091548
1me4p5e,I guess I didn't deserve it.,"I've been telling you I'm isolated person. I don't have friends, lover. I should have had them a long time ago.  I'm just too late because I don't know how to build myself and relationship anymore. 

There's spmething wrong with me deep dwon to the root. It was always me who has a problem. I've let down too many people. I've let down myself. My mind is twisted and I'm a creep. 

I've been a total failure. I haven earned anything. I lose so much to stay alive. I don't want to lose anymore but how? Only thing I'm gonna get is scar. How's that normal if a person get bad things and that's only things you get? 

It's all my fault anyway. I expect too much in my life. Finding a decent living was too much for to ask. 

",1,0,1753975860.0,mentalhealth,user_3863,False,True,2025-08-01T10:00:20.091548
1me4miu,"Please, anyone who knows where she lives, please call for help!","[https://www.youtube.com/@ChocolateAutizzy/featured](https://www.youtube.com/@ChocolateAutizzy/featured)

She said, she took some pills.  
",1,1,1753975698.0,mentalhealth,user_3864,True,True,2025-08-01T10:00:20.091548
1me4irj,Who do you talk to?,Long story short I've been struggling to make sense of my life.  Always challenging talking in general.  Seems like everyone close to me just tells me vague things they think I want to hear.  I have very few people and not enough money for therapy.  Is there any tricks you guys do to find people to talk with and work through situations without a bias? Just really frustrated with my life and can't seem to make sense of it and always appreciate outsiders views as I'm a chronic over thinker.   Thanks in advance any resources are much appreciated. ,1,0,1753975465.0,mentalhealth,user_3865,False,True,2025-08-01T10:00:20.091548
1me4hzl,"Hello, I’m diagnosed with ADHD, FAS, Alcohol-related neurodevelopment disorder and OCD. I also have an autistic profile.","I’ve been to a psychiatrist today, they have said my issues may be helped or resolved via an “autistic support group” I’ve told him I do not feel empathy for people, not that I don’t understand it that it’s never been there. 
I feel he did a terrible job and left me far too early just to get away from more sessions. I have these issues below and I’m wondering if anyone has any input on what they think it means? I told him all of this by the way and he said I seem fine and just need autistic therapy?? 

Almost killed cat by strangulation 

Constant thoughts of murder/suicide

Idealising being seen as a murderer or fucked up individual 

Wanting baby to die in birth so I could live life alone forever 

Do not care if family or friends hurt themselves or die, as seen when my mum had a heart attack and heart surgery and It didn’t even cross my mind or make me feel sad at any point 

Was violent towards little brother at young age: threatened to stab him twice and attempted to drown him

Watched gore consistently almost every day from the age of 12 up to about 15 

Continued watching gore at 18 and haven’t stopped since 

Look at people in public and imagine killing them sometimes 

Only time I’ve ever felt in love or connected to someone was with a borderline personality disorder girlfriend 

Can throw friends away at a whim and not feel any remorse 

Will have friends as long they are useful and fun to me and discard them as I get bored of them

Have problems with alcohol and weed 

Haven’t been able to keep a job for more than 3 months in the 4 years that I’ve been working (16-20)

Can go from seeing someone as amazing and perfect until they do something I don’t like and I go into a cycle of looking at all of their flaws 

Was extremely short tempered and violent during young/teen years (particularly 12-17) would throw things, damage property, swear and shout violently at my parents and siblings. 

Sometimes think I’m extremely attractive, intelligent and I get very vain other times I hate myself and believe I have no ability to succeed 

Cheated on partner and did not have concern for her sexual health after the fact 

When people cry particularly people close to me it annoys me and I want them to stop especially when it’s something I know I wouldn’t cry about 

Mother had a personality disorder and used drugs her most used one while pregnant with me was meth (she was a psychopath) 

I have done a lot of cocaine, I have also taken MDMA, acid, shrooms, ketamine and salvia divonorium

Constantly hoping traumatic events happen to me so I have something to make a big deal of even when I don’t really care I just like seeing people’s reactions to it

Gain motivation and lose it very quickly

Base personality and tone and the way I talk based on what’s going in my head (music, shows, slang, friends) 

When I feel like someone’s going to leave me or someone doesn’t like me I disappear and then regret it later on and come back but this is a repeating cycle 
",1,0,1753975416.0,mentalhealth,user_3866,False,True,2025-08-01T10:00:20.091548
1me4exh,Does hypnotherapy improve mental health?,I struggle with my mental health (stress and burnout) lately. I read online some resources from Darren Marks around (Self-)Hypnosis and hypnotherapy. Has anyone experienced such techniques to be effective?,1,0,1753975217.0,mentalhealth,user_3867,False,True,2025-08-01T10:00:20.091548
1me49ht,Naked /unplugged walking,"Just thought I would throw this out there. I tried this morning.no headphones, music , or latest podcast.  My intention was to see if I could make at least around my block. I ended up making it at least 30 min of my hour walk. 
Just started walking noticing my surroundings . Being very observant. Look at the color of tree, etc. inevitably thoughts started popping in my head. So I practiced just saying not right now and re focused on what was in front of me. 
It felt so good sometimes my thoughts were wow I can’t wait to tell someone about this , blah . Stop refocus can think about that later. Or no I would say in my head no thank you not right now. Part of my trail got narrow and for a second I was like oh let me get out of these weeds I don’t like this , what about deer ticks. So I stopped my thought and changed too it’s okay couple of steps ahead I could see the trail widened . I wont have the brush whipping at my legs I can check my legs it will be okay. So then I just focused on the steps in front of me. Observing then way the wet grass felt. It was such a great practice to keep focused on what’s in front of you and remember that I won’t be on this part of the trail always

It was basically mediation while walking. It’s true what they say it’s a practice. But it felt amazing. 

It was one walk. No I am not miraculously better but I can practice this and if I did it could continue to open my eyes to new things. And that’s enough for today. ",1,0,1753974870.0,mentalhealth,user_3868,False,True,2025-08-01T10:00:20.091548
1me49g0,Uncomfortable and angry on family vacation but can’t voice why,"to give context, I have been diagnosed with social anxiety and depression, I take medication for my depression. I am on a family vacation I already had a previous breakdown about, leading to me being able to leave it a few days early. I can’t explain why but I feel watched and judged by this family and cannot be me. My dad wants every trip with this family to be perfect and it never is. I try to voice my discomfort with my immediate family but I am shut down and accused of hating/not valuing my family. I have one day left but my discomfort looks like anger and I am now in trouble for looking angry. I don’t know what I can/should do. ",1,0,1753974867.0,mentalhealth,user_3869,False,True,2025-08-01T10:00:20.091548
1me3tnw,I'm panicking!,I've been depressed for a while and I know depression leads to brain damage but I thought it would pass. It didn't and now im terrified of brain damage and neuroplacicety damage. Will I fail in school? Will I lose the ability to adapt my brain? ,1,0,1753973871.0,mentalhealth,user_3870,False,True,2025-08-01T10:00:20.091548
1me3rb0,Going through caffeine withdrawal while being depressed and suffering from insomnia is the worst.,"You feel tired, your memory doesn't work and you feel almost unaware of your surroundings. All you are aware of is the anxiety. In my opinion caffeine withdrawal is the worst withdrawal not counting alcohol from any prescription free drug. ",1,0,1753973709.0,mentalhealth,user_3870,False,True,2025-08-01T10:00:20.091548
1me3jr2,"If you have / had a partner with BPD, what has your experience been like this?","I am asking this as a 23F who's been diagnosed with BPD for a couple years. I hear a looot of people online saying how people (usually women) with BPD are crazy, awful to date, super toxic/manipulative, etc.

Strangely enough, I could technically answer my own question as I recently found out that my last and only ex has just been diagnosed with BPD too. So I guess you could say I have both POVs. Unfortunately that doesn't really help or make anything about him/our relationship less confusing, but I digress.

***Anyway, whether it's negative or positive or (likely) a mix of both, if you are currently dating someone w/ diagnosed BPD and/or have in the past, I'm interested in knowing what that experience has been like for you.***",1,4,1753973205.0,mentalhealth,user_3871,False,True,2025-08-01T10:00:20.091548
1me3hf9,Lost my best friend due to my depression… could we reunite ?,"I had a very close, deep friendship with my best friend for several years. We were like brothers, sometimes even closer. We've experienced so much together. Closeness, trust, shared memories. It was not a “normal” friendship, but really intense. I was even partly accepted into his family.

Then I had a serious psychological crisis. I became emotional, perhaps too affectionate and irrational. Did cut myself too… There were arguments, misunderstandings and finally a breakup. Because I was, additionally suicidal, medication-related. I have reflected on many things, apologized, tried to explain what was going on in me. But at some point he said that he wanted to ""have nothing to do with me out of school anymore"".

Nevertheless, he reads every message from me to this day. Didn’tblock me. At least not on platforms other than WhatsApp and Instagram.

I have the feeling that he represses a lot of things, to he keeps his distance, but inwardly he has not really found true closure at all. And his new circle of friends doesn't make it better, they incite him against me... Had to listen to things like ""YOU were the one who wanted to kill yourself every 3 days"". He stamps my justifications as ""manipulation"" and that I just want to talk him into his conscience.

He is now actively talking to everyone he knows about the fact that he has ""cut the friendship"" with me, he told me that he is now freer without me by his side. The ""dispute"" has been going on for 2 months and the hard break is now 3 weeks ago... I had to listen to a lot. A lot of hurtful messages and a lot of anger ,filled in a long voice mail. I just have to stare in disbelief as he loses himself in a circle of alcohol and superficiality...

I miss him. It was more than just friendship. He was a part of me. He promised me at the time ""no matter how difficult you get, I will never leave your side"" and that was mutual.

I know I made mistakes, but I honestly, really regret them. But now I don't understand the world anymore...

I don't want to force anything, just understand:

Do you think that such a friendship can come back, after months of distance and a painful break? Or is it finally lost... I... have been so mentally done since then",1,1,1753973059.0,mentalhealth,user_3872,True,True,2025-08-01T10:00:20.091548
1me3gx8,It’s too dark in here,"22M here. All my life, I had severe anxiousness but always tried to push and had a bad stutter. But I let it get too much to the point that I started having panic attacks and just feel so damn depressed. 

I don’t even know why am I waking up. My only peace now is when I sleep. Once I’m up, depression hits, followed by anxiety and stupid intrusive thoughts. Goes on and on and on in a damn infinity loop.

All this thing started about 4 months ago and I was hopeful when I saw periods of remission but for past 3 weeks, I’m only getting worse. 

Fuck I don’t know how much longer I can take this. Slowly, simple tasks like eating, talking to people and going out is becoming repulsive. I’m seeing a psychiatrist next Thursday but what can he do? Provide me assurance and just drugs. Fuck is life all about and shit. 

Only god can save me, if he exists. ",1,1,1753973027.0,mentalhealth,user_3873,False,True,2025-08-01T10:00:20.091548
1me3auz,"""This Is the August You've Prayed For""","AUGUST IS YOUR MONTH.

Success is already on its way.

Happiness, prosperity, abundance, it's all here for the taking.

Growth is inevitable when you claim it.

This is your time to step into everything you’ve been working for.

Claim it. Own it. Make August your breakthrough.

🖊️Anonymous ",1,0,1753972636.0,mentalhealth,user_1138,False,True,2025-08-01T10:00:20.091548
1me3089,Curing undiagnosed OCD on my own-- and seeing positive results. Safe?,"20M. I am fairly certain I have suffered undiagnosed OCD (having to do with perfection) since my early teens (which has caused me anxiety and insomnia). I wouldn't say its severe, but it definitely has been tough. Unfortunately in the country I live, we do not have access to ERP / anything helpful.

I decided its time for a change and since last year decided to work on curing myself. I have resorted to using online resources,such as YouTube, health related articles etc.-- and been doing ERP therapy on my own.

 Fortunately, these resources have been very helpful to me and I'm seeing very promising results. My intrusive thoughts have greatly reduced and I'm also sleeping better. Not been easy, but very proud of myself. I'm also feeling much happier.

 I know most people would just get therapy but as already mentioned, I am unable to. That brings me to my question-- is it okay that I'm somehow curing myself without professional support? As I'm seeing good results do I even need to be worried? Could I potentially be doing more harm than good?

Dumb question but I would definitely love some reassurance. I feel there's no better place to ask. Thank you in advance!

",1,0,1753971941.0,mentalhealth,user_3874,False,True,2025-08-01T10:00:20.091548
1mdy15w,Please help me what do i do,I have this stuff I’m trying to find on the internet but i can’t find it it’s not findable how do i stop overthinking it ,2,2,1753958061.0,mentalhealth,user_3875,False,True,2025-08-01T10:00:20.091548
1me2u98,Mental Breakdown,"I've been binge watching horror stuffs like paranormal investigations and true horror stories... Not sure if I'm just trying to distract myself to anything I feel cause I always say I'm fine even if I know, I'm not.

Today, my emotional support earphone gone missing and I'm crying like a lunatic looking for it. It feels like I lost a friend and I can't stop crying...

I don't have anyone to talk to about this cause I don't have that kindof friend who I can message. That's why I'm posting here. Don't hate me. I just want to vent out. My head hurts and I got lost. Argh! ",1,0,1753971540.0,mentalhealth,user_3876,False,True,2025-08-01T10:00:20.091548
1me2u04,How many of you actually clench or grind your teeth at night?,Please share your thoughts. How do you feel when you wake up? ,1,7,1753971524.0,mentalhealth,user_3877,False,True,2025-08-01T10:00:20.091548
1me2trs,Finally Realizing the Source of Shame,"I have long been struggling with anxiety and obsessive compulsive disorder, and all along the symptoms of these issues orbited shame and guilt. While talking to my therapist today, I had this ""aha!"" moment where I feel like I sourced a significant amount of the shame. So much of it comes from fears of emotionally letting down the people I care about. And that realization dredged up a singular memory.

I was rather young, maybe 7 or 8? My mom, grandma, and I were visiting a rural Walmart near my grandma's house. I had meandered off to look at toys where an action figure was marked down to $2. I was ecstatic.

I went to find my mom and grandma and they were in the jewelry section looking at rings. My mom's eye was caught by an $8 ring that she really wanted.

I asked if I could get the two dollar action figure.

My mom told me that there was only enough money to get either the ring or the action figure. Not both.

I remember responding ""well, this (the action figure) is only $2 so we should get that."" The idea was that it was cheaper and we were saving money.

My mom was immediately devastated and was crying in the Walmart. My grandma was livid. We went to checkout and my mom told the checkout clerk that my action figure did not need a bag. She shoved it into my hands and we left. We drove home in silence. And when we got home, every member of the household (my grandma, grandpa, cousin, and dad) pulled me aside to let me know how badly I had messed up, how disappointed they were in me, and how they never would have done that to their moms.

From where I stand now, I can see how messed up the entire situation was. Why was I, as a 7-year-old boy made the arbiter of the families economics in that moment? It was clearly a test with one singularly ""emotionally correct"" right answer. But at 7, how would I possible be equipped to handle something like that? I'm shocked that I was put in that position, and that an entire collection of adults did not see how messed up that was.

I remember I left the action figure in its little box for YEARS out of guilt. I even used my own money from holidays to buy my mom the ring. I have no idea where the ring is these days, but I still have the action figure. It's like a shame albatross that I've never quite released and I did not realize why until now.",1,0,1753971508.0,mentalhealth,user_3878,False,True,2025-08-01T10:00:20.091548
1me2npq,Best virtual intenstive outpatient program for teens with heavy focus on DBT therapy,"My daughter is 14 years old. Even though they can’t technically diagnose at this age, her therapist and psychiatrist believe she is bipolar and borderline personality disorder. I’m looking for a virtual intensive outpatient program (we live in Texas). Wanting a heavy focus on DBT therapy. ",1,0,1753971099.0,mentalhealth,user_3879,False,True,2025-08-01T10:00:20.091548
1me2k7t,What hold you back from seeking help with mental health?,"With so many people struggling with anxiety, depression, self harm, suicidal thoughts, grief, health issues, employment issues, money worries, and everything in between, I would like to ask…

What would help you to access counselling? 

What do you need from a therapist? 

What stops you from contacting a service to refer for support? 
",1,1,1753970856.0,mentalhealth,user_3880,False,True,2025-08-01T10:00:20.091548
1mdxtm2,Just wanting friendly comfort,"Hi all, anyone who suffers from bpd and bad anxiety wanna have a chat 😔 feeling really lonely. 

Preferably female in mid late 20s, thanks all. 🌺",2,1,1753957307.0,mentalhealth,user_3881,False,True,2025-08-01T10:00:20.091548
1me2k4q,Coming back from treatment,Hi everyone. I've been at an inpatient mental health facility for the past 2 weeks after a really bad mental breakdown from losing my job and trying to balance too many things for too long. It was a needed break from life for a while and today I'm going back to where I'm from in NJ (went to Massachusetts for treatment) and I'm excited but also I know have a lot to come back to with adjusting and all. Everything happened so fast before I left. Anyone have a similar experience and how was it when you came back to reality? I enjoy working and putting my full effort into what I do so it's hard for me to not have one. Anyway just wanted to get that out and see if anyone has advice or anything. Thank you,1,0,1753970851.0,mentalhealth,user_3882,False,True,2025-08-01T10:00:20.091548
1me2fjx,im 17 and met this girl,hey my life is so good came from a rich family and been making of crypto since 3 years now im 17 currently and I met this girl she loves me I love her but since I met her im mentally at my lowest point ever can any1 help me because I don't wanna loose her over my mental health,1,0,1753970551.0,mentalhealth,user_3883,False,True,2025-08-01T10:00:20.091548
1me26k3,Social media,"Reels whether daily or not, are not sustainable at all. The biggest curse for humanity by humanity it is. I hope people understand it and Stay away from it . It steals timeeee. Like people listen the TIME the MOST BIGGEST ASSET. It is your life take control of it now. My proposed solution is to  first educate people about it raise awareness. It's our enemy do you think a 5s reel can tell five you something but × 5s by 100 then your losing 500s stop sharing it and supporting",1,1,1753969973.0,mentalhealth,user_3884,True,True,2025-08-01T10:00:20.091548
1me20dw,I feel like I’m never going to love myself,So I really just need to vent right now. I have no one else to talk to about this cause I know they’re all just going to ignore it and act like it doesn’t exist. I’ve struggled with my mental health for so so so long. I became severely depressed and developed suicidal tendencies in third grade and it has never gone away since. Even with medication it’s still always there in the back of my mind. I’m so fucking tired of being sad all the time. And as soon as I think I’m getting better I immediately spiral back into the sad pathetic pos that I am. I was getting better I think for a while. I was just finally starting to be at peace with the fact that my dad left me at 12 when it all came crashing down. My mother whom I had considered my best friend had lied to me about my dad being a piece of shit and she had manipulated me for seven fucking years to make me think he hated me. And when I finally talked to him after so long it turns out he didn’t wanna deal with my mom so he just up and fucking stopped talking to me. My partner has almost zero empathy or sympathy for this cause his upbringing makes it hard for him to empathize with people anymore which I don’t blame him for but oh my fucking god I wish someone would just look at me and hold me and tell me they’re sorry and that I didn’t deserve it. Any time I talk about any of my issues I’m always pushed to the side or ignored cause “It’ll go away in an hour”. I understand I’m fucking emotional and have trouble controlling my emotions. THAT DOENST MEAN YOU CAN FUCKING IGNORE ME TILL I FEEL BETTER. ITS NOT FUCKING FAIR. Why do I have to be the test dummy for their new kids. Why did I have to suffer for everyone else to be happy. Why every time I think I’m finally happy with myself some other bull shit just HAS to come and ruin it. I just don’t want to be fu king sad anymore. I’m so fucking tired of being sad all the time,1,0,1753969557.0,mentalhealth,user_3885,False,True,2025-08-01T10:00:20.091548
1me1uhx,How to be comfortable being alone at public spaces?,"I don't have a good relationship of being alone in public spaces and I want to change that. I tend to force myself into friend groups where I don't belong with just to kill the awkward feelinging of ""looking like a loser"" I'm aware my main problem is I think too much on what others perceive about me and I want to stop. I'm also losing myself because of pleasing people alot to the point where I get taken advantaged of and get humilated for not being able to reject people and set boundaries. The school year is beginning and I don't want to ruin my future because I'm a coward.",1,0,1753969153.0,mentalhealth,user_3886,False,True,2025-08-01T10:00:20.091548
1me1pmo,“You are an embarrassing child that needs to grow tf up and get better NOW”,"Yep, that’s what my bro told me while I was regressing and throwing a tantrum. My mom and brother don’t understand it. They don’t understand why their words make me want to throw hands. 

Yes, I know I need to get up.
Yes, I know I need to grow up for once
Yes, I know I can’t just mope around and be depressed all the time. 

But it isn’t that easy, is it? 

This started with me wanting to tell my mom that I had been sexually assaulted instead of what she thought was consensual. It sure as hell wasn’t. No consent whatsoever. That’s r*pe isn’t it? But I don’t know because I did everything the guy told me to do but I never said yes or was ready. I started by just wanting to tell her that so maybe she could give me da hug or something. 

Instead of just letting me talk to her, she brought my brother into the room and told him to express his feelings about being hurt because I kept brushing him off. I really wanted to tell him that it was nothing personal. I recently haven’t even had the strength to open my mouth or look anyone in the eye. Then he started dissing me and what I have been doing so far, all my progress and saying I wasn’t doing anything and I needed to finally do something for once like grown ups do. All the negative put me off so I screamed at him and all my pent up emotions came out. They call it tantrums because of the way I slam into things. Each time my mom has threatened to call the cops on me. Only this time I actually tried to hit my brother. But that was because he started yelling…like really freaking loud 

He yelled for about three minutes. SCREAMED in my ear about being a pathetic baby that is embarrassing to look at and needs to change asap or I’m going to be depressed forever. He said some other things, some more personal awful things. It seems like I’m complaining for no reason. Like me being mad at my brother is wrong even though I was the one that yelled “fuck you!” And tried to hit him(he’s twenty five, stocky and in the navy) and I’m 18 a biological female and way less than 100 pounds. What damage could I have done anyways? I wish I could go back, the way he was screaming at me and all the horrible things he said felt degrading and not helpful at all. And through all that, he thought that I was going to want to have a silly little chat with him after? “You can’t focus on the negative things” brotha you have only told me negative things to the point where the positive ones don’t even matter. ",1,0,1753968824.0,mentalhealth,user_3887,False,True,2025-08-01T10:00:20.091548
1mdx6kt,Help psychosis,Hie .. it has been 4 years since ive taken my last psychotic medication.. I was diagnosed with psychotic depression.. most of my psychosis is gone and I feel much better the only thing I battle with is with depression on a daily basis .. I get depressed easily which is random plus there the psychotic thoughts which hinder to achieve personal growth ... it may sound funny but drinking monster energy which contain vitamin b has lead to ease and better mental clarity .. should I take vitamin b supplements or seek psychotic medication ,2,2,1753954953.0,mentalhealth,user_3888,True,True,2025-08-01T10:00:20.091548
1me1ajk,I can't stop putting my stress on my partner,"First of all sorry for my English, it's not my first language, and I hope I'm on the right sub.

A little bit of background, I had a thought childhood with both parents absent and a violent dad. Got used and assaulted in all my relationships before my current partner and I'm overall extremely stressed all the time.

I moved to another country to study less than a year ago, meet my bf there in last February.
At first everything was wonderful and he's an amazing person.
We waited a long time before getting together which caused me some doubts and insecurities. We were doing everything like a couple and he never made any of his exes wait before me but being official was too much for him.


We got into an argument bc of this a few months ago and I've been feeling worst and worst since then, I easily resent people so in my head nothing is truly the past and everything ads up yk.
Bc of that I've been extremely stressed concerning our relationship and I putted a lot on him.
Less than two months ago he told me that he doesn't want to see me anymore bc he doesn't feel comfortable anymore...
After hours of talking etc, he asked me if we could try again, I said yes.

Things have been wonderful, for a long time. But waiting again hurted me a lot, causing other arguments and a lot of stress. (I'm also applying for uni and lost my job recently so it really ads up..)

Recently he asked me if I wanted to be his gf and ofc I said yes, but I still feel insecure. He works a lot and text me less and less, even if I know he loves me, I feel awful.

I feel so insignificant to him, he's wonderful when we're together but damn by text..it's like talking alone sometimes, I feel like he doesn't gaf about me.

I also feel unattractive, don't really consider myself pretty but on the other hand he's extremely handsome, and recently he told me that after an argument he used porn to ""put himself to sleep"" while I was omw to his place... We're from different culture and I never thought this would be a problem (never dated out of my culture before) but for me porn is cheating. He apologized and I know I should've thought about it before, but now I feel disgusting and even more unattractive.

And finally today, still thinking about this I texted and called him and he told me that he feels like he's only here to reassure me all the time and that's a lot on his mind, he feels bad etc...

Due to studying in a foreign country, I don't really have friends here and it's true, I put everything on him all the time.

Sadly I can't afford therapy but idk what to do, I don't know how to deal with my constant stress and I don't want it to ruin my relationship.

Rn he's on call with me, sleeping. He repeats all the time that he loves me etc, I know he does but my brain try to convince me 78 times a day that he hates me bc I'm annoying etc.

I'm scared that he will definitely stop loving me bc of how I am, and I can't deal with the stress anymore. 
It's always on my mind, my mental health is awful and I think about ending things daily, I'm just not happy when I'm alone but I know I'm asking him too much...",1,1,1753967761.0,mentalhealth,user_3889,True,True,2025-08-01T10:00:21.410571
1me17eg,Seeking clarification for my situation,"I always feel like something  is in me throughout my whole life. I have been admitted to a psychiatrist and it is most likely an auditory hallucination but after some procedure the possible cause was some sort of autism . Quit this whole thing as I was busy with my life to handle study and other stuff. My brain always try to think and come out with every possible solution when a problem come, it is really hard to control it sometimes... I always realized this part of myselfwithin me but always deny it as I wanted to be part of the normal society...

I never really had anyone to really confessed what I have always feel about myself... I always know im some kind of weirdo but some people always say im just the guy who try to be different... so sometimes i really confused wether it is really true or not or maybe it is true but i purposely want to make myself to think this way just to feel justified for what i do..

Im sorry if I make myself seems like the one wth all the big problem here..Im just trying to get opinion that maybe can get me a peace in life on later days....

There is  a lot more to say maybe through piece by piece...",1,0,1753967535.0,mentalhealth,user_3890,False,True,2025-08-01T10:00:21.410571
1mdwxbs,Just started Therapy and confront my Social Phobia,"I typed in 3 times all my problems i had yesterday while being with friends but i think they are just in my head, perhaps im atm a bit of an asshole bc i feel attacked so easily but i see it and try to work on it.

It feels so awful and i think everybody hates me or is getting the thought of not liking me.
My head always goes in survival mode and i dont have fun i just try to be normal and not getting laughed at too much.

I will go trough this and hope i can become the person i wanna be.






",2,0,1753953933.0,mentalhealth,user_3891,False,True,2025-08-01T10:00:21.410571
1me1585,Anxious about new Job,"Hi, I started working in a hospital and I have to interact with patients. I do have some level of social anxiety but I’ve made good progress on it. 

Just wondering if anyone else may be struggling with something similar. Ive only gone to my first shift so far (im part-time) and it went well but mainly because I was just shadowing and not actually taking initiative. 

It would be nice to hear if someone has a similar experience and any tips to maybe help with the fear and anxious feelings. 

Thank you.",1,0,1753967381.0,mentalhealth,user_3892,False,True,2025-08-01T10:00:21.410571
1me12h5,My life got ruined,"I am 15 years old and i hate my 12 year old younger brother because he like to put his problem and throw it to me , and now i got no friends . I can't deal with this nonsense anymore. What should i do 😭",0,0,1753967187.0,mentalhealth,user_3893,False,True,2025-08-01T10:00:21.410571
1me11nt,Overcoming social anxiety seems impossible for me,"I had social anxiety I believe my entire life, but ever since high school, it's been hell for me. Especially in college. I struggled making friends because of my social anxiety and perhaps how my brain works. 

My focus is completely fucked. I have hard time focusing on anything. Whether I'm in class, talking to someone, watching a tv show, reading (I have dyslexia), etc... I have memory issues. For example when someone tells me an important information, I always forget one thing from it, or I go outside to the store and at the cash register I reliaze I forgot my wallet. My brain is also interpeting things wrong. Sometimes when someone asks me a simple question, I'd either mishear what they've said, respond without thinking or interpret it wrong. I am almost always 24/7 distracted ans anxious. I'm am also a perfectionist. I was like that since I was born. 

How can I believe in myself despite having all these issues inside my head? How can I be confident if I'll always fuck up badly and be perceived as someone who is stupid? I know everyone makes mistakes and it's stupid to punish myself for that, but I can't let go of it. It's like my mistakes are far worse than others. I feel like everyone is above me and I'm a dumbass. Even with hobbies and soon having a degree literally doesn't change me.

I believe I have adhd, but I guess saying that out loud sounds kinda cringe, because would just say that I'm making an excuse because I'm lazy or I'm avoiding accountability. I can't really get tested for adhd because where I'm from it's not possible 'cause doctors think it's just an american/made up disease.

How can I eliminate anxiety around people and when I'm alone and what are some advices or tips that I should implement?",1,1,1753967127.0,mentalhealth,user_3894,False,True,2025-08-01T10:00:21.410571
1me0u1h,Diagnosed with depression but think I have BPD.,"For the last few years I’ve been convinced I have some kind of personality disorder. After researching, I fit almost every single symptom of BPD. These symptoms have been persisting since I was a child however I only became aware of it a few years ago. 

I have destroyed every single friendship/ relationship I have ever had. I am volatile, insecure, emotionally unstable and generally an unpleasant person to be close to. Because I’ve never sought out help for any of it it’s just manifested and I constantly feel like a monster and like the world would be better off without me.  

Finally I decided to confide in a doctor and tell her about my experiences, trauma, and symptoms. I told her I suspect it’s BPD and would like it looked into. Instead I was diagnosed with “mild depression” and put on fluoxetine. 

After taking it for a while, sure it makes me less suicidal, but it doesn’t take away the other aspects of myself that clearly aren’t depression related. The impulsivity, the abandonment issues, the splitting, the dissociating, the self harm, the mood swings, are still very much present. 

So whilst I don’t feel depressed now, I am still affected by my non depression related symptoms every day. I don’t even know where to go from here to get someone to listen to me. I’ve referred myself to therapy and my first appointment is next month but I feel like things are just getting worse day by day and I don’t even know what to do. 

Sorry for the rant I just needed to get it out somewhere. ",1,1,1753966578.0,mentalhealth,user_3895,True,True,2025-08-01T10:00:21.410571
1me0nqx,This is the book if you want to learn about dopamine receptor in PVC brain if you have schizophrenia,Its called cannaboid receptor functuin in the medial prefrontral cortex. You can read it buy it in IDR its only 75.000 Indonesia Rupiah. If you like to commit suicide or depression you might want to learn about mentall ilness schizophrenia. Its based on the truth on my story. Thank you. ,1,0,1753966105.0,mentalhealth,user_3896,False,True,2025-08-01T10:00:21.410571
1me0lar,Nightmares about my ex,"Hello everybody, I am F/24 and when I was 22 and abroad for some time, my Ex of 8 years broke up with me over the phone.

He lived in an apartment my parents owned right next to my bedroom, and only days after the breakup he took his female coworker there that he probably still dates to this day.

The relationship was very toxic and he wouldn't touch me for months, years. It was very traumatic for me. He twisted every word I said and when other people would call him out for treating me bad, he would ask them what lie I told them, even though those people just observed his behavior themselves. During the entire relationship, (in the beginning on/off) he would have contact to his ex, which still liked him, but he would never believe me.

In the end, he denied me a last closing conversation after I was back in the country, the reason being ""it would be disrespectful to his girlfriend"" which gave me nightmares for months and still makes me feel unfinished, like there's something left to say. In the nightmare it's usually him not believing me, brushing over everything I say, telling people lies about me or just actively trying to destroy my life. 
We live in the same town, but I have never seen him again after he broke up with me over the phone (thank god)

Shortly after our breakup me and my new boyfriend found eachother in a different country. He is the love of my life and everything is perfect in our relationship, but the nightmares keep coming back..
Usually when I'm sleeping next to my boyfriend, those nightmares don't happen.

When I'm free and I can sleep in, the nightmares are so intense and seemingly real that I cannot wake up before like 3 PM. Also I'm usually extremely drained after waking up since it's probably very exhausting to go through this at night...

I really don't know what to do. I don't want to contact him, I don't want to see him ever again. I hope I will haunt him for a long time, he did me so wrong.

Does anybody have any advice how to make these nightmares stop? It's killing me and I don't know what to do 
",1,0,1753965920.0,mentalhealth,user_3897,False,True,2025-08-01T10:00:21.410571
1me0jnq,Has anyone had a psychological assessment but for multiple things? How does it work?,"So I have another psychological assessment for mood disorders (F3), anxiety and stress-related disorders (F4), personality disorders (F6), developmental disorders (F8), and behavioral/emotional disorders in childhood and adolescence (F9). 

I’m diagnosed with generalized anxiety disorder, social anxiety, reoccurring depression, accompanied by panic attacks. 

Last psychologist said I should get tested again because of high likelihood of being neurodivergent, she suspected adhd. 

Last two therapists also suspected adhd and autism (and current psychiatrist which is why I have the multiple things for testing I believe) 

But I’m not sure how this testing would work if it’s so many things? I’m not sure how to get into the different symptoms in the time we would talk to each other ? Last time I couldn’t get everything mentioned and we already talked for at least an hour and then had other appointments with a few hours of testing. 
Or maybe I don’t need to mention things from social anxiety etc? Like the things I’m already diagnosed with I can leave out? But then how would they properly evaluate 

I just don’t want to „mess up“ the appointment I’ve been waiting for especially because I do think it would help me to know if I actually have adhd or autism
I do believe I also might have OCD because of daily like intrusive harm thoughts and unwanted sexual thoughts but maybe it’s from generalized anxiety ",1,0,1753965795.0,mentalhealth,user_3898,False,True,2025-08-01T10:00:21.410571
1me0cee,What does it mean when you stop dreaming?,"Are you dreamless? Do you ever remember your dreams?

What does it mean when you stop dreaming?

Perhaps it should read, ""What does it mean when you stop *remembering* what you've dreamed?""

I say this because I read or heard somewhere that we're always dreaming, that our brains are constantly active even during the deepest sleep, that it's the *remembering* that is the key. Maybe this isn't correct. I'm too tired to care all that much.

Lately I've noticed that I've stopped remembering my dreams. And by ""lately,"" I'm talking about the last year or so. If what I've said above is true —that we dream even if we don't remember it —technically, I guess I haven't *stopped* dreaming; it's just that I no longer remember any of them when I wake up.

And before you tell me about the incredibly fleeting and transient nature of dream memories, how it's natural for us to forget them, I get it. I know that most dreams are gone in minutes, sometimes seconds after waking. For me, though, this feels different.

Sudden onset dreamlessness.

I noticed it because it felt abnormal. Most of my life, I've been a vivid dreamer. Bazzar dreams. Dreams that I'd recall hours, sometimes days later. Not incredibly pleasant or nightmarish, just your average dreams, I guess. Dreams that skirted the realm of unreality without being drenched in the absurd. Pleasant and strange enough to qualify as dreams but rooted in an appropriate amount of real-world to be considered sanely sensical.

But what does it mean when your dreams seem to have left the building? Why have I stopped dreaming? Or remembering my dreams, if that's more the thing. And how do I get them back?",1,1,1753965251.0,mentalhealth,user_3436,False,True,2025-08-01T10:00:21.410571
1mdzsa0,Don't know what key phrases to search for this one,"My whole life off and on since I was a kid I get flashes (and i mean half a second if that) of dread that is so vivid and strong even though it only lasts half a second i am do aware it happened. Its more of a curious feeling after like huh that thing happened again. .

I really struggle to articulate how it feels but the best I can put it is I FEEL the concept of impossibility? Sometimes they have thoughts to them. 
An intrusive thoughts like ""if i dont guess the name of the person in the world that just did a sneeze on that bridge the other side of town I'll die"" but then after a second the thought and feeling is gone but I have the memory of what being in that situation truly felt like, like a dream. 

I dont feel the need to do anything about it even in that split second because I already know its impossible. 

It affects my heart a bit like the worst sinking feeling in my heart but again only for a split second. 


It used to happen more when I was younger and then only sporadically and now its back to being maybe once or twice a week?

Any insight on key phrases to search? It doesnt overly bother Me but I'm curious. ",1,1,1753963682.0,mentalhealth,user_3899,True,True,2025-08-01T10:00:21.410571
1mdzqvu,i cant shut my fucking mouth,"As of recently I keep finding myself being talked over and my opinion disregarded. I guess its fair enough, though; I've always been the ""annoying kid"" so I wouldn't be surprised if it carried over to now. I've constantly be told to ""quit talking"" because no one cares about what I have to say. But still, time after time, I never shut my fucking mouth, I catch myself but I do it anyway. I fucking hate this, if I suddenly stopped talking people would question me, but they would also be better off if I didn't talk",1,1,1753963566.0,mentalhealth,user_3900,False,True,2025-08-01T10:00:21.410571
1mdzcwc,"Those in therapy, what are you working on with your therapist?","I like my therapist a lot but we don’t seem to be working on any one thing. We just start chatting and sometimes the conversation will go deep into the bowels of my brain and I come out thinking man, that was great. 

Other days the conversations don’t lead anywhere. Just surface level topics, not helpful in the grande scheme of things. It seems like this is happening more and more often and it’s frustrating because I feel like mentally I’m just… wrong. And I can’t put my finger on it but these conversations aren’t helping me feel right. 

I’m curious how your conversations with your therapist goes, like do you have specific topics you bring up every time? Do you bring up topics or does your therapist lead the conversation? ",1,3,1753962413.0,mentalhealth,user_3901,False,True,2025-08-01T10:00:21.410571
1mdzb7f,I dont know what the hell is Wrong with my family,"I used to be a ten year old who would cry at birthday parties And in gymnastics practice I dropped out of it that year.I wouldn't stop crying Just because I felt So scared and sad I'm pretty sure looking back.My mom thought I was being molested Which I wasnt. I was the twelve year old Who was Starving herself For the attention of her friends and family I was the thirteen year old Who was cutting herselfalso for attentention Then I was fifteen , and I had a really bad relationship To my
Best friend , I stopped showing my friends my scars( my family hasnt seen them ever and doesnt suspect anything) And I would hurt myself Crying so angy I didn't want to feel like my dad who was always angry and once when i was around that age had shoved me and choked me a bit with his arm i bit him to get free. The next day he was joking with my mom about it. My social anxiety would become so bad my oral grades were so bad my heart beat so fast everytime i wanted to say sth in class my hands were sweaty. In 12th grade i dropped out every lesson was scary every minute i felt like i couldnt take it now ive been lying in my bed for 5 months i tried sertraline and venlaflaxin it doesnt work my therapist doesnt think she can help me she says i have to go to a clinic. I got a cat and i try so hard to do ANYTHING but its so hard to be happy and productive when you dont have any hope and are so very tired. Also my sis has been struggeling with an ed since she was like 14 and shes 19 now and had to be on the border of dying before my parents noticed and got her help( shes in a psych ward atm)

",1,0,1753962268.0,mentalhealth,user_3678,False,True,2025-08-01T10:00:21.410571
1mdz7wf,Desperate for any kind of affection,"I have always felt like I was never good enough to be anyone's friend, best friend or girlfriend. 

I felt so desperate not to be alone that I had friendships where they would tell me to end myself and send photos of myself to men and tell them how much of a slut I am. The worst part is ... I still feel like I deserved it and that they were right.

I find myself looking for any type of affection anywhere I can and make myself believe that finally, despite all my flaws, I have found friendship. Then the replies start to get less and its always me having to start the conversation... and when this happens I it always hits me... I will never be enough and I am not capable of being loved in any way.

I honestly just want to find someone... I want to be enough. Why am I so me and what can I do to stop being like me.",1,9,1753961977.0,mentalhealth,user_3902,True,True,2025-08-01T10:00:21.410571
1mdz5li,Discord Server for practicing mental-wellness,"🌻 **Need a listener? Or want to be one?**  
We’ve created a small, safe Discord server for people who need emotional support or just someone to talk to. No judgment. Just empathy, care, and connection. Join us 💬💛",1,0,1753961771.0,mentalhealth,user_3903,False,True,2025-08-01T10:00:21.410571
1mdz5c1,I’ve lost hope in my future.,"EDIT: I had to enable a VPN just to view this post that I made in my country. What a world we live in.

So I’m a 19-Year-Old (2006) from the UK (London specifically), and I just feel like I stand zero chance of having a future worth sticking around for.

I don’t come from a lot of money, and I want to be able to have my own room and/or place ASAP because I live in a household with two narcissists and it’s honestly so draining.

But, I just can’t get work. I have no prior experience and I feel like companies are less inclined to hire me because I’m autistic, like I have a choice about having this disease.

On top of that, I’m still in college because I was really behind in education and I just feel so embarrassed when I know people who have finished or are halfway through University.

And that’s just all the issues presently affecting me. I’m a pansexual person and with the way this country (and the world) is going I don’t know how long until I no longer am allowed to be myself in society, transgender people have already gotten it really bad here and I doubt it’ll stop there.

Then there’s laws like the Online Safety Act, there’s Climate Change, changes in technology which could full well lessen jobs in the industry I want to work in. 

I just feel so hopeless, so drained, so done. I just want to end my life.

Why did I have to be born now? Why is my life over before I ever got a chance to live it?",1,1,1753961747.0,mentalhealth,user_3904,True,True,2025-08-01T10:00:21.410571
1mdz01r,Lonesomeness is killing me,"Hey… I’ve never made a Reddit post before so I’m not sure how this will go but:

I’m a 24 yo girl. After high school I lost all my friends (I have chronic depression but at that time i suddenly developed an anxiety and panic disorder which made me unable to leave the house for one year). 

Anyways, the past 6 years I have been all alone and I cannot take it anymore. I have been hysterically crying everyday, harming myself and smoking weed to stop the overthinking. 

I’m in therapy and asked for a voluntary admission into a ment a health clinic but my therapist is against it… which was my only solution for a little break since I live at home with my family who are driving me more mad and I feel suffocated having to stay in my isolation cell room all day where you can only sit on one chair as the floor is covered in trash bags (filled with clothes and stuff not actual trash but it still makes me feel like I’m spending all my days in a wasteland)

I just don’t know what to do anymore. I don’t live in a warm happy country where it might be easier to make friends. Where I live people have their friend group from when they were young and they stay with that group and don’t feel the need to add any new people. It’s also not a country where you go outside or sit in a café and make small talk with strangers who you could befriend.
I figured it would get better when I started uni but it is actually worse because I don’t know why they do this but the people that I have classes with don’t even acknowledge me and it makes me feel even more invisible and horrible. 

It feels like an isolation cell in prison. And I think I’ve reached my breaking point. I black out a lot and can barely remember these past few years, if at all. 
I feel like I wasted my fucking youth by staying inside alone instead of going out with friends and stuff. 

At this point I don’t think there’s a reason to stay in this life. I attempted to take my life three times before I turned ten yo and I wish I would have succeeded because people always tell you it gets better but it has only gotten worse. 

Please if anyone has any last tips or advice that I could try before i kick the bucket….. the depression and anxiety is one thing but the loneliness on top of that is my last straw…",1,0,1753961277.0,mentalhealth,user_3905,False,True,2025-08-01T10:00:21.410571
1mdyynn,NO MAN EVER LOVE ME,"many men confess love to me especially through internet yet they do nothing to prove it .

they dont wanna show face , they will be perverted,asking me to fly to their country or they would about liking me

for example ,my so called ex who said he wants to marry me  suddenly asked me not to text him anymore .then he said he will never ask me not to text him anymore .i said to him that i missed him and he doesnt miss me (we didnt talk for weeks) .he leaves me in seen .what da heck .he clearly lied about liking me

the previous one said he would become my boyfriend and claimed about sending money with gifts to me .end up ,it is a lie and he said i am ugly and fat .he also blocked me .but he came back saying 'i am sorry ,my pretty woman .please forgive me .but i told him that he is brain les and he blocked me lol

maybe men just dont fall in love .at least not falling me for me

but i personally hate falling in love as well .it makes me feel weak .i rather love my friends .most of my ex friends aint useless at least unless those men",0,5,1753961155.0,mentalhealth,user_0985,False,True,2025-08-01T10:00:21.410571
1mdytzk,Why can't I communicate how I'm feeling?,"Whenever I find myself, sad, depressed, annoyed or feeling any kind of negative emotion I really struggle to put into words what I'm feeling and what caused it. I just find myself sat there ""feeling"" and not actually understanding what or why I'm feeling down 

Has anybody any tips or tricks on reflective techniques etc that they use to try and understand themselves and their emotions better??

It's becoming an issue in my relationship as I'm struggling to communicate to my partner how I feeling or more importantly why I'm feeling it, my partner is a mental health nurse and so she is really good at communicating her emotions and encourages people to open up as part of her job, but I struggle so much. I don't want this to put distance between us. Its almost like I'm holding myself back from understanding myself but I don't know why? 


(Apologies if this is not appropriate, and confusing) 

Thank you in advance ",1,2,1753960729.0,mentalhealth,user_3906,False,True,2025-08-01T10:00:21.410571
1mdystf,I feel nothing unless I overdo everything,"For a few months now, I can't feel satisfied unless I indulge myself.  I masterbate a lot, eat a lot, sleep a lot, just laying down, and just use my phone 24/7 because I feel stress if I don't, I panic, it's like the moment I stop, my thoughts just go haywire, I'm afraid because those thoughts are just violence, evil dark stuff, that I'm afraid that I'll do, and even think of.

A year ago, I was on my peak health. Physically healthy, exercising almost everyday, finally ate healthy food, and on my way to recover my mental health but this February of this year, me and my family had the biggest fight we had, and I runaway. I walked for miles just to go my aunt. We had a intervention by our family friends and we all got to family therapy, mom and dad got into couple therapy. It was great, we finally got to talk about our problems we been ignoring for years. We finally try to see each other but after all that just like a month of all those therapy, it's like nothing happened.

That's when I started to feel numb which led to me trying everything to make me feel something. Masterbating, eating a lot, sleeping, doom scrolling. I hate it I HATE IT!!

I gain over 20 pounds. I can't focus on my studies,. masterbate more than twice everyday, and I just use fucking Al to cheat my way through college because I said to myself, why am I even doing anything if I just want to do it because of money and not because I love it!?

At the beginning of June, I tried, I really tried hard to improve myself, went back to the gym, started to do Judo again. Stop masterbating for a week. Then I just fucking stopped all that and continued what I did usually.

What the hell is this!?? I fucking hate myself. I want it to end. And this thoughts, this thoughts is killing me. It just stop. I want it to stop.",1,1,1753960621.0,mentalhealth,user_3907,False,True,2025-08-01T10:00:21.410571
1mdyqx2,"Saw stuff, don’t want any trouble","Hello, so I am someone who has early internet access and months ago while I was doing what teens do with internet access, and I accidentally came across disturbing content and at the time I saw it and went back to it again a few days later then stopped entirely. But now months later I can’t stop thinking about what I did and saw. I don’t have anything saved and I don’t want to hurt anyone, I have siblings, I’m around kids and have zero bad thoughts towards them but I’m scared I’ll get in trouble if I tell someone what I saw and I can’t tell my family because I’m scared they’ll take it wrong and I have a bad feeling in my chest because of it. I don’t know if it’s anxiety or POCD but I don’t want to self diagnose myself nor asking for anyone diagnosis me. I just want to forget about it all so I can stop worrying. I’ve already been to the whatsok website for help but idk. Sorry",1,0,1753960448.0,mentalhealth,user_3908,False,True,2025-08-01T10:00:21.410571
1mdyju7,The bubble popped... and I don't know what to do.,"I never cried because of mental problems, because I thought I never had any. Until now. I always thought that people were overreacting when they said it's hard to support the ones you care about, because I never had any problems... or so I thought, before one of my friends just told me they were thinking about ending it. The brick finally hit me. It is truly fucking hard.

I think that at first it was actually okay, but as time went, the bubble with all mental problems I kept in it started stretching - I started to get weaker, but I gaslight myself into thinking I'm still doing good. Now the bubble finally popped though and it all splased over my face - my strenght to support my two friends who's lives are absolutely falling apart and knowing that I'm the only thing that keeps them from drowning, but also small things that I ignored, because they were to primitive that nobody could have mental problems from them. 

I keep them from drowning, but right now I feel like I can't breathe too. Knowing myself, tomorrow I'll think I just overreacted today and I'll try to get over it, thinking it's nothing. I feel like I need a therapist, but tomorrow I'll let a new bubble appear, then I'll wait until it pops again and let this process repeat all over again and again... Even bigger problem is that I'm only 15 years old and I don't think my mom will let me get one. We're in a terrible financial situation (which is one of the ""small things"" that made the bubble pop too) and she doesn't trust them. After what the school therapist did in 7th grade I don't really trust them either, but I don't want to constantly drown and I don't think I can actually get out of the water without a helping hand. 

I don't know what to do... What if I'm overreacting? What if I ask my mom and she approves a therapist, but we get into worse financial situation? It's expensive as hell. What if I just gotta suck it because it's actually nothing? What if I actually don't need a therapist?",1,7,1753959818.0,mentalhealth,user_3909,False,True,2025-08-01T10:00:21.410571
1mdyj7m,How on EARTH do you guys get yourself to sleep,"I am sick and tired of not being able to sleep. Ill be tired all day, excited for the evening. Even on days where i actually do things that are not just physically healthy but also good for treating my
depression, like going outside or working out, i can never sleep at night. It is so so so annoying. Especially since im on summer break right
now and not obliged to get up early in the morning.

For me, the struggle is sometimes .. just like physically not being able to sleep. Like i will lie with closed eyes for an hour and just still be awake. But sometimes, when my depression worsens, i get scared of sleeping since i dont want to wake up in the morning and have to live on. 

I took zolpidem for a couple of months last year and they helped SO MUCH, but my psychiatrist wont prescribe them for me again since theyre not exactly healthy to be on for a long time. As for melatonin, theyre kinda hard to get prescribed where i live, but i am trying. 

Is there anything that has helped you guys? 
And as for melatonin, does it really work, even when using it over longer periods of time? ",1,3,1753959763.0,mentalhealth,user_3910,False,True,2025-08-01T10:00:21.410571
1mdyi94,Am I a psychopath,"
For context I (18m) really have wanted a pet bunny or any type of rodent pet but specifically a bunny and I have spent hours researching and planning since I was in early middle school. However since I have and still do live with my parents it has always been up to them and they have always said no. This has been something I’ve wanted for so long and now I know people who have pet bunnies but going to someone’s house to see one isn’t the same as having your own. I am obsessed with bunnies, basically every time I go on instagram or youtube I am flooded with videos of people showing off their bunnies and it’s to the point where I feel an immense pain in my heart when I see them. Recently as of a month ago I have grown an urge to watch bad things happen to them, like watching hunting videos and lizard feeding videos where they kill the small animals and I enjoy watching them be in pain. I don’t necessarily feel like I want to or don’t want to but it’s more of an urge that needs fulfilling instead of something I want to do, like it’s something I need to watch, and fulfilling that urge makes me feel good and I want to watch more. And it’s starting to carry over to my actual life where I was at a friends house and I was chasing around their bunny (in a playful way) and trying to pick it up. I could tell it didn’t want to be picked up but I again had that urge to grab it, I mostly just wanted to hold it, so I did and then it was resisting so I decided to let it go, I was holding it no more then three inches off the ground and it jumped out of my hands and hit its head going into a seizure. It’s completely fine now, and it’s been dropped before a lot (not by me) but in the moment I was worried but I worry that was because I was more worried because of the consequences I would face and not because the bunny was in pain. This urge comes and goes and I would really like to stop it because I know this is not a good thing. It always comes up when I feel so sad that I can’t have one and then leads into feeling like that. So I don’t know what to do, I feel like a psychopath but I can’t stop getting that urge when I feel that sorrow",1,6,1753959684.0,mentalhealth,user_3911,False,True,2025-08-01T10:00:21.410571
1mdyf8j,question for older people who lost their parents at a very young age,hi i’m 19f and i lost my parents at the ages of 5 and 7. i’ve seen a lot of nasty and horrible things in between those ages. for a very young child to see things and lose their parents ive been sent to therapy at a young age but didn’t understand how it worked so that didnt help much then until i got older and understood how therapy works. i understand that i cant change the past and can’t reverse anything but no matter how hard i try i cant get over the fact that i have no biological parents and never grew up with biological parents. im left with so little good memories of my parents and i could tell they loved me so much. i grew up with my aunt and uncle with their own children but i don’t feel like i fit in and i hate the attention of how they treat me like one of their own. i miss my parents everyday and since i was little i used to run into those videos of soldiers surprising their children or family members that they were home and i always wanted that as a kid and always wished my parents would surprise me one day at school or at home or anywhere and i still feel like that kid. im still waiting for my parents to come home. i know they won’t but im just wondering if when you’re older if you still miss your parents just as much as you did when you were younger? and does things get better? i still go to therapy and talk about these things but i can’t help but keep thinking about it.,1,0,1753959420.0,mentalhealth,user_3912,False,True,2025-08-01T10:00:21.410571
1mdy4n4,I hate being inferior,"I genuinely hate anyone who is better than me at something I'm good at. But like not when it's something I'm bad at idk. 

When someone's better than me, I compete and try to bring them down. I know it's bad but I literally can't just give up and move on that they're just really good. No. 

I get even more upset when the person doesn't even see me as a competition or a rival. I hate it when they're so nice and even supporting me. I hate it so much I hate it I seriously fucking hate it. Like why are you being so nice to me, I'm trying to hurt you stop being nice and hurt me back for gods sake. 

Dont get me started when I finally ""beat"" them and they just go ""Awh congratss"" LIKE WHAT NO FUCK THAT WDYM CONGRATS. I didn't just spend my time trying to compete, trying to be better, trying to finally accomplish that feeling of success out of spite for you to just say ""you did so good!!"" Fuck you. 

I know this is bad. I know I should be happy that I finally reach the top, but for what?? The person doesn't even care. They dont feel jealous, they don't feel like shit. They didn't feel the pain I went through. 
I don't know what to do. But I really hate being inferior. ",1,0,1753958404.0,mentalhealth,user_3913,False,True,2025-08-01T10:00:21.410571
1mdxiv6,"Scratching my palm/wrist, how should I stop/replace this habit","Hi, I have noticed that I’ve developed this weird habit where I constantly scratch my wrist crease and the palm region (hypothenar eminence) when I’m bored or just zoning out. It started because of friction from my wrist rubbing against the edge of my computer, but now it’s become this automatic thing that feels really good whenever I do it. It’s a bit of a comfort mechanism, but I’m wondering if anyone else has experienced this and if you have any tips to break or replace this habit? Has anyone tried wearing some physical barrier e.g. sweatband/gloves to stop the habit? Does it actually work?",1,1,1753956221.0,mentalhealth,user_3914,False,True,2025-08-01T10:00:21.410571
1mdxbpq,"Restless, anxious, overdoing everything, not sure what’s going on","(Female, 21 years old)

I have been feeling extremely restless for the past few weeks and I’m not sure what’s happening to me. I work as a flight attendant, which means I have to sleep early sometimes (like 6–8 p.m.) and wake up at crazy hours (like 3 a.m.). But even when I try to sleep, my heart is racing, my mind won’t shut off, and no breathing technique or meditation helps, maybe for 5 seconds at best.

During the day, I can’t seem to focus on anything. I’ll open an app, then another, and just… do nothing. And when I finally start a task, I overdo it. If I clean the bathroom, I end up cleaning the entire house, I fold every piece of clothing perfectly, organizing everything. It’s like I either do nothing or too much.

I do have Hashimoto’s disease and I’m under treatment, but I’ve had that for 2-3 years and I honestly don’t think it’s the cause.

Therapy isn’t very accessible or socially accepted where I live, so I’m hoping someone here might relate or have ideas, whether natural remedies, grounding exercises, routines, anything. I’m doing okay at work, but life feels like a never-ending task list, even the things that used to bring me joy.

Thanks in advance for reading. Would love to hear if anyone’s been through something similar.",1,0,1753955505.0,mentalhealth,user_3915,False,True,2025-08-01T10:00:21.410571
1mdxapr,What are some gonto mental health questions one is supposed to ask themselves in order to reduce anxiety?,Im F( 22) and I'd like to improve on the rate at which I have anxiety and panic attacks. What are some questions that can help me relax?,1,1,1753955398.0,mentalhealth,user_0984,False,True,2025-08-01T10:00:21.410571
1mdx9ds,Was it normal?,"Was it normal that I would secretly lift my shirt and shake my hips and ass in front of a mirror when I was seven?
Was it normal that I would compulsively and secretly touch myself under the covers with my sister in the same bed or in the car? 
Was it normal that I would sext older men when I was nine?
Was it normal that I’d be convinced random men in my life wanted to 🍇 me when I was a kid?

I have DID and these memories are attached to an alter where I can’t quite access some memories. I don’t remember why I would do these things and it’s stressing me out.",1,0,1753955251.0,mentalhealth,user_3916,True,True,2025-08-01T10:00:21.410571
1mdx8i7,I might be depressed and I have bad anxiety that’s holding me back from moving forward in life,"I just turned 25, I get married in a month to my amazing fiance, but I’m constantly feeling down about life. I’ve worked car detail jobs my whole life plus a few random gigs like factory work and worked at USPS for a few months. I want to start a trade or something but I’m greener than grass when it comes to that stuff and constantly have a fear of judgement like I won’t be good enough for any of those and will be made fun of or look like an idiot. I feel the pressure, being married soon and as the man not making the most money- or even good money, I don’t want my wife to leave me down the road cuz I don’t have a career and can’t provide. She has a great job and has been there for 5-6 years and makes double what I make, which she 100% deserves. But I feel like everyone judges me for this. How do I get over this hump? I think about it everyday. I know I need to start a trade or something to set myself up for life and take care of my wife and future kids, but everyday I constantly bash myself for being a wuss and not stepping up, simply because I live in a constant fear of judgement if I tried something new. It’s really exhausting.",1,1,1753955159.0,mentalhealth,user_3917,False,True,2025-08-01T10:00:21.410571
1mdx68x,"“Mental health gave me a mission — now it’s a brand.”
	•	“BNT = Better Next Time. A reminder I needed. Maybe you do too.” Ottawa based.","Not just a brand, its a mindset",0,2,1753954916.0,mentalhealth,user_3918,False,True,2025-08-01T10:00:21.410571
1mdx09z,BNTGear. First Canadian Brand that focuses on the mental aspect of athletics. #betternexttime,"Not just a brand, its a mindset.",1,0,1753954262.0,mentalhealth,user_3918,False,False,2025-08-01T10:00:21.410571
1mdwx39,i dont even know what to say. its terible.,ive been to therapy/psyhologist bcs ive been just feeling sad and numb and umotivated and stuff like that for some time now. ive selfharmed but they dont know. anyways. the theraoist suggested a look at doctor at pedopscyhiatric and ti see if i get antidepressants. the worst thing is. ive lied to my oarents all the time saying im ok and that i was ok while was worse. they think the therapist is ood for saying this and i think they arent comfortable with this. now i just feel like i dont even need medicine bcs that was not what my parents expected,1,2,1753953907.0,mentalhealth,user_2141,True,True,2025-08-01T10:00:21.410571
1mdwt74,Does anyone else feel like this?,"
Do you ever feel like you're both a passenger and prisoner in your own car while your depression is the one driving it? Like you're simply looking out the window as your depression just drives and not saying anything to you at all? But when you feel confident enough to tell your depression that you'll drive, the depression tells you no because it gaslights you into telling you that you won't reach your destination(s), and that you should just let it take the wheel instead before everything goes back to the awkward silence. 

That's how I (20M) feel, and I know that it's a very dumb analogy for depression, but that's how it feels to me to be honest. 

",1,0,1753953468.0,mentalhealth,user_3919,False,True,2025-08-01T10:00:21.410571
1mdwids,Going insane in army,"Hi! So my guy has been stuck in army in a empty room for 2 weeks already. His leg is broken and he feels extremely depressed and anxious. He went to the army psychologist last week, but they denied any treatment for his mental health.  
His roomies come back next week. I'm trying to talk w him as much as I can and be there for him.

Do you have any suggestions to make him feel better and less depressed? ",1,1,1753952301.0,mentalhealth,user_3920,False,True,2025-08-01T10:00:21.410571
1mdwi6q,Flashbacks and nightmares.,"I had been doing pretty good lately moving on living life, not many episodes or big issues in the last year. Until last night. I lay in bed having near constant flashbacks. It didnt throw me into a panic attack like it usually would so I guess that's progress but instead I had nightmares of returning to the place where the worst of the abuse too place. Now im awake again I just cant shift the feelings and I dont know what to do with them. Any suggestions?",1,1,1753952280.0,mentalhealth,user_3921,True,True,2025-08-01T10:00:21.410571
1mdwdnu,Breakup situation,"Hello everyone, i hope everyone is okay because im not, im 20 years old and just broke up with my partner of 5 years, maybe for people with real problems this seems like and idiotic issue and i agree, i just need people to talk to im sorry, a big part of my problem is that i broke up with her but its also that i dont have anyone to support me, probably i have but im to stupid and coward to talk, i cant talk with my parents my mom has a neurological problem and i dont want her to know we broke up, i want to talk to her but im scared im scared of what can happen to her, i just dont feel the connection with my father to talk about this topics, i dont have a lot of friends and the ones i have dont care about this type of stuff. Theres another thing that i think its making me feel like this, we were going to break up a month ago but i talked her out of it, then again 2 weeks ago, we actually broke up, i vented with her and well it seemed it finished nicely but the next day she came to my house with the excuse of seeing my mom, we talked and in one moment she cried and said she still loved me and wanted to keep being partners, i accepted because thats how pattetic i am, and now 3 hours ago she send me a message where she explicitaly said she only said that because she didnt want me to feel sad, im sorry but she is the one insisted, i clearly told her she shouldnt do it because of this, so... this is my situation, i only have you guys to support me right now, i dont wanna keep doing this anymore, i know im pathetic, probably a bad partner too, am i even a person worthy of existing?

Thank you to anyone that reads this message, please someone anyone talk to me",1,2,1753951776.0,mentalhealth,user_3922,False,True,2025-08-01T10:00:21.410571
1mdwbqj,can auditory hallucinations be internal & be completely separate from your internal monologue but still be your own voice?,"my mum is experiencing a separate voice in her head that she feels is ‘out to get her’ and is calling her all sorts of bad names. it’s independent & talking at her & is not her internal monologue but it is her voice that’s talking. we are waiting to hear back from a mental health team, but i wondered if anyone knows if this sounds like an auditory hallucination or not. 
this has come during a bad ptsd flare up & she is needing the doors locked at all times & the blinds constantly shut & she’s unsure on if she’s actually seen someone at the door on several occasions and keeps looking out for this ‘person’. this could possibly ‘just’ be anxiety, but i just feel like it seems it could be more… i wanted to come on here and see if anyone has an idea? ",1,1,1753951564.0,mentalhealth,user_3923,False,True,2025-08-01T10:00:21.410571
1mdw73x,This is the last month of my life.,"I intend to end my life on this planet before the end of August. Why? Because we don't know the answers to the most fundamental questions, like the origin of the world or consciousness. Because our reasoning is extremely limited, and not only do we not know if something ""beyond us"" exists and how it might function, but we'll also never discover the truth, because truth is a paradox. You'll never prove you know everything, and all that you don't know can overturn everything you do know. Anyway, for a finite world, life perishes in infinite nothingness. For an infinite one – every life blends together. Not to go on – Planet Earth is one big cluster of dead ends impossible to overcome. Perhaps death here transports us to a reality that doesn't contain such logical barriers.

Even if someone believes there is meaning, they won't prove they have free will; I personally don't believe in it. But even if I could decide anything, I'm nothing compared to the butterfly effect. No matter what I do, I don't know the long-term consequences. The development of our world doesn't automatically equate to the good of the universe, or even our own good. Perhaps aiding the development of our species will turn out to be something bad in the future. Maybe it will turn out to be good, while also showing that the greatest progress came from actions people considered theoretically contrary to development.

Control is great, unless you realize you don't have it. Ignorance is a curse... and yet a blessing. I'm curious about your opinions on my unoriginal thoughts. Why did I write this? I don't know.",1,1,1753951063.0,mentalhealth,user_3924,True,True,2025-08-01T10:00:21.410571
1mdw1pj,How do you cope as a big city person living in a very rural small town,"I am 21M and live in a small American agricultural flyover town 6 hours from any big city because my parents live here. I really love big cities for the architecture and busy vibes and things to see, and have zero interest in nature or the outdoors. But I can’t move there as of now because they’re very expensive and I need a serious job offer first which I am working on building my design project portfolio so I can get a job there, however it’s at least a year before I get to that point. I am working on becoming skilled and useful, but in the meantime I feel extremely stuck and desperate here because there is nowhere to go, nothing to do, no young people my age at all. It ruins my mood and makes me very depressed. And before you say go to university, I attended an online university (just graduated) to save money on taking out many loans because my high school grades were not good enough (i fucked up I know) to get good scholarships and my parents make too much to qualify for financial aid. 

If you are in the same situation as me how do you cope besides just staying inside more and getting hobbies? I occasionally visit every few months but can’t stay more than a few days because the motel costs are $90 a night. There’s only so many hobbies u can do inside before u start feeling like shit. And I have 0 interest in anything nature or outdoors related. ",1,2,1753950484.0,mentalhealth,user_3925,False,True,2025-08-01T10:00:21.410571
1mdvr0k,In the worst mental space of my life,"I genuinely have never felt so numb and mentally unwell. I have expressed thoughts of suicide to those closest to me. I have started using very unhealthy coping methods that are harmful. I feel like I am in a constant spiral of negative emotions with positivity and happiness being momentary rays of sunshine in an endless storm of misery. 

I am starting to isolate myself. My friends have been there for me for so long that I feel like I cannot continue to keep burdening them with my emotions. As I write this post it’s because I tried to go to sleep but my mind is flooding me with negative and dangerous thoughts. 

I truly do not know what to do I’ve tried journaling, reading, writing, video games, talking about how I feel, working away the thoughts, I feel like I’ve done everything.

My parents said I should try therapy but I went when I was 14 and saw no noticeable changes. I’m very self aware I understand my feeling and the potential root causes of them, I understand the trauma that could be influencing this. I just don’t understand how talking to a stranger for an hour every week will improve my situation to any substantial degree. I don’t need to get to the root causes of these issues because I already understand them. I need immediate answers not coping mechanisms. Writing my emotions won’t help me, counting backwards from 10 won’t help me. 

In all honesty I feel hopeless and I’ve never felt such constant melancholy ever before. I miss my grandmother and she is dead but I feel like that is the only person who could’ve made my situation any better. I don’t know what to do but I need to figure it out before I do something drastic that either changes my life forever or cuts it short. ",1,0,1753949341.0,mentalhealth,user_3926,False,True,2025-08-01T10:00:21.410571
1mdvbhj,Another useless person gone,"I chose to stop fighting against the monotony and mediocrity of my life. I'm not special, not to myself or anyone else, and I don't get a special life. I used to fight against it when I thought life was in my control, when I had hope. I used to think I could get the things I wanted in life. I thought I was owed a happy life or even just a decent one, but I was wrong and immature to think life works out that way.

For example, no matter how much practice I put in I never got good at playing piano. I wanted something in life (to be a decent piano player), and I did all I could to achieve it, but after all this time I'm still terrible at playing piano. Just like trying my best to learn piano I tried my best to find a group of friends who really cared about me. No matter how many times I tried talking to people they'd never stay, they'd never love or care. They felt cold, sometimes harsh. Just like playing piano maybe finding friends and socializing isn't my thing. I've been looking for a meaning to my life, I pursued hobbies, tried to find friends, tried to find passions, but my hopes were always crushed. Maybe life isn't my thing. It feels good to stop pretending I'm missing something when life doesn't offer anything in the first place.   
  
Some people find meaning in life and some don't, just like how some people love playing piano, and others struggle to even start. At least those who have dreams of learning to play piano can go to a piano teacher, or they have someplace to start if they want to improve but unfortunately there is no equivalent for those who dream of merely enjoying life.  
  
Nobody can teach you how to live your life, nobody even seems to care. You won't find comfort or guidance. Just cynical uncaring people. Doctors who take your money and sell you mind numbing antidepressants, governments who want to get rid of you and lock you into mental institution, cold lifeless people surrounding us, who don't even care. These people who wouldn't even care if I killed myself. I know that because I am killing myself and if anyone wanted to stop it or anyone cared about me they'd talk to me. I'm right here, waiting for a reason or a sign not to kill myself, but nobody is here, nothing is here.

You start to realise there is nobody to cry out to, no way to fight against the empty life you have, so I stopped fighting for what I want in life.

I just close my mind off from the world outside. Why should I waste my energy screaming into a void? I tried to enjoy life and I cried out for help when I desperately needed it. In the end I was met with nothing really.

I feel like I have nothing left to move on to these days. Thankfully I only have to endure this for a month longer. Another useless person will be dead, only remembered as a statistic, a number, a news headline: ""Another teenager lost to suicide,"" or maybe not even remembered at all? All I know is that I'll never be remembered as a person after I die because nobody even sees me as a person today.",1,0,1753947655.0,mentalhealth,user_3084,False,True,2025-08-01T10:00:21.410571
1mdv52i,I feel like I’m falling into a void and don’t even know who I am anymore.,"(Not in immediate danger. Just need to be heard. If anyone relates, I’m open to words.)

These past few weeks have broken me. I’ve dealt with emotional pain before—but this is different. This feels like something inside me is collapsing, and I have no control over it.

My dad had to travel for work, so I stayed with my grandma. On the way, he told me he had gotten into serious trouble that could lead to jail, death, or us having to move. He’s someone I love deeply, even if our relationship has changed. That news alone left me shaken.

When I got to my grandma’s, my mom was there. She had broken up with her boyfriend and had nowhere to go. That night, I gave her my bed because she said, “I’m older, I deserve to rest.” I didn’t want to fight. But she couldn’t sleep, so we talked until 4 AM. I was exhausted.

The next day we argued. Later, she gave me my bed back, but the tension never left. I have a limit with her—one day. We’ve had a rough history, and she triggers so much in me.

Since then, I haven’t been able to sleep. This insomnia feels wrong. I lie down and hear my heartbeat in a disturbing way. One night, she didn’t sleep in the room, and I didn’t sleep either—too paranoid she’d return. My dark circles are deep, I haven’t exercised or eaten well, and my mind feels like it’s breaking. I’ve had hallucinations and memory issues. My thoughts spiral. I’ve cried in silence, usually in the bathroom—the only space that feels like mine.

My grandma also fights with my mom. One message meant for me accidentally got sent to my mom, causing another huge fight. She stormed out. That night I didn’t sleep either.

The worst moment was when I heard my mom scold my little sister (5 years old) for crying. It reminded me of my own trauma—why I don’t cry, why I bottle everything up. I stood up and said, “That’s not okay.” She lashed out. I tried to walk away, said I didn’t want to talk to her. My grandpa had to shut the door on her. I cried with music in my ears, my sister scared.

Since then, it’s all gotten worse. I feel like I’ve lost myself. I don’t recognize who I am anymore. I don’t even feel like a person. I’m numb. I used to talk about how I felt—now I say nothing. I feel selfish for being this way. I have a roof, food, family, some friends. But none of it feels real. I feel undeserving of it. Just a broken person who doesn’t know what he wants.

I hate my body. Not overweight, not skinny—just… wrong. I feel disgusting in my own skin. I want to be vulnerable, to be held, but all I have is a pillow. Everything with my mom made this worse. I feel like I hate myself more now. I don’t know what to do with my life. I want to study programming and be financially stable and fit—but that’s all I have. The rest is fog.

I used to think I was just feeling bad. Now I genuinely don’t know what this is. I’m scared of the future, and yet too numb to act. Death feels like a joke at this point. I don’t want to die—but I don’t want to be like this either.

If you’ve ever felt this way, I guess I’m just looking to not feel so alone.",1,0,1753946926.0,mentalhealth,user_3927,False,True,2025-08-01T10:00:21.410571
1mduonk,"I feel like I’m falling into a void, and I don’t even know who I am anymore.","(Not in immediate danger. Just need to be heard. If anyone relates, I’m open to words.)

These past few weeks have broken me. I’ve dealt with emotional pain before—but this is different. This feels like something inside me is collapsing, and I have no control over it.

My dad had to travel for work, so I stayed with my grandma. On the way, he told me he had gotten into serious trouble that could lead to jail, death, or us having to move. He’s someone I love deeply, even if our relationship has changed. That news alone left me shaken.

When I got to my grandma’s, my mom was there. She had broken up with her boyfriend and had nowhere to go. That night, I gave her my bed because she said, “I’m older, I deserve to rest.” I didn’t want to fight. But she couldn’t sleep, so we talked until 4 AM. I was exhausted.

The next day we argued. Later, she gave me my bed back, but the tension never left. I have a limit with her—one day. We’ve had a rough history, and she triggers so much in me.

Since then, I haven’t been able to sleep. This insomnia feels wrong. I lie down and hear my heartbeat in a disturbing way. One night, she didn’t sleep in the room, and I didn’t sleep either—too paranoid she’d return. My dark circles are deep, I haven’t exercised or eaten well, and my mind feels like it’s breaking. I’ve had hallucinations and memory issues. My thoughts spiral. I’ve cried in silence, usually in the bathroom—the only space that feels like mine.

My grandma also fights with my mom. One message meant for me accidentally got sent to my mom, causing another huge fight. She stormed out. That night I didn’t sleep either.

The worst moment was when I heard my mom scold my little sister (5 years old) for crying. It reminded me of my own trauma—why I don’t cry, why I bottle everything up. I stood up and said, “That’s not okay.” She lashed out. I tried to walk away, said I didn’t want to talk to her. My grandpa had to shut the door on her. I cried with music in my ears, my sister scared.

Since then, it’s all gotten worse. I feel like I’ve lost myself. I don’t recognize who I am anymore. I don’t even feel like a person. I’m numb. I used to talk about how I felt—now I say nothing. I feel selfish for being this way. I have a roof, food, family, some friends. But none of it feels real. I feel undeserving of it. Just a broken person who doesn’t know what he wants.

I hate my body. Not overweight, not skinny—just… wrong. I feel disgusting in my own skin. I want to be vulnerable, to be held, but all I have is a pillow. Everything with my mom made this worse. I feel like I hate myself more now. I don’t know what to do with my life. I want to study programming and be financially stable and fit—but that’s all I have. The rest is fog.

I used to think I was just feeling bad. Now I genuinely don’t know what this is. I’m scared of the future, and yet too numb to act. Death feels like a joke at this point. I don’t want to die—but I don’t want to be like this either.

If you’ve ever felt this way, I guess I’m just looking to not feel so alone",1,0,1753945149.0,mentalhealth,user_3927,False,True,2025-08-01T10:00:21.410571
1mdtq1v,i’ve never been so afraid,"i’ve never been this unstable in my life. i spoke to a psychiatrist yesterday and have started a new medication. i knew if i didn’t get professional help i would be taking my life. i know it’s so soon, i know it’s not an instant fix and it takes patience and work. but i’m running out of steam. i feel like i am in hell. i feel trapped in my own body. i can barely hold down my job, and i cry so hard on my way home that i almost drive off the road. i had to pull over today because i couldn’t see through my tears. i feel pathetic. i have very supportive people in my life, but how much can i talk about the same issues? nobody can or should stop the world for me. i am trying to get better, but i’m so afraid of how unstable i have become. i’m truly unrecognizable from the person i was a year ago. i don’t want to die, but i don’t trust myself anymore. ",1,0,1753941588.0,mentalhealth,user_3928,False,True,2025-08-01T10:00:21.410571
1mdtgs5,My mom wants me to die,"I'm 17 years old and struggling with mental health because of my parents, mostly my mom, she thought I'm a burden that ruined her life. My mom is not always like that she care about me sometimes but when she is mad, she will hurt me with the most painful words ever.

I can't stop thinking about what my mom said. I was study because my mom tells me to but I feels like I don't wanna study I'm just lazy, so my mom decided to help me with study she explained the thing I'm memorizing, it was a poetry and she said she don't know about this poetry so i show her from the phone but she said she don't need know but she said i need to, yes i know but i just wanted her to read it and she start saying like ""it's your choice and your future, don't study if you don't want and don't even go to school, i don't care"" she always saying like that. I don't like the way she said that and she don't care about what am I been through yes i don't wanna study I'm always depressed and lazy.

And I said ""I gonna kill myself if I doesn't turn out the way you expect"" and she replied ""go die then ,I don't care. It's your choice and I'm not gonna stop you, do you know that one tiktoker that lose her family in earthquake? Now she is fine and happy, even making tiktok videos, so do I? If you died I would be sad for a few days and going back to normal life and maybe more happy and free from responsibilities. So go die""


",1,0,1753940658.0,mentalhealth,user_3929,False,True,2025-08-01T10:00:21.410571
1mdtb53,I wonder what drives people to suicide and then I wonder what is stopping from it happening to me…and it scares me.,"I don’t want to commit suicide. Let’s make that clear. I am not ready to die. I want to live and I’m scared shitless of not existing. 

However, it drives me crazy thinking why people would want to die. What drives them to the point that they take their own life. I can’t wrap my head around it. 

Now lately, I’ve been dealing with a few mental health issues. I took a magic mushroom trip and it was bad. I’m still recovering. But it made me think, yes I’ve been diagnosed with anxiety and depression in the past. I have a few mental issues. 

So my thoughts are, what has driven people to kill themselves and at what point could it happen to me? I have no intentions to end my life, but I’m sure those who have committed suicide had no intentions at some point as well. I mean, apparently I am a candidate for offing myself, so I am a little scared I might end up the same way….",1,0,1753940102.0,mentalhealth,user_3930,False,True,2025-08-01T10:00:23.062477
1mdsg70,Sad and happy all at the same time,"I feel like I’m wearing a mask. Like I have created this entire personality to cope with my life. I want to be grateful because I have a roof over my head, a man that loves me, a job that I like with a steady paycheck, but I still feel like a failure!

I am an immigrant so there’s that fear of one day having my work permit denied and starting over again somewhere else because coming back to my country is not an option.

I love my boyfriend but sometimes I am so fucking mad about being in a heteronormative relationship. Every time an issue comes up it enrages me that I have to explain everything to him! That somehow I have to convince him women have a really fucking hard time. We were talking about some guy who got sentenced for rape and he tells me: he wrecked his life. ARE YOU FUCKING KIDDING MEEEE? He raped a woman, he wrecked HER LIFE. Of course I didn’t say that, I explained calmly how out of touch his comment was and he understood. But this dynamic of teaching him fucking empathy really wears me out, but I love him. I really do.

I like my job and I like having a steady paycheck but there isn’t anything challenging. I don’t hold many responsibilities and I don’t want them either. Am I lacking ambition? Is this really it for me? I don’t want to change it, but I also feel like nothing makes sense.

I just needed to vent. If someone reads this and feels this way: is this life? Wearing a mask? I’m a 31-soon-to-be-32 year-old Latina with nothing under her name, almost non existing savings, and an “alien” in a country that hates me.

I’m not suicidal, but sometimes I just want this shit to end.",1,0,1753937096.0,mentalhealth,user_3931,False,True,2025-08-01T10:00:23.062477
1mdqdlw,being a girl,"People in my life always warned me that being a girl is hard, you face a lot of stuff growing up that boys won't ever experience, I don't say this in a boy vs girls discussion, it's not that, it's the fact that we are raised different in most ways. I turned 18 this year and with that I started college, so I started taking public transportation alone. I feel ill when men stare at me, when they comment, gesture inappropriate things or even go as far as touching me, I hate when they follow me or ask me for stuff, when they do the creepy smile that you just know is not innocent. I am so tired of feeling small, of feeling like I cannot defend myself if they try anything or the fact that if they really want to they will. It's terrifying and I don't know how to comfort myself because violence against women and sexual assault is such a common thing, not normal, but common. It just feels really unfair and scary, l've written this based on many experiences I had in the six months I had to walk alone in my city. This is mostly a rant and badly written, but I don't know what to do to stop this, l feel so small against the whole world, I wish I was a man so l could be safer and have a better chance in life. (sorry for reposting, i really need to vent so l rephrased a lot of it bc I think it was kinda hateful at first)",1,0,1753930572.0,mentalhealth,user_3932,False,True,2025-08-01T10:00:23.062477
1mdq6qp,I genuinely want to die now,"I've lost all motivation to live. Thinking of my future is tiring and I'm already on my last year of highschool. I don't know what I want.

No one has taught me how to function like a human being. School just teaches you skills for a job, hands you a piece of paper saying you qualify for said job, but never teaches you how to get a job. Or how to be an adult.

Families certainly don't teach that.

All I've been hearing is ""Get a good job"" but never explaining how to get one. The only explanation I've gotten was ""Going to school lands you a good job"" Bitch I don't fucking know how to do that. The information doesn't magically upload into my head. 

They're going to use me as a personal wallet and I know it. Filipinos do that. Use kids as a trust fund. I don't want that. I don't want anything to do with my family now. I just want to be alone, live alone, but where?

I don't know.

I don't know anything anymore. I'm tired of being here, being alive. It's not enjoyable when you've become apathetic to everything, good grades, achievements. They give you one congratulations but don't really see your effort. 

They just think you did it. 

I feel like I'm not seen for my efforts, my mom really doesn't see that. She thinks I'm over here being a lazy and physically abusive kid towards my siblings. She doesn't see that I'm struggling too. 

I told her I wanted to die. She told me not to overreact and that if I had any anger towards her I had no right to feel that way. I attempted the next day but couldn't do it. A friend found me before I could jump.

So I tried another way to let it out. I'd injure myself in an attempt to feel something. Injuries bad enough for hospitalization but not enough for permanent damage. I'm afraid of being permanently broken, afraid that I'd I didn't take myself out in one go I'd be crippled for the rest of my life.",1,0,1753930017.0,mentalhealth,user_3933,False,True,2025-08-01T10:00:23.062477
1mdpv7e,adhd and c-ptsd girly. Please recommend me songs to work out to tomorrow morning.,"adhd and c-ptsd girly. I cried alllll day after I found out I cant get my masters next year as I wanted to due to immigration status and funds. I cried from 3PM until 10PM (7 hours) and still kinda going.

I am unemployed and defeated but I had a phone call with my mom and she is such a sweet soul…. I love her…. saying even if it takes 8 months you will get the job you want…..

I wanted to k*ll myself today but now I shouldn’t because she loves me.

Please everyone recommend me songs I should work out to so I can feel like a bad bitch again. I can’t give up even though I had a death wish.

I like to listen to hiphop (especially female rap), reggaeton, and dancehall.

Hopefully I get enough suggestions for a 1 hour work out.",1,0,1753929092.0,mentalhealth,user_3934,False,True,2025-08-01T10:00:23.062477
1mdnhuo,I'm afraid of,"TW:suicide 

Hello, good evening, right now it's 2:20 and my life is only getting worse without family, friends or any support, I feel alone, I was recently diagnosed with BPD I thought that was going to solve something, at least I now understood why I felt that way, but after that my psychologist simply stopped having appointments with me, two months ago I tried to take my life, the first time they saved me in time they took me to the hospital and they put something strange up my nose which made me vomit, after leaving me for much longer than that. Because while the nurses were talking, as punishment for doing stupid things a doctor came up and scolded them they just took it away from me abruptly and told me to go home without discharge or anything I went home that night hating that I hadn't died two days later I tried again and I really thought I had succeeded I was so happy when I went to sleep but my luck is shit and I woke up in the hospital after three days, I don't want to live, I have nothing left I barely have the strength to get up and shower, Damn, I really want to be dead but recently I wanted to jump off a high bridge in a park, I heard that a person managed to die so without thinking I went there I got on but just when I looked down he said a sentence I don't even remember what the hell he said but I felt bad I still wanted to do it and just when someone arrived he hugged me and I felt so alone, so bad that I just didn't do it, now I'm here I don't have any pills left if I want money I don't have anything, I would like to take drugs, drink if that would make me feel better but I want to be dead, I'm so afraid, I'm 19 years old, I shouldn't be better off, no one's life is perfect, but I would like friends, maybe love, maybe love, I don't know something but in exchange, I only have a suitcase for myself and that's it, because I can't just have died, I don't want anything anymore, I don't even want peace, sometimes I see people wanting to live so much and I feel so bad, I wish I could give them my life, it's so unfair",1,0,1753922327.0,mentalhealth,user_3935,False,True,2025-08-01T10:00:23.062477
1mdmhvw,HORRIBLE Mental Health During Period,"Hi, so I’m a teenager, and I never realized mental health was affected by periods, but I’m facing the worst of it currently. Here’s some background info: I have struggled with mental health for the past 3-4 years, but it got specifically really bad this past year. I went to see a therapist, and was with him for a couple of years, but as I changed over time and my mental health progressed, I realized he was actually worsening my mental health. I began self-harm and was suicidal. I was seriously debating on offing myself.

Finally, I gained the courage to leave my therapist, and my mental health drastically changed, for the better. It wasn’t specifically because of him that I had poor mental health, but it got worse because of him, and it seemed that stopping with him just cleared everything up. Over the next month, I stopped cutting and being suicidal. I have been completely good and clear for the past 6ish months, but I hadn’t had my period until just a couple months ago (not related to ED), and this is like my 5th REAL period, so my hormones are still getting back to normal.

In the past, I had never been one to get super emotional on my periods, just the average amount. This period, however, my mental health just completely plummeted. All of sudden I went from 6 months clear to back to my horrible mental health in a couple days. I feel absolutely terrible. I have suicidal and negative thoughts, and I’m on the verge of beginning self-harm again. I want to cry but I can’t and I feel numb and everything just ACHES (if that makes sense).

I don’t want to go back to how I was before. I made so much progress and I refuse to let that all go to waste. Is this going to carry on after my period, or will it go away? I don’t know how much longer I can last before I go back to self-harm. And I will NEVER go back to a therapist. Traumatized by my experience. What can I do to help this feeling? Any general advice/tips? What’s going on?",1,0,1753919566.0,mentalhealth,user_3936,False,True,2025-08-01T10:00:23.062477
1mdlg6c,My life story at 22 (help me please),"Hey guys I honestly need some help, growing up it was hard. Always bullied (very physical and mental), family never showed me any love because I guess I was a mistake and I’m very sure because I’ve only been a financial burden. I do suffer from bpd, complex trauma, ptsd, lonely child syndrome and I’m very disconnected from my emotions. I was forced into smoking cigarettes at 10, witnessed rape at 11, was held captive by a family friend and beaten, never had no dad, taught myself everything I know, been suicidal plenty of times and through all of that I lost my brother through gang violence.I never had any friends throughout high school and I was a straight A student. I dropped out in year 10 because it was too much. when I turned 18 I became a heavy cocaine user associated with thc. But through out the drug use, I hit rock bottom and the day I woke up from using, my mind was just blank, like everything was gone, all the bad memories and good ones too, all my emotions gone. I only just started therapy at 22 but I feel like I’m doomed. Is this the case or does it actually get better because I truely believe I wasn’t even meant to be born.",1,0,1753916784.0,mentalhealth,user_3937,True,True,2025-08-01T10:00:23.062477
1mdksvx,Muddy was abt to end my shi 2 days ago,Bro two days ago I was up on the cliff and I called 911 and I was gonna jump I was dying my legs were dangling off the edge bro she was crazy I called him and I told him I was gonna do and then 20 minutes later before I was about to jump 10 like 10 officers came up to me but they were shutting the flashlight and shit looking for me and I got spooked in Iran bro they chased me for like 10 seconds like an hour bro and bro they had the whole patrol trying to stop me from doing shit bro helps bad bro it was bad real bad I never fell like this in my life before I was so close to becoming a statistic I didn’t understand bro if they haven’t come soon enough bro I would’ve been messing the bottom,1,1,1753915145.0,mentalhealth,user_1113,True,True,2025-08-01T10:00:23.062477
1mdiey7,"I want to kill myself ( please don’t ignore I just need positive thoughts, please)","Recently I have suffered a lot, been told to kill myself every day, hated among everyone at school and I have done nothing to deserve it, I’ve been physically assaulted and I feel so shit about myself, I sort of tried to hang myself however I failed and I want to die but I know that as much as I might not think it, there’s always something to live for, I’m pretty young and I feel shit",1,0,1753909344.0,mentalhealth,user_3938,False,True,2025-08-01T10:00:24.182174
1mdi31p,How to be happy?,"I’m a 28 female and I’ve had quite a difficult life. I was SA from the age of 5 till I was 9. That caused me to grow up and became addicted to SH and tried to take my own life. I entered an abusive relationship at 19 and managed to get out of it at 24. I took some time for myself as I felt like I needed it and went in the right direction to get help such as counselling etc. Up on getting help I eventually because diagnosed with ADHD.

I’ve eventually met someone at 26. I was on dating sites just trying to build up confidence and date around and wasn’t looking for anything serious but I met him and we just clicked. 2 years later, we own a house, he’s got 2 teen kids from a previous relationship, he treats me really well, we’re engaged, planning our wedding and have a lovely little puppy. You’d think I’d be happy with it all, I guess it’s everything I wanted but I’m just not. I love him and I love my life but being happy just isn’t something I’m use to.

I haven’t experienced too much happiness in my life, and I don’t want to sound pitiful but it almost feels like I don’t know how to be happy. I cause arguments because things stress me out more than they should, I want to leave during every disagreement, I try to end things when I get overstimulated. I guess I’d call it self-sabotaging. He sticks around but I know it’s getting too much for him.

My mental health has never been brilliant. I was SA for 4 years as a child, i was diagnosed with complex PTSD at 14, I’ve SH since I was 12 (although I have more control over it it’s still something I struggle with), I was diagnosed with ADHD this year!

I’m scared of losing him but I don’t have the ability to be happy and don’t know where to start. He doesn’t always understand because he’s lives somewhat of a sheltered life. He does have to put up with a lot with me and I love him for that but I can see it’s taking its toll on him.

I constantly try to push him away and I honestly don’t know why",1,0,1753908569.0,mentalhealth,user_3939,False,True,2025-08-01T10:00:24.182174
1mdhx8p,Has anyone here been appointed to a day center? What was your experience like?,"I have been struggling with severe suicidal thoughts for months now, and have been spending some time in therapy trying to get to a better place. This has not happened very sufficiently, and at today's session I had a complete meltdown over all sorts of feelings I was struggling through including said suicidiality. My therapist conveyed she was worried about me to the point of wanting me to spend time at a day center or the like. She specified it would be my choice and she could only force me if I indicated I was going to try to kill myself for sure. She also said that it is not inpatient and I would get to sleep in my own bed, though I do not know what else it would entail. I tried to make it abundantly clear that inpatient was horrifying to me, as Id only ever seen people with negative experiences there. Additionally, Im almost positive being completely cut off from my family and girlfriend would make me actively worse. Does anyone have any experience with this sort of thing and any advice to give?",1,0,1753908194.0,mentalhealth,user_3940,False,True,2025-08-01T10:00:24.182174
1mdhq4d,I don't know what to do?,"So, my mental health has plummeted really bad this past month. 
My boyfriend and I work together, he's a sous chef and I'm just a waitress. He's really well respected in work, and I've had to give up all my shifts this week because I have a panic attack any time I'm near work.
He's sorted them out with my manager, he's handled everything. I can't afford therapy, he's sorting it for me. I couldn't bring myself to contact the doctors, so he did it for me. Etcetera you get the point.

But I feel absolutely awful. I don't want to drain the life out of him, and I can already see how stressed he is because of me. It's horrible because even though I already feel awful, I'm now a constant burden to him too. I'm so scared of him leaving because of how much work I am at the moment, but also he'd be completely within his right to leave. 

I don't want to die. I want to grow old with him and my daughter, and build our own big family and have our own house. I want the happy ending but I don't think I'll make it that far, and it's hurting him too much. 

I love him so so much, he means everything to me, him & my daughter are my whole world. But I don't want to be the one who ruins both of them. ",1,0,1753907731.0,mentalhealth,user_3941,False,True,2025-08-01T10:00:24.182174
1mdfzgp,Free will crisis(suicide tw),"I can’t stop thinking about how we might not have free will.

If you’re wondering why I care so much it’s because that would mean that I have absolutely no fucking control over my life and that I can’t decide anything because it’s predetermined.
I cant impact which school will accept me, I can’t decide what to do at all

I didn’t even decide to write this post right here, I was just always determined to do this, I was always going to do this.

I’m basically just watching a fucking movie and cant impact shit.

Yes my actions will have consequences but my actions and those consequences have always been determined and where going to happen either way no matter what the fuck I or anyone else does.


I couldn’t even have impacted this existential crisis because I have zero control over anything.


And after a fuck ton of googling the only good scientific arguments I could find where for determinism and against free will



And say for example that I’ll kill myself over this( which I’m not planning to do) then even that was just supposed to fucking happen.


I’m just stuck inside a fucking movie with feelings ",1,0,1753903680.0,mentalhealth,user_3942,True,True,2025-08-01T10:00:24.182174
1mdcdwm,Why do we blindly try to prevent every person from suicide? How are we this confident that there are no exceptions!,"
I don't understand why people try to prevent 'every' person from ending their life. 
With the multitude of physical and mental health issues people face, the suffering and exploitation, are we this confident that no one should end their lives, no exceptions at all! ?
Society has linked jobs with healthcare, food, housing. Money with peace of mind.
Im in India. 
Either due to trauma and audhd, or whatever the reason, i have no energy to do intellectual managerial jobs. I would love to be a janitor or a caretaker or an assistant, but I'm in India and these jobs are super exploitative, overworked and pay v less. 
Basically society is telling me that if i want to afford health food, therapy, healthcare, roof over my head, i need to work jobs which affect me from the inside every moment, all the time. This is not a temporary affliction. This is for life. Either I find something that is bearable, I'm skilled at(while competing with so many desperate people without any mental health issues) and am fine working hard or i simply won't get these things. 
When i get suddenly ill or in an accident, i won't have the money for treatment. Im supposed to do jobs which are even more out of my comfort zone, for years in order to save for 1 such emergency which takes it all away. 
I hear the requirements in order to survive in this world, and it doesn't make any sense to me, so i want to make the choice to live the way i can workout burnout, until the day i can't take it anymore,i get a healthcare need which i can't afford, and then end it that day. Till that day i plan to be a good kind human being. 

It's here that people start saying things like suicide is permanent act to a temporary problem. Happiness is internal. And so on. 
But it doesn't make sense to me. 
Basically I'm demanding something which i can't get, which is considered entitled. This is a clearly external issue. This external situation will never change. 
Why even try to make me more resilient through therapy and meds, it's a losing uphill battle. 
Just because other ppl can take on the stressors and demands of life, why is it expected for everyone to choose to take on those stressors, otherwise it is deemed depression and mental health issue. Maybe the person who tells me to not end it, wouldn't be able to survive if they were in my body and mind and maybe i wouldn't have such an issue if I had their mind body and conditioning. Why expect people in shitty jobs to keep struggling. 

Maybe it should be the other way around, let ppl who are struggling die. Let it be known how many people the current capitalist model has killed. If ppl keep on urging ppl who wanna end it,to survive the current system, it's like they are acting as agents of exploitation. Why push everyone to suffer. I get it that there may be people who wanna change their situation, rise above it, help them. But there are people fundamentally rejecting some things which can't be changed, why push them. Anyone tells they are suicidal, and every therapist friend etc is just ready to help that person survive, it isn't even questioned that maybe this person can't be helped, let's let them die peacefully. What can't we just let some people go rather than tell them to suffer simply because we believe that it is the right thing to do.",1,0,1753895580.0,mentalhealth,user_3943,False,True,2025-08-01T10:00:24.183160
1mdb9ik,"I'm 25, going through a breakup after 7 years, and I'm mentally collapsing. How do I deal with this?","Hey Reddit,
I’m a 25-year-old guy, and I feel completely shattered. I’ve been in a relationship for the past 7 years — she was my world, my best friend, my everything. But recently, we broke up… and I genuinely don’t know how to handle it.

To be brutally honest, I made a lot of mistakes in the relationship. I let her down many times. I never thought she’d actually leave me, but she did… and now, I’m all alone.

I begged her not to give up on us. I pleaded with her to give me one last chance to fix everything, to become better… but she’s gone. No response. No looking back. And I’m just stuck here with this unbearable pain in my chest.

For the past 5–6 days, I haven’t eaten properly. I haven’t slept. I cry multiple times a day. There’s this heaviness in my chest that just won’t go away. I’ve been smoking like hell — 2 to 3 packs of cigarettes a day — trying to numb myself, but nothing works.

Suicidal thoughts are coming very often. I feel completely lost. I can’t even recognize myself anymore.
I don’t want to die. I just want this pain to stop.

Has anyone else been here?
How do you deal with a breakup when your entire identity was tied to the person who left?
How do you forgive yourself for your mistakes and move forward when guilt is eating you alive?
How do you even start healing?",1,0,1753893042.0,mentalhealth,user_3944,False,True,2025-08-01T10:00:24.183160
1mdanml,Life After Attempt,I tried to take my own life back in January and was in impatient care for a week at a psych ward and I’m dealing with the effects of this decision and living knowing I almost died has taken a toll on me.,1,0,1753891675.0,mentalhealth,user_3945,False,True,2025-08-01T10:00:24.183160
1md1q1h,I don't know what to do,"I have very little choice in what i do next. I live at home with my sister, and my mother and her partner. i'm 20 years old. I have chronic insomnia and as well as a severe depression and hemiplegic migraines (amongst other things). i don't eat much if at all, and i weigh around 48kg at 5'9"", and i don't do much at all either. 

the biggest problem i have is my mother and her partner. they constantly tell me to 'go out and get a job' which i have tried hundreds and hundreds and hundreds of times, and it works maybe 1% of the time. i've had jobs before, i worked in bars, in a kitchen, in a garden centre... But they say that those jobs 'aren't enough' and they aren't 'real' or 'proper'. my last job i worked as a contractor/painting along side working kitchen, but i stopped quite soon after starting on account of practically collapsing at work bc of my migraines, which make my left side numb and make it impossible to see and other things (i got tested for strokes they thought they were that initially). at home they've said that i look 'better now' even though nothing has changed. My mother will constantly remind me that i look disgusting or that i'm stupid etc, but then when she's around others, or just a little time passes, she'll be all nice and say she cares, and usually when her partner gets back from work i'll hear her telling him all about how i was aggressive and shouted and 'insulted' her; i'm just trying to defend myself and call her out when she says stuff. they have constantly repeatedly threatened kicking me out if 'i don't change' but i've tried therapists, i've tried talking i've tried meds for my migraines and insomnia, i've tried antidepressants etc etc etc. They say i sponge off them, which i barely consume anything, they say i have long showers, but then remind me that i look like i haven't washed in ages. I've tried just not saying anything and blocking the shouting and insults out but they call me 'childish'. i try cleaning the house and looking after their dog when they go on their weekends away and the dog's awake at 4am, but i can't sleep anyway so it makes no difference. I have SH'd and attempted before, they know that, unless they just forgot or something. But i think that may be my only option now. I had a plan to be out of here by December this year, as i'm selling something that should be able to get me enough money to at least get a train and just go somewhere. I have my bag packed roughly, and I've been in touch with several NGOs working in Gaza, because i want to go help, and i'm leaving anyway so i thought i'd combine the two. But now i don't think i'll make it to December; i'm out of time and they're getting worse with the threats, so most likely i'll be homeless in the next few weeks. Please help even just a smiley face emoji is fine. I don't want to die but i've been at peace with it for years and years and years. ",1,0,1753866615.0,mentalhealth,user_3862,False,True,2025-08-01T10:00:25.314517
1md0rp2,I feel insecure about not having any piercings or tattoos,"On social media, everyone who is in Gen Z, just like me, has a piercing or tattoo. These people are treated as the best and coolest individuals. Apparently having a body mod is the only way to be valuable. I might get some in the future, but I currently lack any tattoos and piercings. I have always felt confident in my own body and did not want to go through the price, upkeep, and infections associated with piercings. I would still get fake piercings for the aesthetic. However, as I see more and more tattoos and piercings, I feel like I am missing out. I feel inferior to modified people. I feel that I am boring loser compared to these interesting risk-takers. I can be interesting, but I look boring. How do I stop having this mentality?",1,0,1753862835.0,mentalhealth,user_3946,False,True,2025-08-01T10:00:25.314517
1mcz4fo,i physically cannot do anything to benefit myself,"i (15F) for some reason cannot do something for my own sake, if im struggling mentally which i have for like four or five years i wont help myself, i dont get how people just get up and say “you know what, i dont wanna be miserable” and maybe its because im so far gone or something but like i cant, even if im told something im doing is harmful and i need to stop my brain doesnt think “hey, they have a point” its just like “i hear you but i dont care whatsoever” but like i do care, i think i care, i dont know and a good example is me leaving school at thirteen because i didnt have a voice in my head telling me to get up, get dressed and leave even if i dont wanna do it, and yes i know school isnt for everyone but people still make an effort, i couldnt make the effort at all, id wake up, not be able to get out of bed even when im being screamed at and threatened my brain just didnt care at all, i was told of all of the consequences i would have from skipping school a million times and not once did i think like “i know this sucks but you gotta do it” at all i just wont help myself no matter if someone is basically screaming the consequences at me or if its effecting me, i wont do anything about it and i dont get it, i really dont care like i would live in absolute filth and not one part of me would go “hey maybe its time you clean” and even if i get up to do it my brain never has a go button, i just sit there staring into space and feeling completely incapable of starting like how do people get up and do stuff i really dont understand it at all like at all",1,0,1753856449.0,mentalhealth,user_1108,False,True,2025-08-01T10:00:25.314517
1mcx1xv,How do you wake up every day?,"Something just ""snapped"" some time ago. I have just enough energy to keep doing the bare minimum, but less each time 
Is just like if I don't mind eating, sleeping, and working, but I just keep doing it just because. 
I could off myself tomorrow, but not even that seems to bother me at this point .

But in spite of everything I keep waking up every day for some reason; What inspires you to wake up every day?",1,0,1753849229.0,mentalhealth,user_3947,False,True,2025-08-01T10:00:25.314517
1mcwvf0,Looking for stories for a book project about mental health and losing someone to suicide,"Hi everyone,

I'm currently working on a book project about the experiences of people who have been affected—directly or indirectly—by mental health struggles and suicide.  
I’m looking to include real, honest stories, both from people who have gone through suicidal thoughts or mental health challenges themselves, and from those who have lost someone they loved because of it.

The goal is to break the silence, give a voice to the unheard, and hopefully **bring comfort or hope** to others who may be going through similar things.  
I’m not a journalist — just someone who wants to create a safe, respectful space for these important stories.

If you’d like to share your experience, you can:

Do so completely anonymously (I have a form available)[The form](https://forms.office.com/Pages/ResponsePage.aspx?id=DQSIkWdsW0yxEjajBLZtrQAAAAAAAAAAAAO__SnYkh5UNDdHU0RZODZZT0tYS0xMNEswV1o1SThMSi4u)

Or talk with me privately, if that’s something you’re comfortable with.

I fully understand if this isn’t the right time for you — there is absolutely no pressure.

Thank you for taking the time to read this.  
And please, take care of yourself. 🧡

(P.S. Feel free to message me if you have any questions or concerns.)",1,0,1753848643.0,mentalhealth,user_3948,False,True,2025-08-01T10:00:25.314517
1mcsk38,Random rant.,"Hi, i am a guy thats 16 years of age. Im really struggling with my mental health. I feel so incredibly lonely so often. And when i finally get the Courage to talk to my crush. It all falls on me. I cant love. I dont think im capable of loving someone. I think this may be because i disgust myself and everything about me. My body, how i treat others, how i think, how i am as a person. Everything. I hate my character. 

I have thought of suicide multiple times. I have never cut myself and i feel like i would not like to. There is some days all i can think about is suicide. One morning i woke up and all i could think about was my Funeral. For like 4 hours. Nothing else. I imagined who were day. What i regreted. And who werent there.  

I live my day to day pretty normaly, pretty good grades, somewhat social. But nobody knows how im feeling. 

Im a horrible person. Why cany i be as i imagined. A good hearted person who everybody respects and like. 

I cant talk to any of my friends about this, cause im a man. And even worse, my parents. God i dont want to burrden them with my problem.

I almost every day feel numbness. Not pain. Not happiness. Nothingness. I dont understand why.

I have a very hard time caring about people. I dont even know if i truly care for my family and friends. I know that sounds selfish. But truly. I dont know how.



Take care.

",1,0,1753836011.0,mentalhealth,user_3949,False,True,2025-08-01T10:00:26.573930
1mcqyu7,I'm wondering if the things I've struggled with could be explained by bpd.,"Growing up I've always been seen as very ""argumentative"" I protest a lot but that's because I feel like I have to, the anger from being ""wronged"" is a simmering discomfort. This had led to issues with parents (who I still live with). I have been diagnosed with ADHD & Autism and ""low mood"" was listed on my diagnosis report as an ""additional health issue"". I know that things can overlap but I've always felt like I've had issues unaccounted for by ADHD & ASD or Anxiety & Depression ( I was on antidepressants, I stopped). For example this is how a post argument went recently: I pulled my sister into a room for comfort and I was crying and screaming about how much I hated my parents, I claimed some vile and violent things I do not align myself with now. It was as if my affection had been ""cauterised"" so to speak. A bit into my sobbing I began to mellow out and reasoned with myself saying how ""no they're actually quite nice"". I also have issues with feeling as if people view me as a ""momster,"" or hate me. After finding out one person didn't mind me too much but found me a bit energetic sometimes I broke down thinking nobody loved me,.and instantly thoughts of suicide or self harm came to.mind. Fortunately I didn't divulge such thoughts but they felt weirdly foreign to me, as if logically I knew the were wrong and they were just a sickness. Also sometimes when I get like this I get the urge to break up with my boyfriend as a sort of form of self harm. I also feel disgusted by how much he loves me.some.times. Before I continue prattling on some.more.of. my issues which are possibly explained by bpd I'll tell you the main thing that prevents it from being the right diagnosis: my symptoms are too ""controllable"". Growing up I always argued at home but I was always well behaved at school and such, making me think I can't have the disorder as my emotions aren't that painful or uncontrollable. This also made my sister retract her previous belief, even if she didn't say she didn't think I had it anymore she wasn't so vehemently advocating that I did..I have also recently found out that my cousin with bpd thought I have it. Okay more symptoms: I struggle with my identity, I like to say that I rewrite the narrative of my life with every new emotion to actually give me a character or to be a person; I experience a lot of paranoia, for example once I was literally monitoring the amount of eye contact someone.made with me Vs my friend in a conversation, I then deducted from this she thought I was ugly as she spent less time looking at me; I used to deliberately make myself miserable as I'd get bored by happiness; I often feel alone and unloved; in terms of fearing abandonment I used to cut antennae off of snails so they wouldn't leave me (I was 11 at the time); I experience extreme sadness that manifests as physical pain in my chest. I can't remember anymore at the moment but any input would be helpful. I come on here not for a diagnosis but to know if pursuing one is even worth it, and no I do not want bpd I just want an explanation for my.experiences.",1,0,1753831619.0,mentalhealth,user_3950,False,True,2025-08-01T10:00:26.573930
1mcooj4,I can't deal with close relationships,"I (18F) tend to always distance myself from everyone. I almost can't control it and it quite literally feels like a survival instinct kicking in.

I have a beautiful girlfriend (17F) of more than a year who i love dearly and who loves me the same. I show her affection in many different ways and make sure she knows I absolutely adore her, but dealing with any emotional stuff is almost impossible for me.

When she's angry/upset/tired my brain goes straight into assuming she hates me, so I just try my best to remain as quiet and neutral as possible, just to not piss her off even more. I have to note that I am extremely sensitive towards pretty much any negative emotion towards me — I instantly start crying if I feel even slightly unneded. So to avoid being hurt, I just push her away. I realize that I should have given her my support and talked to her only when she feels better, but in the moment it's almost impossible, because I genuenly believe in her despise towards me.

When I'm upset it's very simular. If she notices that something is wrong, she asks me if everything is alright and I can't say anything but ""yes"". I can't force myself to talk about my feelings in the moment of actually feeling them. I may say the truth later if she's really worried, but in the moment I feel too ashamed to say a word. The most common reason for me to get upset — my gf showing the littlest bit of coldness towards me that she doesn't even notice. Again, I just instantly feel disposed and useless.

I am also extremely jealous and push her away because of it. She has literally just one non-close friend (18F) that she spends time with like once every 2 weeks, but I feel so extremely jealous that i question my sanity. What do you mean she wants to spend time with anyone but me? We already have so little time together because of her job, what do you mean you want to sacrifice so little time with your beloved gf to go for a coffee with some other girl? I spend every moment I can with you, don't have anyone else I want to spend my time with, why do you?
I feel out of my mind. And I can't possibly tell her because I will feel even more shitty if she decides to unfriend that girl because of some jealous piece of shit.

Also I am terrified of getting to know other people. Not even getting to know them but them getting to know me. I feel like an absolute failure in every aspect of my life and I'm deeply ashamed of everything within me. I litterally can't tell people any details about myself without shaking and wanting to leave.

These kind of feelings have been always with me. I have always centered myself around 1 other person and tortured myself over thoughts of them abandoning me, so I always eventually left them to avoid being hurt.

It feels so unfair towards my gf — she values honesty and closeness above all, and I struggle so much to give it to her. 

Sometimes I think that being absolutely alone and eventually hanging myself because of my lack of impact on this world is better than making myself through this hell every day. I feel absolutely miserable.

",1,0,1753825830.0,mentalhealth,user_3951,False,True,2025-08-01T10:00:26.573930
1mcoa3u,Daughter refusing therapy,"My daughter (15f) attempted suicide on May 22. We were lucky. She has been diagnosed with anxiety, OCD and ADHD and has been on medication and seeing a therapist since she was 14. Her last therapist, who specialized in OCD and CBT, moved in Feb and we hadn’t found a new one she was open to seeing. After her attempt, the psychiatrist also treated her with antibiotics for strep, saying she probably suffers from Pandas. She is a strep carrier and gets guttate psoriasis when it flairs up and she was covered in spots at the time of her attempt. Anyway, after her attempt we took her to  a therapist she didn’t like. Then she went on a 4 week vacation where she was off grid and came home a different person, happy, agreeable, very few OCD ticks, but we had an appt booked with a new therapist. We just went. She totally shut down. She was visibly angry at the end. She said she won’t be going back and won’t be seeing any therapists again. Then she stopped talking, we noticed a few of her OCD ticks alerts suddenly back and she cancelled all of her plans with friends for the week.  Now she is up in her room and refusing to talk to us.  I have no idea what to do or how to help her. Not sure on next steps for supporting her or if we have somehow sent her into regression.  She was happy and engaged on the way there, even in the waiting room and now it’s all changed. ",1,0,1753824867.0,mentalhealth,user_3952,False,True,2025-08-01T10:00:26.573930
1mcm5it,I'm just so tired of myself,"Living with myself is a fucking struggle every day. Nobody likes me or understands me, I do not know how to socialise correctly. There's always something up with me for NO REASON, I'm anxious for years, then suddenly I'm numb and don't care about anything, then I'm incompetent and can't do anything and act like I'm born yesterday, then everything gets on my nerves all the time and am just dissatisfied, then I'm just disturbed to my core and am losing my mind. I look at others and just don't understand how they probably have all these struggles behind closed doors and they just push through it no matter how difficult and rocky it is but I just struggle existing, I mean, do they really just feel comfortable existing? Around everyone? Just being seen? And why do i want to kill myself for no reason at all? What could possibly be the cause? And my attempts aren't even valid because I've tried over 10 times and what do you mean none of them worked? So I don't want to kill myself, that's what I make of it, but still why do I want to be dead? I felt like I was dead for a good while, I just had to finish the job because something glitched. I was meant to be dead. Many times I started thinking that maybe I'm autistic or something else, but then also it doesn't fully check out and then I wonder again what the hell is up with me. I'm not saying it has to be a disorder or anything but I just wish I knew when did I start becoming a problem for myself? How did I become a problem? Like i just need to find out what exactly i have to work with! Okay its just how i am, but why cant i help it? When my therapist asked what is my end goal I just said I wish I stopped bothering myself and she said she hasn't heard anything like that before. I've never been normal. I don't know what is real coming from me and what's not, I don't know if what I'm feeling is real or if I'm making it up, I don't know if how I'm acting is how I am or if I'm literally just acting. I don't even care about formatting all this and using the correct words because it's whatever. I'll always just be a piece of shit and it doesnt matter how I try to change myself because I'll always end up bad just in another way. ",1,0,1753819955.0,mentalhealth,user_1380,False,True,2025-08-01T10:00:26.573930
1mcimom,How am I supposed to feel?,"First off all I need to say English is not my 1st language, I will try to do my best as I write.

I'm a guy in the mid 30's and I've strugled most of my life due to anxiety. In my teens my mental health started to decline mostly because, the same as many teen, I didn't like the way I looked. At the end of my teen years the same issue just got worst, to add to that I started to have joint pain, wich added a tool to my already fragile mental health. When I finished high school the problem got, again, worst as I started to isolate myself and couldn't keep up with my friends because I was in a constant pain.

Many years went throught, my anxienty turned into a disability, I lost most of my mobility because of joint pain, couldn't look anyone in the eyes, started to stutter, added a few kg, and many other issues.

By age 27 I had enough, I gathered what was left of me and said to myself it was time. I started to change some habits and change a few thing in me, it worked! Until it didn't... I reached a point I was better but couldn't go forward just by pure power of will, so I looked for help. I was started in medication prescribed by a psychiatrist and I was diagnosed with reumatoid arthrites, wich lead the way to start treatment. At this time life was finally starting to going forward! I managed to start studying again at college, started dating my current girlfriend and my pain was started to be under control.

Past forward to the present.

I don't feel the anxiety I used to, I'm mostly pain free and life is mostly great...but... I feel no pleasure, nothing excites me, I feel mostly empty. I'm allways happy, but empty.

For example, I'm about to start 2 week of paid holydays, feel nothing... I will make a dream trip next year, feel nothing. My issue here is I spent most of my life with a mental problem and I don't even know how to is to be normal.

",1,0,1753812057.0,mentalhealth,user_3953,False,True,2025-08-01T10:00:27.994890
1mci0ad,I want to kill myself because I paid for sex,"I am feeling such dread and anguish, never felt like this before. I am a 30 year old man and I slept with around 12 different women from massage spas that offered extra services. I fucked up and I hate myself for it, I went against all my morals that I always believed in and went against my character. I used this as a coping mechanism for everything I was going through. I don't believe in paying for sex. I don't know how I'm going to live the rest of my life knowing I did this.

I did what I did because I wanted to feel something, anything other than anger, depression and anxiety, feelings of which I have been consuming me more and more over the years. Everything in my life has gone wrong. I had a fall out with my father about a year ago on my birthday and haven't really talked since. I live in a toxic household, a caregiver for my grandma who has had dementia for years now and live with my aunt who I don't have a relationship with. The house is falling apart, AC broke in this 90-100 degree weather, my grandma flooded the entire bathroom and downstairs because of her disease all around the same time. I have barely no social life, barely see my friends, etc. I am currently flat broke and barely have nothing to my name. I have unresolved trauma and abandonment issues that steam from my childhood. I have been single for 8 years and in that time span, I have been fucked over, lied and led on more times than you can count. I have severe depression and anxiety. Just everything that can go wrong has gone wrong.

With all that being said, I still can't justify my actions. I feel disgusted, ashamed and dirty with how many strangers I had sex with. I went so long without sex, of course I was sexually frustrated but I think in large part as to what I did, I just wanted to feel alive again but now I ended up feeling much worse about myself than ever before. I called the suicide hotline twice yesterday, went to catholic charities for walk in appointments and even tried talking to a couple friends. One friend of which was so concerned for my safety, without my knowledge, her called the cops and they took me to the ER. I don't really know how to talk about this with anyone, even to a therapist. I am so embarrassed and I will feel judged. My family and friends will wonder why I'm so depressed and my attitude has changed. I feel like I even ruined any potential future relationship I could have if I'm honest about my past and this is somehow brought up. I will feel guilty to a future partner if I'm not fully telling the truth, as if I'm hiding something. I had a respectable body count at 8 before this past weekend and now it jumped to around 20. I don't know what to do and I reached an all time low. I haven't eaten  anything and slept much for the most part in 2 days.

I also came across subreddits with people doing similar things and some comments mentioned how it could possibly be sex trafficking and exploitation that I participated in. If I did just that, I will kill myself because it was never my intention to hurt innocent, poor women. I didn't even think about this or knew the signs until I read that comment. I never done this before so I don't know what I was doing. It made me even more sick to my stomach. God, please help me. I can't live on like this and I'm seriously contemplating my life. If anyone wants to talk, feel free to add me on discord joecreigh20, telegram or whatsapp. Message me for those. This account will probably be banned so just message me your contact info if anyone wants to be a lending ear. Please forgive me god.",1,0,1753810680.0,mentalhealth,user_3954,False,True,2025-08-01T10:00:27.994890
1mchjtq,Stress/ death/ losing hair,"I’m 17 I’ve had my share of problems with drugs. I only do alcohol and weed and I’ve been quitting weed for the last few weeks. 
I was just at my dad’s house as my parents are split for the summer time. 
2 weeks ago I left but not on good terms. 
I got in an argument with my grandparents about a trip to Utah and my grandparents ended the trip over a pair of shoes and an argument. 
My grandma told me to go fuck myself and said fuck you alex. Multiple times. My name is Alex. I proceeded to pack my shit and walk out cause I was done with her. My grandpa then proceeded to chase me with his truck for leaving. Then I called my grandma a bitch in front of my grandpa and he proceeded to get out the truck and try to fight me. I called the cops while we were in argument. Etc happens. 
I proceed to go back to Ohio to my mom because they didn’t want me anymore. Which happens a lot. Now 2 weeks here I’ve kinda quit weed I’m not doing it daily anymore more like once a week. But all the stress is causing me to lose my hair and I’m 17. Like I’m getting clumps of hair coming from my head. Granted I just got a perm 1 month ago but this still ain’t normal. But it’s all the stress but it’s not as bad anymore. But then today out of the blue. My cousin from Poland as I have family from there as my mom is an immigrant. He proceeds to overdoes and die today. I’m already losing hair. Now I have more family dying. I’ve got school in 3 weeks and I hate school. I’ve been to rehab. That’s to show my drug problems. It’s been a lot better recently. I don’t know what to do. I don’t have drugs other than weed to cope and I’m tired of weed/ mentally it’s not helping. I feel like I’m losing myself kinda. Like I’m mentally here but not at the same time. I mean could I get some advice. I just don’t know what to think rn.",1,0,1753809690.0,mentalhealth,user_3955,False,True,2025-08-01T10:00:27.994890
1mcewh0,why do i finally feel normal the morning after drinking?,"so it’s not like im drunk or high anymore anymore, i ate a ton of food and lots of water last night and slept 7 hours after drinking 4 beers last night. this morning i woke up late and was able to get ready without being scatter brained and having to go back and forth like i normally do (getting anxious making me scatter brained). i was much less anxious driving and normally i am so tense and literally am thinking about what the person behind me is thinking abt my driving😭😭 i got to work and i feel a lot less awkward with people and normally i am the worst with people since literally losing my social skills to isolation.. i feel so much less on edge. people can easily sense my low confidence and nervousness normally. i have the easiest job and i get very little orders a day but all day no matter what i am tense or so depressed. lately i have constant suicidal thoughts like all i can think about and just chanting in my head over and over. but today those thoughts are gone. i’ve previously had issues with drinking and constant all day smoking weed which really ruined my mental health. i literally started drinking last night because i was seriously considering suicide, and i was thinking that it was going to make me feel worse this morning. but today i feel calm and im not standing here sweating for no reason.. im just worried im going to fall back into old habits and ruin my brain more ",1,0,1753803863.0,mentalhealth,user_3071,False,True,2025-08-01T10:00:27.994890
1mcdzkh,Body dysmorphic disorder,"This question is to anyone who had went through the same thing l have been struggling with bdd, for the past few years maybe since l was in primary school l have been unable to stop thinking about how my face looks, l feel distorted sometimes it’s like there’s something deeply wrong with the way l look, it gets so bad that l feel like offing myself, on a daily basis l can’t stop thinking l can’t eat like a normal person l can’t relax and l have to constantly look into a mirror to remind myself that lm not gross or disgusting but sometimes maybe most of the time when l check my reflection l feel even worse, lm drained and mentally tired and l don’t know how to make it stop, lm so scared of getting fat that when my face looks slightly rounder l feel like peeling my skin off l even try to dig and scratch my face off and my thoughts instantly turn suicidal, it’s paralyzing me, l want to ask if you did go through this or still are experiencing it is there anything that helped make it less severe? Also do you feel gross and dirty? ",1,0,1753801767.0,mentalhealth,user_3956,False,True,2025-08-01T10:00:27.994890
1mccjq3,Nothing is real,"What does anything even mean at all. How is anything outside of my head and body even real. I wont commit suicide. I just feel so worthless now. Everything is. Even the universe. Everything in the universe means nothing. Thats how I feel. I don’t get why everything exists. Idk if it even exists. I’m 17 and very lonely. Im very depressed. But today for some reason, it just feels meaningless. Everything. Not only me and my mental health. Just everything ever. I wouldnt commit suicide because Im to scared and can’t comprehend the idea of nothingness. And my family cares about me. And I care about them. So I continue to exist. Thats it. I dont feel like explaining anymore because Ive wrote more of my thoughts on my profile.",1,0,1753798408.0,mentalhealth,user_1232,False,True,2025-08-01T10:00:27.994890
1mcb6my,I just want to end things,"I 19 F (from india which might make you understand my situation more I come from middle class family but like a little bit upper middle class family) has never really had a good relationship with my family.


 Specially my mum and brother me and my father was close when I was a little younger but in the recent past 3 years he is a new person to me. My mom is kind of crazy there have some events that have left me traumatized ever since I was a kid which made me distance myself from her like when I around 9 or 10 my mom recently what a new phone and being the gen z iam I decided to go on a rooftop to click a sunset picture and suddenly I hear allowed running noise upstairs my mom comes from the back grabs my hair and slaps me and asked me ""who are you talking to?"" Or when I was 11 I had a fight with my mom and I gave her a knife and asked her to k me Or 3 years ago when I went to spent few days at my parental grandfather's house because he was alone and was not in a good health my mum called me and said ""you like sleeping w men right?"" Or at my grandfather's funeral she said I will kill you and bury you right here anyway my brother is my mom's favourite we never get ong and situation around something like this also happened where she slapped me even though everyone knew it wasn't my fault they ask me to apologise to him. I just passed 12th I wanted to learn swimming and when asked my mom she was like I let you go outside w your friends is this much freedom not enough for you....ah 


I had a good Bond with my father before I started preparing for jee 3 years ago slowly I started having anxiety and very bad nervous breakdowns I took a drop for 1 year and prepared for my humanities because I wanted to purse you psychology my mom was like ""oh so you want to be a housewife"" or ""you are so selfish"" I asked her what was selfish to think about myself or don't want to do something I really want to do aur wanting to have a little bit of freedom and study in another City but I don't know why Indian parents are so obsessed with engineering I started preparing Jee because it was my dream I wanted to be an engineer it was my childhood dream but not anymore I am just not built for it every time I bring the topic that I want to do psychology for past 5 months they are like we don't want you to study for 10 years because we want you to get married too (possiblely at 25 or 26) they have told me to do bca or hcl techbee program (I passed the first and second interview) atp I don't know if I even want to do anytime I feel so empty and I have actually got in better with my anxiety but it is slowly coming back.

Ever since I was a kid I have thought it would be better to end myself Sooner then later because it will save money for them I don't want to keep living honestly I just want to die without pain because I have already been suffering so much at least one thing that can be painless. I wish I could js die and I don't want to hear people say oh at well get a better because well it might get better for me in future and looking back at this I will be like it wasn't so bad but it is really bad righ now I really don't think I can handle it anymore.",1,0,1753795015.0,mentalhealth,user_3957,False,True,2025-08-01T10:00:27.994890
1mcaic2,What do you do to keep yourself from compulsively confessing?,"CW: Grooming (?)  
  
I tend to confess a lot of things to people of bad things I've done in the past because I feel like I'm being fake to them/ I wanted to be sure they're still ok with me. But this time, It's a bit too much- because of the fact that I've dealt with OCD with the themes of Grooming (more about me being groomed specifically) and said/ questioned some things to myself and random people about it. Unfortunately, I suspected a friend of mine to be doing it to me though I later had it debunked but now I have to urge to confess to him about what I thought and questioned. 

How do you guys keep yourselves from confessing? Especially confessing things that aren't true",1,0,1753793254.0,mentalhealth,user_2694,True,True,2025-08-01T10:00:27.994890
1mc7o9y,"Throw away acc, just need to get things off my chest. But, idk anymore man","The past three or so years of my life, wasted. I'm eighteen, ""just"" graduated highschool. In literally two months I become 19. I have done nothing with my life. I have no accomplishments... If anything I lost more. 

Since this note is only for me, you know what it is I've lost, and keep I just losing. It feels meaningless. It was meaningless. How much did I gain from it? Depression, loss sense of direction, and a shitty knee.   
I had cultivated no long standing relationships, I had never held the hand of the girl of my dreams. I don't think I've left any smarter, if anything my passion for learning is abysmally killed.

 It sucks that I can no longer run until I hurl. That was my only joy. Cardio was so painful, I would sprint instead of cry, but I can't do that anymore. Instead I just sit in limbo. God I wanna fucking run. I wanna feel that damn pain in my side, I wanna have my gut sting so bad I can't breathe. I wanna cry from my self inflicted torture, the only torture I told myself I would put myself through. 

I felt smart, in moments, fleeting memories show me how I may have grasped something of importance. An algorithm, or equation, perhaps even a structural way to create an essay. But it's just that. I only feel smart. Felt smart. They stuff you full of ideas, full of knowledge that makes you delude yourself into making you feel intelligent, but they forget to teach you how to learn. How to think for yourself. Or maybe I just forgot how to think.

My dad told me recently, that to him suicide was the single dumbest, and naïve action to one could make. He said he just never understood it, and how he thought it was dumb. Logically I understand. I'm wrecked. Had everything I contemplated been stupid? Am I stupid? Fuck you. Fuck me. He knows I was suicidal, he knows. Why would he tell me this. Fuck. What the hell am I doing. In the end it doesn't matter.

God are you real. 

 Dammit. I wanna cry, but I don't cause no one fucking cares. My tears, what are they to the child that starves? To the son who lost his mother? To the wife who lost her husband? To the country whos population dies from war?   


Selfishly, and very secretly, I have a desire buried so deep within my heart. Sometimes, I wish something tragic would happen to me. I wish I would lose someone I cared about. I wish that something would happen. I wish I was justified in what I feel, I wish I had a motivation. 

Two people I knew died. 

I'm living but I think I died a long time ago.

  
now to reddit. If you read this im sry. Im sry bro :(

  
tldr: im tired af",1,0,1753784334.0,mentalhealth,user_3958,False,True,2025-08-01T10:00:27.994890
1mc68j0,Any coping strategies?,"I am only 12 years old and I feel so stupid for asking for help on this app rather then going to my family 

I went through a breakup just a month ago and I’ve vented to one of my best friends I could trust but she got scared when I told her about my thoughts of suicide and that my current coping mechanism were cutting my wrist so she told her mother about it and she called the police.

When the police came they talked to my parents about it and they had to take me to a hospital near our house so that’s what they did.

The police said it was a MH-4 which I didn’t know what it was at the time until after which turned out to be a police code to say “this person wants to commit self harm or violence to another”

So there I was at the emergency room but I lied myself out of the hospital which only took a day.

But a month later the thoughts are coming back and with school coming in a few days I might just do it before school starts back up unless I find a way to forget everything about her 

Any way to help me will be gracefully accepted 

",1,0,1753778802.0,mentalhealth,user_3959,False,True,2025-08-01T10:00:29.443331
